DataSeries,period_raw,value,date,is_missing,is_zero,lag_1,pct_change,is_outlier_iqr,lower_bound,upper_bound
Accommodation,1990Jan,4,1990-01-01,False,False,,,False,-6.0,18.0
Accommodation,1990Feb,2,1990-02-01,False,False,4.0,-0.5,False,-6.0,18.0
Accommodation,1990Mar,1,1990-03-01,False,False,2.0,-0.5,False,-6.0,18.0
Accommodation,1990Apr,1,1990-04-01,False,False,1.0,0.0,False,-6.0,18.0
Accommodation,1990May,2,1990-05-01,False,False,1.0,1.0,False,-6.0,18.0
Accommodation,1990Jun,3,1990-06-01,False,False,2.0,0.5,False,-6.0,18.0
Accommodation,1990Jul,0,1990-07-01,False,True,3.0,-1.0,False,-6.0,18.0
Accommodation,1990Aug,2,1990-08-01,False,False,0.0,inf,False,-6.0,18.0
Accommodation,1990Sep,1,1990-09-01,False,False,2.0,-0.5,False,-6.0,18.0
Accommodation,1990Oct,0,1990-10-01,False,True,1.0,-1.0,False,-6.0,18.0
Accommodation,1990Nov,2,1990-11-01,False,False,0.0,inf,False,-6.0,18.0
Accommodation,1990Dec,3,1990-12-01,False,False,2.0,0.5,False,-6.0,18.0
Accommodation,1991Jan,0,1991-01-01,False,True,3.0,-1.0,False,-6.0,18.0
Accommodation,1991Feb,0,1991-02-01,False,True,0.0,,False,-6.0,18.0
Accommodation,1991Mar,1,1991-03-01,False,False,0.0,inf,False,-6.0,18.0
Accommodation,1991Apr,1,1991-04-01,False,False,1.0,0.0,False,-6.0,18.0
Accommodation,1991May,4,1991-05-01,False,False,1.0,3.0,False,-6.0,18.0
Accommodation,1991Jun,1,1991-06-01,False,False,4.0,-0.75,False,-6.0,18.0
Accommodation,1991Jul,2,1991-07-01,False,False,1.0,1.0,False,-6.0,18.0
Accommodation,1991Aug,1,1991-08-01,False,False,2.0,-0.5,False,-6.0,18.0
Accommodation,1991Sep,3,1991-09-01,False,False,1.0,2.0,False,-6.0,18.0
Accommodation,1991Oct,2,1991-10-01,False,False,3.0,-0.33333333333333337,False,-6.0,18.0
Accommodation,1991Nov,3,1991-11-01,False,False,2.0,0.5,False,-6.0,18.0
Accommodation,1991Dec,0,1991-12-01,False,True,3.0,-1.0,False,-6.0,18.0
Accommodation,1992Jan,1,1992-01-01,False,False,0.0,inf,False,-6.0,18.0
Accommodation,1992Feb,0,1992-02-01,False,True,1.0,-1.0,False,-6.0,18.0
Accommodation,1992Mar,7,1992-03-01,False,False,0.0,inf,False,-6.0,18.0
Accommodation,1992Apr,2,1992-04-01,False,False,7.0,-0.7142857142857143,False,-6.0,18.0
Accommodation,1992May,2,1992-05-01,False,False,2.0,0.0,False,-6.0,18.0
Accommodation,1992Jun,1,1992-06-01,False,False,2.0,-0.5,False,-6.0,18.0
Accommodation,1992Jul,7,1992-07-01,False,False,1.0,6.0,False,-6.0,18.0
Accommodation,1992Aug,3,1992-08-01,False,False,7.0,-0.5714285714285714,False,-6.0,18.0
Accommodation,1992Sep,1,1992-09-01,False,False,3.0,-0.6666666666666667,False,-6.0,18.0
Accommodation,1992Oct,1,1992-10-01,False,False,1.0,0.0,False,-6.0,18.0
Accommodation,1992Nov,4,1992-11-01,False,False,1.0,3.0,False,-6.0,18.0
Accommodation,1992Dec,0,1992-12-01,False,True,4.0,-1.0,False,-6.0,18.0
Accommodation,1993Jan,3,1993-01-01,False,False,0.0,inf,False,-6.0,18.0
Accommodation,1993Feb,3,1993-02-01,False,False,3.0,0.0,False,-6.0,18.0
Accommodation,1993Mar,4,1993-03-01,False,False,3.0,0.33333333333333326,False,-6.0,18.0
Accommodation,1993Apr,0,1993-04-01,False,True,4.0,-1.0,False,-6.0,18.0
Accommodation,1993May,5,1993-05-01,False,False,0.0,inf,False,-6.0,18.0
Accommodation,1993Jun,2,1993-06-01,False,False,5.0,-0.6,False,-6.0,18.0
Accommodation,1993Jul,3,1993-07-01,False,False,2.0,0.5,False,-6.0,18.0
Accommodation,1993Aug,2,1993-08-01,False,False,3.0,-0.33333333333333337,False,-6.0,18.0
Accommodation,1993Sep,4,1993-09-01,False,False,2.0,1.0,False,-6.0,18.0
Accommodation,1993Oct,1,1993-10-01,False,False,4.0,-0.75,False,-6.0,18.0
Accommodation,1993Nov,5,1993-11-01,False,False,1.0,4.0,False,-6.0,18.0
Accommodation,1993Dec,4,1993-12-01,False,False,5.0,-0.19999999999999996,False,-6.0,18.0
Accommodation,1994Jan,3,1994-01-01,False,False,4.0,-0.25,False,-6.0,18.0
Accommodation,1994Feb,0,1994-02-01,False,True,3.0,-1.0,False,-6.0,18.0
Accommodation,1994Mar,4,1994-03-01,False,False,0.0,inf,False,-6.0,18.0
Accommodation,1994Apr,2,1994-04-01,False,False,4.0,-0.5,False,-6.0,18.0
Accommodation,1994May,7,1994-05-01,False,False,2.0,2.5,False,-6.0,18.0
Accommodation,1994Jun,2,1994-06-01,False,False,7.0,-0.7142857142857143,False,-6.0,18.0
Accommodation,1994Jul,2,1994-07-01,False,False,2.0,0.0,False,-6.0,18.0
Accommodation,1994Aug,3,1994-08-01,False,False,2.0,0.5,False,-6.0,18.0
Accommodation,1994Sep,9,1994-09-01,False,False,3.0,2.0,False,-6.0,18.0
Accommodation,1994Oct,3,1994-10-01,False,False,9.0,-0.6666666666666667,False,-6.0,18.0
Accommodation,1994Nov,3,1994-11-01,False,False,3.0,0.0,False,-6.0,18.0
Accommodation,1994Dec,3,1994-12-01,False,False,3.0,0.0,False,-6.0,18.0
Accommodation,1995Jan,2,1995-01-01,False,False,3.0,-0.33333333333333337,False,-6.0,18.0
Accommodation,1995Feb,0,1995-02-01,False,True,2.0,-1.0,False,-6.0,18.0
Accommodation,1995Mar,8,1995-03-01,False,False,0.0,inf,False,-6.0,18.0
Accommodation,1995Apr,4,1995-04-01,False,False,8.0,-0.5,False,-6.0,18.0
Accommodation,1995May,1,1995-05-01,False,False,4.0,-0.75,False,-6.0,18.0
Accommodation,1995Jun,1,1995-06-01,False,False,1.0,0.0,False,-6.0,18.0
Accommodation,1995Jul,5,1995-07-01,False,False,1.0,4.0,False,-6.0,18.0
Accommodation,1995Aug,6,1995-08-01,False,False,5.0,0.19999999999999996,False,-6.0,18.0
Accommodation,1995Sep,6,1995-09-01,False,False,6.0,0.0,False,-6.0,18.0
Accommodation,1995Oct,6,1995-10-01,False,False,6.0,0.0,False,-6.0,18.0
Accommodation,1995Nov,3,1995-11-01,False,False,6.0,-0.5,False,-6.0,18.0
Accommodation,1995Dec,1,1995-12-01,False,False,3.0,-0.6666666666666667,False,-6.0,18.0
Accommodation,1996Jan,6,1996-01-01,False,False,1.0,5.0,False,-6.0,18.0
Accommodation,1996Feb,4,1996-02-01,False,False,6.0,-0.33333333333333337,False,-6.0,18.0
Accommodation,1996Mar,1,1996-03-01,False,False,4.0,-0.75,False,-6.0,18.0
Accommodation,1996Apr,2,1996-04-01,False,False,1.0,1.0,False,-6.0,18.0
Accommodation,1996May,4,1996-05-01,False,False,2.0,1.0,False,-6.0,18.0
Accommodation,1996Jun,11,1996-06-01,False,False,4.0,1.75,False,-6.0,18.0
Accommodation,1996Jul,8,1996-07-01,False,False,11.0,-0.2727272727272727,False,-6.0,18.0
Accommodation,1996Aug,3,1996-08-01,False,False,8.0,-0.625,False,-6.0,18.0
Accommodation,1996Sep,3,1996-09-01,False,False,3.0,0.0,False,-6.0,18.0
Accommodation,1996Oct,4,1996-10-01,False,False,3.0,0.33333333333333326,False,-6.0,18.0
Accommodation,1996Nov,9,1996-11-01,False,False,4.0,1.25,False,-6.0,18.0
Accommodation,1996Dec,6,1996-12-01,False,False,9.0,-0.33333333333333337,False,-6.0,18.0
Accommodation,1997Jan,4,1997-01-01,False,False,6.0,-0.33333333333333337,False,-6.0,18.0
Accommodation,1997Feb,6,1997-02-01,False,False,4.0,0.5,False,-6.0,18.0
Accommodation,1997Mar,2,1997-03-01,False,False,6.0,-0.6666666666666667,False,-6.0,18.0
Accommodation,1997Apr,9,1997-04-01,False,False,2.0,3.5,False,-6.0,18.0
Accommodation,1997May,3,1997-05-01,False,False,9.0,-0.6666666666666667,False,-6.0,18.0
Accommodation,1997Jun,1,1997-06-01,False,False,3.0,-0.6666666666666667,False,-6.0,18.0
Accommodation,1997Jul,5,1997-07-01,False,False,1.0,4.0,False,-6.0,18.0
Accommodation,1997Aug,3,1997-08-01,False,False,5.0,-0.4,False,-6.0,18.0
Accommodation,1997Sep,2,1997-09-01,False,False,3.0,-0.33333333333333337,False,-6.0,18.0
Accommodation,1997Oct,6,1997-10-01,False,False,2.0,2.0,False,-6.0,18.0
Accommodation,1997Nov,8,1997-11-01,False,False,6.0,0.33333333333333326,False,-6.0,18.0
Accommodation,1997Dec,4,1997-12-01,False,False,8.0,-0.5,False,-6.0,18.0
Accommodation,1998Jan,5,1998-01-01,False,False,4.0,0.25,False,-6.0,18.0
Accommodation,1998Feb,5,1998-02-01,False,False,5.0,0.0,False,-6.0,18.0
Accommodation,1998Mar,3,1998-03-01,False,False,5.0,-0.4,False,-6.0,18.0
Accommodation,1998Apr,4,1998-04-01,False,False,3.0,0.33333333333333326,False,-6.0,18.0
Accommodation,1998May,3,1998-05-01,False,False,4.0,-0.25,False,-6.0,18.0
Accommodation,1998Jun,5,1998-06-01,False,False,3.0,0.6666666666666667,False,-6.0,18.0
Accommodation,1998Jul,3,1998-07-01,False,False,5.0,-0.4,False,-6.0,18.0
Accommodation,1998Aug,3,1998-08-01,False,False,3.0,0.0,False,-6.0,18.0
Accommodation,1998Sep,1,1998-09-01,False,False,3.0,-0.6666666666666667,False,-6.0,18.0
Accommodation,1998Oct,4,1998-10-01,False,False,1.0,3.0,False,-6.0,18.0
Accommodation,1998Nov,0,1998-11-01,False,True,4.0,-1.0,False,-6.0,18.0
Accommodation,1998Dec,2,1998-12-01,False,False,0.0,inf,False,-6.0,18.0
Accommodation,1999Jan,3,1999-01-01,False,False,2.0,0.5,False,-6.0,18.0
Accommodation,1999Feb,3,1999-02-01,False,False,3.0,0.0,False,-6.0,18.0
Accommodation,1999Mar,0,1999-03-01,False,True,3.0,-1.0,False,-6.0,18.0
Accommodation,1999Apr,1,1999-04-01,False,False,0.0,inf,False,-6.0,18.0
Accommodation,1999May,2,1999-05-01,False,False,1.0,1.0,False,-6.0,18.0
Accommodation,1999Jun,3,1999-06-01,False,False,2.0,0.5,False,-6.0,18.0
Accommodation,1999Jul,5,1999-07-01,False,False,3.0,0.6666666666666667,False,-6.0,18.0
Accommodation,1999Aug,2,1999-08-01,False,False,5.0,-0.6,False,-6.0,18.0
Accommodation,1999Sep,2,1999-09-01,False,False,2.0,0.0,False,-6.0,18.0
Accommodation,1999Oct,2,1999-10-01,False,False,2.0,0.0,False,-6.0,18.0
Accommodation,1999Nov,6,1999-11-01,False,False,2.0,2.0,False,-6.0,18.0
Accommodation,1999Dec,3,1999-12-01,False,False,6.0,-0.5,False,-6.0,18.0
Accommodation,2000Jan,4,2000-01-01,False,False,3.0,0.33333333333333326,False,-6.0,18.0
Accommodation,2000Feb,3,2000-02-01,False,False,4.0,-0.25,False,-6.0,18.0
Accommodation,2000Mar,7,2000-03-01,False,False,3.0,1.3333333333333335,False,-6.0,18.0
Accommodation,2000Apr,9,2000-04-01,False,False,7.0,0.2857142857142858,False,-6.0,18.0
Accommodation,2000May,15,2000-05-01,False,False,9.0,0.6666666666666667,False,-6.0,18.0
Accommodation,2000Jun,6,2000-06-01,False,False,15.0,-0.6,False,-6.0,18.0
Accommodation,2000Jul,4,2000-07-01,False,False,6.0,-0.33333333333333337,False,-6.0,18.0
Accommodation,2000Aug,5,2000-08-01,False,False,4.0,0.25,False,-6.0,18.0
Accommodation,2000Sep,2,2000-09-01,False,False,5.0,-0.6,False,-6.0,18.0
Accommodation,2000Oct,1,2000-10-01,False,False,2.0,-0.5,False,-6.0,18.0
Accommodation,2000Nov,3,2000-11-01,False,False,1.0,2.0,False,-6.0,18.0
Accommodation,2000Dec,5,2000-12-01,False,False,3.0,0.6666666666666667,False,-6.0,18.0
Accommodation,2001Jan,4,2001-01-01,False,False,5.0,-0.19999999999999996,False,-6.0,18.0
Accommodation,2001Feb,2,2001-02-01,False,False,4.0,-0.5,False,-6.0,18.0
Accommodation,2001Mar,3,2001-03-01,False,False,2.0,0.5,False,-6.0,18.0
Accommodation,2001Apr,3,2001-04-01,False,False,3.0,0.0,False,-6.0,18.0
Accommodation,2001May,1,2001-05-01,False,False,3.0,-0.6666666666666667,False,-6.0,18.0
Accommodation,2001Jun,5,2001-06-01,False,False,1.0,4.0,False,-6.0,18.0
Accommodation,2001Jul,1,2001-07-01,False,False,5.0,-0.8,False,-6.0,18.0
Accommodation,2001Aug,4,2001-08-01,False,False,1.0,3.0,False,-6.0,18.0
Accommodation,2001Sep,4,2001-09-01,False,False,4.0,0.0,False,-6.0,18.0
Accommodation,2001Oct,3,2001-10-01,False,False,4.0,-0.25,False,-6.0,18.0
Accommodation,2001Nov,0,2001-11-01,False,True,3.0,-1.0,False,-6.0,18.0
Accommodation,2001Dec,4,2001-12-01,False,False,0.0,inf,False,-6.0,18.0
Accommodation,2002Jan,4,2002-01-01,False,False,4.0,0.0,False,-6.0,18.0
Accommodation,2002Feb,4,2002-02-01,False,False,4.0,0.0,False,-6.0,18.0
Accommodation,2002Mar,5,2002-03-01,False,False,4.0,0.25,False,-6.0,18.0
Accommodation,2002Apr,2,2002-04-01,False,False,5.0,-0.6,False,-6.0,18.0
Accommodation,2002May,7,2002-05-01,False,False,2.0,2.5,False,-6.0,18.0
Accommodation,2002Jun,3,2002-06-01,False,False,7.0,-0.5714285714285714,False,-6.0,18.0
Accommodation,2002Jul,2,2002-07-01,False,False,3.0,-0.33333333333333337,False,-6.0,18.0
Accommodation,2002Aug,3,2002-08-01,False,False,2.0,0.5,False,-6.0,18.0
Accommodation,2002Sep,5,2002-09-01,False,False,3.0,0.6666666666666667,False,-6.0,18.0
Accommodation,2002Oct,7,2002-10-01,False,False,5.0,0.3999999999999999,False,-6.0,18.0
Accommodation,2002Nov,5,2002-11-01,False,False,7.0,-0.2857142857142857,False,-6.0,18.0
Accommodation,2002Dec,5,2002-12-01,False,False,5.0,0.0,False,-6.0,18.0
Accommodation,2003Jan,4,2003-01-01,False,False,5.0,-0.19999999999999996,False,-6.0,18.0
Accommodation,2003Feb,2,2003-02-01,False,False,4.0,-0.5,False,-6.0,18.0
Accommodation,2003Mar,3,2003-03-01,False,False,2.0,0.5,False,-6.0,18.0
Accommodation,2003Apr,6,2003-04-01,False,False,3.0,1.0,False,-6.0,18.0
Accommodation,2003May,4,2003-05-01,False,False,6.0,-0.33333333333333337,False,-6.0,18.0
Accommodation,2003Jun,1,2003-06-01,False,False,4.0,-0.75,False,-6.0,18.0
Accommodation,2003Jul,6,2003-07-01,False,False,1.0,5.0,False,-6.0,18.0
Accommodation,2003Aug,6,2003-08-01,False,False,6.0,0.0,False,-6.0,18.0
Accommodation,2003Sep,11,2003-09-01,False,False,6.0,0.8333333333333333,False,-6.0,18.0
Accommodation,2003Oct,2,2003-10-01,False,False,11.0,-0.8181818181818181,False,-6.0,18.0
Accommodation,2003Nov,4,2003-11-01,False,False,2.0,1.0,False,-6.0,18.0
Accommodation,2003Dec,3,2003-12-01,False,False,4.0,-0.25,False,-6.0,18.0
Accommodation,2004Jan,1,2004-01-01,False,False,3.0,-0.6666666666666667,False,-6.0,18.0
Accommodation,2004Feb,8,2004-02-01,False,False,1.0,7.0,False,-6.0,18.0
Accommodation,2004Mar,6,2004-03-01,False,False,8.0,-0.25,False,-6.0,18.0
Accommodation,2004Apr,1,2004-04-01,False,False,6.0,-0.8333333333333334,False,-6.0,18.0
Accommodation,2004May,10,2004-05-01,False,False,1.0,9.0,False,-6.0,18.0
Accommodation,2004Jun,7,2004-06-01,False,False,10.0,-0.30000000000000004,False,-6.0,18.0
Accommodation,2004Jul,3,2004-07-01,False,False,7.0,-0.5714285714285714,False,-6.0,18.0
Accommodation,2004Aug,10,2004-08-01,False,False,3.0,2.3333333333333335,False,-6.0,18.0
Accommodation,2004Sep,15,2004-09-01,False,False,10.0,0.5,False,-6.0,18.0
Accommodation,2004Oct,7,2004-10-01,False,False,15.0,-0.5333333333333333,False,-6.0,18.0
Accommodation,2004Nov,7,2004-11-01,False,False,7.0,0.0,False,-6.0,18.0
Accommodation,2004Dec,9,2004-12-01,False,False,7.0,0.2857142857142858,False,-6.0,18.0
Accommodation,2005Jan,3,2005-01-01,False,False,9.0,-0.6666666666666667,False,-6.0,18.0
Accommodation,2005Feb,3,2005-02-01,False,False,3.0,0.0,False,-6.0,18.0
Accommodation,2005Mar,4,2005-03-01,False,False,3.0,0.33333333333333326,False,-6.0,18.0
Accommodation,2005Apr,5,2005-04-01,False,False,4.0,0.25,False,-6.0,18.0
Accommodation,2005May,3,2005-05-01,False,False,5.0,-0.4,False,-6.0,18.0
Accommodation,2005Jun,6,2005-06-01,False,False,3.0,1.0,False,-6.0,18.0
Accommodation,2005Jul,3,2005-07-01,False,False,6.0,-0.5,False,-6.0,18.0
Accommodation,2005Aug,7,2005-08-01,False,False,3.0,1.3333333333333335,False,-6.0,18.0
Accommodation,2005Sep,7,2005-09-01,False,False,7.0,0.0,False,-6.0,18.0
Accommodation,2005Oct,3,2005-10-01,False,False,7.0,-0.5714285714285714,False,-6.0,18.0
Accommodation,2005Nov,3,2005-11-01,False,False,3.0,0.0,False,-6.0,18.0
Accommodation,2005Dec,8,2005-12-01,False,False,3.0,1.6666666666666665,False,-6.0,18.0
Accommodation,2006Jan,5,2006-01-01,False,False,8.0,-0.375,False,-6.0,18.0
Accommodation,2006Feb,5,2006-02-01,False,False,5.0,0.0,False,-6.0,18.0
Accommodation,2006Mar,13,2006-03-01,False,False,5.0,1.6,False,-6.0,18.0
Accommodation,2006Apr,7,2006-04-01,False,False,13.0,-0.46153846153846156,False,-6.0,18.0
Accommodation,2006May,3,2006-05-01,False,False,7.0,-0.5714285714285714,False,-6.0,18.0
Accommodation,2006Jun,11,2006-06-01,False,False,3.0,2.6666666666666665,False,-6.0,18.0
Accommodation,2006Jul,10,2006-07-01,False,False,11.0,-0.09090909090909094,False,-6.0,18.0
Accommodation,2006Aug,3,2006-08-01,False,False,10.0,-0.7,False,-6.0,18.0
Accommodation,2006Sep,6,2006-09-01,False,False,3.0,1.0,False,-6.0,18.0
Accommodation,2006Oct,6,2006-10-01,False,False,6.0,0.0,False,-6.0,18.0
Accommodation,2006Nov,7,2006-11-01,False,False,6.0,0.16666666666666674,False,-6.0,18.0
Accommodation,2006Dec,3,2006-12-01,False,False,7.0,-0.5714285714285714,False,-6.0,18.0
Accommodation,2007Jan,6,2007-01-01,False,False,3.0,1.0,False,-6.0,18.0
Accommodation,2007Feb,3,2007-02-01,False,False,6.0,-0.5,False,-6.0,18.0
Accommodation,2007Mar,9,2007-03-01,False,False,3.0,2.0,False,-6.0,18.0
Accommodation,2007Apr,13,2007-04-01,False,False,9.0,0.4444444444444444,False,-6.0,18.0
Accommodation,2007May,11,2007-05-01,False,False,13.0,-0.15384615384615385,False,-6.0,18.0
Accommodation,2007Jun,6,2007-06-01,False,False,11.0,-0.4545454545454546,False,-6.0,18.0
Accommodation,2007Jul,15,2007-07-01,False,False,6.0,1.5,False,-6.0,18.0
Accommodation,2007Aug,10,2007-08-01,False,False,15.0,-0.33333333333333337,False,-6.0,18.0
Accommodation,2007Sep,12,2007-09-01,False,False,10.0,0.19999999999999996,False,-6.0,18.0
Accommodation,2007Oct,9,2007-10-01,False,False,12.0,-0.25,False,-6.0,18.0
Accommodation,2007Nov,11,2007-11-01,False,False,9.0,0.22222222222222232,False,-6.0,18.0
Accommodation,2007Dec,4,2007-12-01,False,False,11.0,-0.6363636363636364,False,-6.0,18.0
Accommodation,2008Jan,9,2008-01-01,False,False,4.0,1.25,False,-6.0,18.0
Accommodation,2008Feb,12,2008-02-01,False,False,9.0,0.33333333333333326,False,-6.0,18.0
Accommodation,2008Mar,25,2008-03-01,False,False,12.0,1.0833333333333335,True,-6.0,18.0
Accommodation,2008Apr,17,2008-04-01,False,False,25.0,-0.31999999999999995,False,-6.0,18.0
Accommodation,2008May,18,2008-05-01,False,False,17.0,0.05882352941176472,False,-6.0,18.0
Accommodation,2008Jun,12,2008-06-01,False,False,18.0,-0.33333333333333337,False,-6.0,18.0
Accommodation,2008Jul,20,2008-07-01,False,False,12.0,0.6666666666666667,True,-6.0,18.0
Accommodation,2008Aug,9,2008-08-01,False,False,20.0,-0.55,False,-6.0,18.0
Accommodation,2008Sep,11,2008-09-01,False,False,9.0,0.22222222222222232,False,-6.0,18.0
Accommodation,2008Oct,16,2008-10-01,False,False,11.0,0.4545454545454546,False,-6.0,18.0
Accommodation,2008Nov,7,2008-11-01,False,False,16.0,-0.5625,False,-6.0,18.0
Accommodation,2008Dec,11,2008-12-01,False,False,7.0,0.5714285714285714,False,-6.0,18.0
Accommodation,2009Jan,12,2009-01-01,False,False,11.0,0.09090909090909083,False,-6.0,18.0
Accommodation,2009Feb,15,2009-02-01,False,False,12.0,0.25,False,-6.0,18.0
Accommodation,2009Mar,9,2009-03-01,False,False,15.0,-0.4,False,-6.0,18.0
Accommodation,2009Apr,11,2009-04-01,False,False,9.0,0.22222222222222232,False,-6.0,18.0
Accommodation,2009May,3,2009-05-01,False,False,11.0,-0.7272727272727273,False,-6.0,18.0
Accommodation,2009Jun,11,2009-06-01,False,False,3.0,2.6666666666666665,False,-6.0,18.0
Accommodation,2009Jul,7,2009-07-01,False,False,11.0,-0.36363636363636365,False,-6.0,18.0
Accommodation,2009Aug,13,2009-08-01,False,False,7.0,0.8571428571428572,False,-6.0,18.0
Accommodation,2009Sep,5,2009-09-01,False,False,13.0,-0.6153846153846154,False,-6.0,18.0
Accommodation,2009Oct,7,2009-10-01,False,False,5.0,0.3999999999999999,False,-6.0,18.0
Accommodation,2009Nov,5,2009-11-01,False,False,7.0,-0.2857142857142857,False,-6.0,18.0
Accommodation,2009Dec,4,2009-12-01,False,False,5.0,-0.19999999999999996,False,-6.0,18.0
Accommodation,2010Jan,9,2010-01-01,False,False,4.0,1.25,False,-6.0,18.0
Accommodation,2010Feb,7,2010-02-01,False,False,9.0,-0.2222222222222222,False,-6.0,18.0
Accommodation,2010Mar,10,2010-03-01,False,False,7.0,0.4285714285714286,False,-6.0,18.0
Accommodation,2010Apr,6,2010-04-01,False,False,10.0,-0.4,False,-6.0,18.0
Accommodation,2010May,10,2010-05-01,False,False,6.0,0.6666666666666667,False,-6.0,18.0
Accommodation,2010Jun,12,2010-06-01,False,False,10.0,0.19999999999999996,False,-6.0,18.0
Accommodation,2010Jul,11,2010-07-01,False,False,12.0,-0.08333333333333337,False,-6.0,18.0
Accommodation,2010Aug,3,2010-08-01,False,False,11.0,-0.7272727272727273,False,-6.0,18.0
Accommodation,2010Sep,11,2010-09-01,False,False,3.0,2.6666666666666665,False,-6.0,18.0
Accommodation,2010Oct,9,2010-10-01,False,False,11.0,-0.18181818181818177,False,-6.0,18.0
Accommodation,2010Nov,7,2010-11-01,False,False,9.0,-0.2222222222222222,False,-6.0,18.0
Accommodation,2010Dec,8,2010-12-01,False,False,7.0,0.1428571428571428,False,-6.0,18.0
Accommodation,2011Jan,10,2011-01-01,False,False,8.0,0.25,False,-6.0,18.0
Accommodation,2011Feb,7,2011-02-01,False,False,10.0,-0.30000000000000004,False,-6.0,18.0
Accommodation,2011Mar,9,2011-03-01,False,False,7.0,0.2857142857142858,False,-6.0,18.0
Accommodation,2011Apr,14,2011-04-01,False,False,9.0,0.5555555555555556,False,-6.0,18.0
Accommodation,2011May,15,2011-05-01,False,False,14.0,0.0714285714285714,False,-6.0,18.0
Accommodation,2011Jun,8,2011-06-01,False,False,15.0,-0.4666666666666667,False,-6.0,18.0
Accommodation,2011Jul,10,2011-07-01,False,False,8.0,0.25,False,-6.0,18.0
Accommodation,2011Aug,4,2011-08-01,False,False,10.0,-0.6,False,-6.0,18.0
Accommodation,2011Sep,15,2011-09-01,False,False,4.0,2.75,False,-6.0,18.0
Accommodation,2011Oct,9,2011-10-01,False,False,15.0,-0.4,False,-6.0,18.0
Accommodation,2011Nov,9,2011-11-01,False,False,9.0,0.0,False,-6.0,18.0
Accommodation,2011Dec,5,2011-12-01,False,False,9.0,-0.4444444444444444,False,-6.0,18.0
Accommodation,2012Jan,5,2012-01-01,False,False,5.0,0.0,False,-6.0,18.0
Accommodation,2012Feb,8,2012-02-01,False,False,5.0,0.6000000000000001,False,-6.0,18.0
Accommodation,2012Mar,9,2012-03-01,False,False,8.0,0.125,False,-6.0,18.0
Accommodation,2012Apr,15,2012-04-01,False,False,9.0,0.6666666666666667,False,-6.0,18.0
Accommodation,2012May,18,2012-05-01,False,False,15.0,0.19999999999999996,False,-6.0,18.0
Accommodation,2012Jun,9,2012-06-01,False,False,18.0,-0.5,False,-6.0,18.0
Accommodation,2012Jul,13,2012-07-01,False,False,9.0,0.4444444444444444,False,-6.0,18.0
Accommodation,2012Aug,12,2012-08-01,False,False,13.0,-0.07692307692307687,False,-6.0,18.0
Accommodation,2012Sep,7,2012-09-01,False,False,12.0,-0.41666666666666663,False,-6.0,18.0
Accommodation,2012Oct,14,2012-10-01,False,False,7.0,1.0,False,-6.0,18.0
Accommodation,2012Nov,9,2012-11-01,False,False,14.0,-0.3571428571428571,False,-6.0,18.0
Accommodation,2012Dec,11,2012-12-01,False,False,9.0,0.22222222222222232,False,-6.0,18.0
Accommodation,2013Jan,16,2013-01-01,False,False,11.0,0.4545454545454546,False,-6.0,18.0
Accommodation,2013Feb,4,2013-02-01,False,False,16.0,-0.75,False,-6.0,18.0
Accommodation,2013Mar,14,2013-03-01,False,False,4.0,2.5,False,-6.0,18.0
Accommodation,2013Apr,15,2013-04-01,False,False,14.0,0.0714285714285714,False,-6.0,18.0
Accommodation,2013May,8,2013-05-01,False,False,15.0,-0.4666666666666667,False,-6.0,18.0
Accommodation,2013Jun,14,2013-06-01,False,False,8.0,0.75,False,-6.0,18.0
Accommodation,2013Jul,11,2013-07-01,False,False,14.0,-0.2142857142857143,False,-6.0,18.0
Accommodation,2013Aug,6,2013-08-01,False,False,11.0,-0.4545454545454546,False,-6.0,18.0
Accommodation,2013Sep,9,2013-09-01,False,False,6.0,0.5,False,-6.0,18.0
Accommodation,2013Oct,8,2013-10-01,False,False,9.0,-0.11111111111111116,False,-6.0,18.0
Accommodation,2013Nov,10,2013-11-01,False,False,8.0,0.25,False,-6.0,18.0
Accommodation,2013Dec,5,2013-12-01,False,False,10.0,-0.5,False,-6.0,18.0
Accommodation,2014Jan,11,2014-01-01,False,False,5.0,1.2000000000000002,False,-6.0,18.0
Accommodation,2014Feb,8,2014-02-01,False,False,11.0,-0.2727272727272727,False,-6.0,18.0
Accommodation,2014Mar,10,2014-03-01,False,False,8.0,0.25,False,-6.0,18.0
Accommodation,2014Apr,7,2014-04-01,False,False,10.0,-0.30000000000000004,False,-6.0,18.0
Accommodation,2014May,7,2014-05-01,False,False,7.0,0.0,False,-6.0,18.0
Accommodation,2014Jun,7,2014-06-01,False,False,7.0,0.0,False,-6.0,18.0
Accommodation,2014Jul,11,2014-07-01,False,False,7.0,0.5714285714285714,False,-6.0,18.0
Accommodation,2014Aug,2,2014-08-01,False,False,11.0,-0.8181818181818181,False,-6.0,18.0
Accommodation,2014Sep,7,2014-09-01,False,False,2.0,2.5,False,-6.0,18.0
Accommodation,2014Oct,8,2014-10-01,False,False,7.0,0.1428571428571428,False,-6.0,18.0
Accommodation,2014Nov,9,2014-11-01,False,False,8.0,0.125,False,-6.0,18.0
Accommodation,2014Dec,4,2014-12-01,False,False,9.0,-0.5555555555555556,False,-6.0,18.0
Accommodation,2015Jan,4,2015-01-01,False,False,4.0,0.0,False,-6.0,18.0
Accommodation,2015Feb,7,2015-02-01,False,False,4.0,0.75,False,-6.0,18.0
Accommodation,2015Mar,7,2015-03-01,False,False,7.0,0.0,False,-6.0,18.0
Accommodation,2015Apr,11,2015-04-01,False,False,7.0,0.5714285714285714,False,-6.0,18.0
Accommodation,2015May,10,2015-05-01,False,False,11.0,-0.09090909090909094,False,-6.0,18.0
Accommodation,2015Jun,7,2015-06-01,False,False,10.0,-0.30000000000000004,False,-6.0,18.0
Accommodation,2015Jul,8,2015-07-01,False,False,7.0,0.1428571428571428,False,-6.0,18.0
Accommodation,2015Aug,6,2015-08-01,False,False,8.0,-0.25,False,-6.0,18.0
Accommodation,2015Sep,9,2015-09-01,False,False,6.0,0.5,False,-6.0,18.0
Accommodation,2015Oct,10,2015-10-01,False,False,9.0,0.11111111111111116,False,-6.0,18.0
Accommodation,2015Nov,5,2015-11-01,False,False,10.0,-0.5,False,-6.0,18.0
Accommodation,2015Dec,7,2015-12-01,False,False,5.0,0.3999999999999999,False,-6.0,18.0
Accommodation,2016Jan,3,2016-01-01,False,False,7.0,-0.5714285714285714,False,-6.0,18.0
Accommodation,2016Feb,4,2016-02-01,False,False,3.0,0.33333333333333326,False,-6.0,18.0
Accommodation,2016Mar,10,2016-03-01,False,False,4.0,1.5,False,-6.0,18.0
Accommodation,2016Apr,12,2016-04-01,False,False,10.0,0.19999999999999996,False,-6.0,18.0
Accommodation,2016May,4,2016-05-01,False,False,12.0,-0.6666666666666667,False,-6.0,18.0
Accommodation,2016Jun,6,2016-06-01,False,False,4.0,0.5,False,-6.0,18.0
Accommodation,2016Jul,3,2016-07-01,False,False,6.0,-0.5,False,-6.0,18.0
Accommodation,2016Aug,7,2016-08-01,False,False,3.0,1.3333333333333335,False,-6.0,18.0
Accommodation,2016Sep,5,2016-09-01,False,False,7.0,-0.2857142857142857,False,-6.0,18.0
Accommodation,2016Oct,9,2016-10-01,False,False,5.0,0.8,False,-6.0,18.0
Accommodation,2016Nov,13,2016-11-01,False,False,9.0,0.4444444444444444,False,-6.0,18.0
Accommodation,2016Dec,7,2016-12-01,False,False,13.0,-0.46153846153846156,False,-6.0,18.0
Accommodation,2017Jan,7,2017-01-01,False,False,7.0,0.0,False,-6.0,18.0
Accommodation,2017Feb,6,2017-02-01,False,False,7.0,-0.1428571428571429,False,-6.0,18.0
Accommodation,2017Mar,11,2017-03-01,False,False,6.0,0.8333333333333333,False,-6.0,18.0
Accommodation,2017Apr,10,2017-04-01,False,False,11.0,-0.09090909090909094,False,-6.0,18.0
Accommodation,2017May,10,2017-05-01,False,False,10.0,0.0,False,-6.0,18.0
Accommodation,2017Jun,7,2017-06-01,False,False,10.0,-0.30000000000000004,False,-6.0,18.0
Accommodation,2017Jul,8,2017-07-01,False,False,7.0,0.1428571428571428,False,-6.0,18.0
Accommodation,2017Aug,7,2017-08-01,False,False,8.0,-0.125,False,-6.0,18.0
Accommodation,2017Sep,5,2017-09-01,False,False,7.0,-0.2857142857142857,False,-6.0,18.0
Accommodation,2017Oct,7,2017-10-01,False,False,5.0,0.3999999999999999,False,-6.0,18.0
Accommodation,2017Nov,6,2017-11-01,False,False,7.0,-0.1428571428571429,False,-6.0,18.0
Accommodation,2017Dec,11,2017-12-01,False,False,6.0,0.8333333333333333,False,-6.0,18.0
Accommodation,2018Jan,5,2018-01-01,False,False,11.0,-0.5454545454545454,False,-6.0,18.0
Accommodation,2018Feb,5,2018-02-01,False,False,5.0,0.0,False,-6.0,18.0
Accommodation,2018Mar,8,2018-03-01,False,False,5.0,0.6000000000000001,False,-6.0,18.0
Accommodation,2018Apr,10,2018-04-01,False,False,8.0,0.25,False,-6.0,18.0
Accommodation,2018May,7,2018-05-01,False,False,10.0,-0.30000000000000004,False,-6.0,18.0
Accommodation,2018Jun,10,2018-06-01,False,False,7.0,0.4285714285714286,False,-6.0,18.0
Accommodation,2018Jul,8,2018-07-01,False,False,10.0,-0.19999999999999996,False,-6.0,18.0
Accommodation,2018Aug,9,2018-08-01,False,False,8.0,0.125,False,-6.0,18.0
Accommodation,2018Sep,9,2018-09-01,False,False,9.0,0.0,False,-6.0,18.0
Accommodation,2018Oct,11,2018-10-01,False,False,9.0,0.22222222222222232,False,-6.0,18.0
Accommodation,2018Nov,6,2018-11-01,False,False,11.0,-0.4545454545454546,False,-6.0,18.0
Accommodation,2018Dec,15,2018-12-01,False,False,6.0,1.5,False,-6.0,18.0
Accommodation,2019Jan,8,2019-01-01,False,False,15.0,-0.4666666666666667,False,-6.0,18.0
Accommodation,2019Feb,11,2019-02-01,False,False,8.0,0.375,False,-6.0,18.0
Accommodation,2019Mar,13,2019-03-01,False,False,11.0,0.18181818181818188,False,-6.0,18.0
Accommodation,2019Apr,10,2019-04-01,False,False,13.0,-0.23076923076923073,False,-6.0,18.0
Accommodation,2019May,12,2019-05-01,False,False,10.0,0.19999999999999996,False,-6.0,18.0
Accommodation,2019Jun,7,2019-06-01,False,False,12.0,-0.41666666666666663,False,-6.0,18.0
Accommodation,2019Jul,6,2019-07-01,False,False,7.0,-0.1428571428571429,False,-6.0,18.0
Accommodation,2019Aug,6,2019-08-01,False,False,6.0,0.0,False,-6.0,18.0
Accommodation,2019Sep,6,2019-09-01,False,False,6.0,0.0,False,-6.0,18.0
Accommodation,2019Oct,7,2019-10-01,False,False,6.0,0.16666666666666674,False,-6.0,18.0
Accommodation,2019Nov,5,2019-11-01,False,False,7.0,-0.2857142857142857,False,-6.0,18.0
Accommodation,2019Dec,10,2019-12-01,False,False,5.0,1.0,False,-6.0,18.0
Accommodation,2020Jan,5,2020-01-01,False,False,10.0,-0.5,False,-6.0,18.0
Accommodation,2020Feb,6,2020-02-01,False,False,5.0,0.19999999999999996,False,-6.0,18.0
Accommodation,2020Mar,6,2020-03-01,False,False,6.0,0.0,False,-6.0,18.0
Accommodation,2020Apr,5,2020-04-01,False,False,6.0,-0.16666666666666663,False,-6.0,18.0
Accommodation,2020May,2,2020-05-01,False,False,5.0,-0.6,False,-6.0,18.0
Accommodation,2020Jun,2,2020-06-01,False,False,2.0,0.0,False,-6.0,18.0
Accommodation,2020Jul,3,2020-07-01,False,False,2.0,0.5,False,-6.0,18.0
Accommodation,2020Aug,6,2020-08-01,False,False,3.0,1.0,False,-6.0,18.0
Accommodation,2020Sep,9,2020-09-01,False,False,6.0,0.5,False,-6.0,18.0
Accommodation,2020Oct,10,2020-10-01,False,False,9.0,0.11111111111111116,False,-6.0,18.0
Accommodation,2020Nov,4,2020-11-01,False,False,10.0,-0.6,False,-6.0,18.0
Accommodation,2020Dec,5,2020-12-01,False,False,4.0,0.25,False,-6.0,18.0
Accommodation,2021Jan,4,2021-01-01,False,False,5.0,-0.19999999999999996,False,-6.0,18.0
Accommodation,2021Feb,2,2021-02-01,False,False,4.0,-0.5,False,-6.0,18.0
Accommodation,2021Mar,4,2021-03-01,False,False,2.0,1.0,False,-6.0,18.0
Accommodation,2021Apr,4,2021-04-01,False,False,4.0,0.0,False,-6.0,18.0
Accommodation,2021May,9,2021-05-01,False,False,4.0,1.25,False,-6.0,18.0
Accommodation,2021Jun,5,2021-06-01,False,False,9.0,-0.4444444444444444,False,-6.0,18.0
Accommodation,2021Jul,5,2021-07-01,False,False,5.0,0.0,False,-6.0,18.0
Accommodation,2021Aug,7,2021-08-01,False,False,5.0,0.3999999999999999,False,-6.0,18.0
Accommodation,2021Sep,2,2021-09-01,False,False,7.0,-0.7142857142857143,False,-6.0,18.0
Accommodation,2021Oct,6,2021-10-01,False,False,2.0,2.0,False,-6.0,18.0
Accommodation,2021Nov,11,2021-11-01,False,False,6.0,0.8333333333333333,False,-6.0,18.0
Accommodation,2021Dec,5,2021-12-01,False,False,11.0,-0.5454545454545454,False,-6.0,18.0
Accommodation,2022Jan,3,2022-01-01,False,False,5.0,-0.4,False,-6.0,18.0
Accommodation,2022Feb,4,2022-02-01,False,False,3.0,0.33333333333333326,False,-6.0,18.0
Accommodation,2022Mar,5,2022-03-01,False,False,4.0,0.25,False,-6.0,18.0
Accommodation,2022Apr,2,2022-04-01,False,False,5.0,-0.6,False,-6.0,18.0
Accommodation,2022May,5,2022-05-01,False,False,2.0,1.5,False,-6.0,18.0
Accommodation,2022Jun,7,2022-06-01,False,False,5.0,0.3999999999999999,False,-6.0,18.0
Accommodation,2022Jul,9,2022-07-01,False,False,7.0,0.2857142857142858,False,-6.0,18.0
Accommodation,2022Aug,19,2022-08-01,False,False,9.0,1.1111111111111112,True,-6.0,18.0
Accommodation,2022Sep,8,2022-09-01,False,False,19.0,-0.5789473684210527,False,-6.0,18.0
Accommodation,2022Oct,3,2022-10-01,False,False,8.0,-0.625,False,-6.0,18.0
Accommodation,2022Nov,6,2022-11-01,False,False,3.0,1.0,False,-6.0,18.0
Accommodation,2022Dec,3,2022-12-01,False,False,6.0,-0.5,False,-6.0,18.0
Accommodation,2023Jan,11,2023-01-01,False,False,3.0,2.6666666666666665,False,-6.0,18.0
Accommodation,2023Feb,2,2023-02-01,False,False,11.0,-0.8181818181818181,False,-6.0,18.0
Accommodation,2023Mar,9,2023-03-01,False,False,2.0,3.5,False,-6.0,18.0
Accommodation,2023Apr,11,2023-04-01,False,False,9.0,0.22222222222222232,False,-6.0,18.0
Accommodation,2023May,10,2023-05-01,False,False,11.0,-0.09090909090909094,False,-6.0,18.0
Accommodation,2023Jun,12,2023-06-01,False,False,10.0,0.19999999999999996,False,-6.0,18.0
Accommodation,2023Jul,14,2023-07-01,False,False,12.0,0.16666666666666674,False,-6.0,18.0
Accommodation,2023Aug,11,2023-08-01,False,False,14.0,-0.2142857142857143,False,-6.0,18.0
Accommodation,2023Sep,1,2023-09-01,False,False,11.0,-0.9090909090909091,False,-6.0,18.0
Accommodation,2023Oct,9,2023-10-01,False,False,1.0,8.0,False,-6.0,18.0
Accommodation,2023Nov,7,2023-11-01,False,False,9.0,-0.2222222222222222,False,-6.0,18.0
Accommodation,2023Dec,7,2023-12-01,False,False,7.0,0.0,False,-6.0,18.0
Accommodation,2024Jan,14,2024-01-01,False,False,7.0,1.0,False,-6.0,18.0
Accommodation,2024Feb,8,2024-02-01,False,False,14.0,-0.4285714285714286,False,-6.0,18.0
Accommodation,2024Mar,7,2024-03-01,False,False,8.0,-0.125,False,-6.0,18.0
Accommodation,2024Apr,7,2024-04-01,False,False,7.0,0.0,False,-6.0,18.0
Accommodation,2024May,7,2024-05-01,False,False,7.0,0.0,False,-6.0,18.0
Accommodation,2024Jun,8,2024-06-01,False,False,7.0,0.1428571428571428,False,-6.0,18.0
Accommodation,2024Jul,12,2024-07-01,False,False,8.0,0.5,False,-6.0,18.0
Accommodation,2024Aug,9,2024-08-01,False,False,12.0,-0.25,False,-6.0,18.0
Accommodation,2024Sep,13,2024-09-01,False,False,9.0,0.4444444444444444,False,-6.0,18.0
Accommodation,2024Oct,6,2024-10-01,False,False,13.0,-0.5384615384615384,False,-6.0,18.0
Accommodation,2024Nov,11,2024-11-01,False,False,6.0,0.8333333333333333,False,-6.0,18.0
Accommodation,2024Dec,2,2024-12-01,False,False,11.0,-0.8181818181818181,False,-6.0,18.0
Accommodation,2025Jan,5,2025-01-01,False,False,2.0,1.5,False,-6.0,18.0
Accommodation,2025Feb,5,2025-02-01,False,False,5.0,0.0,False,-6.0,18.0
Accommodation,2025Mar,6,2025-03-01,False,False,5.0,0.19999999999999996,False,-6.0,18.0
Accommodation,2025Apr,14,2025-04-01,False,False,6.0,1.3333333333333335,False,-6.0,18.0
Accommodation,2025May,12,2025-05-01,False,False,14.0,-0.1428571428571429,False,-6.0,18.0
Accommodation,2025Jun,10,2025-06-01,False,False,12.0,-0.16666666666666663,False,-6.0,18.0
Accommodation,2025Jul,7,2025-07-01,False,False,10.0,-0.30000000000000004,False,-6.0,18.0
Accommodation,2025Aug,3,2025-08-01,False,False,7.0,-0.5714285714285714,False,-6.0,18.0
Accommodation,2025Sep,19,2025-09-01,False,False,3.0,5.333333333333333,True,-6.0,18.0
Accommodation,2025Oct,9,2025-10-01,False,False,19.0,-0.5263157894736843,False,-6.0,18.0
Accommodation,2025Nov,9,2025-11-01,False,False,9.0,0.0,False,-6.0,18.0
Accommodation,2025Dec,12,2025-12-01,False,False,9.0,0.33333333333333326,False,-6.0,18.0
Accommodation,2026Jan,11,2026-01-01,False,False,12.0,-0.08333333333333337,False,-6.0,18.0
Accommodation,2026Feb,7,2026-02-01,False,False,11.0,-0.36363636363636365,False,-6.0,18.0
Accommodation,2026Mar,5,2026-03-01,False,False,7.0,-0.2857142857142857,False,-6.0,18.0
Administrative & Support Services,1990Jan,89,1990-01-01,False,False,,,False,-13.75,412.25
Administrative & Support Services,1990Feb,113,1990-02-01,False,False,89.0,0.2696629213483146,False,-13.75,412.25
Administrative & Support Services,1990Mar,121,1990-03-01,False,False,113.0,0.07079646017699126,False,-13.75,412.25
Administrative & Support Services,1990Apr,65,1990-04-01,False,False,121.0,-0.4628099173553719,False,-13.75,412.25
Administrative & Support Services,1990May,97,1990-05-01,False,False,65.0,0.49230769230769234,False,-13.75,412.25
Administrative & Support Services,1990Jun,85,1990-06-01,False,False,97.0,-0.12371134020618557,False,-13.75,412.25
Administrative & Support Services,1990Jul,116,1990-07-01,False,False,85.0,0.3647058823529412,False,-13.75,412.25
Administrative & Support Services,1990Aug,110,1990-08-01,False,False,116.0,-0.051724137931034475,False,-13.75,412.25
Administrative & Support Services,1990Sep,85,1990-09-01,False,False,110.0,-0.2272727272727273,False,-13.75,412.25
Administrative & Support Services,1990Oct,84,1990-10-01,False,False,85.0,-0.0117647058823529,False,-13.75,412.25
Administrative & Support Services,1990Nov,94,1990-11-01,False,False,84.0,0.11904761904761907,False,-13.75,412.25
Administrative & Support Services,1990Dec,70,1990-12-01,False,False,94.0,-0.25531914893617025,False,-13.75,412.25
Administrative & Support Services,1991Jan,92,1991-01-01,False,False,70.0,0.3142857142857143,False,-13.75,412.25
Administrative & Support Services,1991Feb,82,1991-02-01,False,False,92.0,-0.10869565217391308,False,-13.75,412.25
Administrative & Support Services,1991Mar,85,1991-03-01,False,False,82.0,0.03658536585365857,False,-13.75,412.25
Administrative & Support Services,1991Apr,114,1991-04-01,False,False,85.0,0.3411764705882352,False,-13.75,412.25
Administrative & Support Services,1991May,126,1991-05-01,False,False,114.0,0.10526315789473695,False,-13.75,412.25
Administrative & Support Services,1991Jun,115,1991-06-01,False,False,126.0,-0.08730158730158732,False,-13.75,412.25
Administrative & Support Services,1991Jul,111,1991-07-01,False,False,115.0,-0.034782608695652195,False,-13.75,412.25
Administrative & Support Services,1991Aug,88,1991-08-01,False,False,111.0,-0.2072072072072072,False,-13.75,412.25
Administrative & Support Services,1991Sep,104,1991-09-01,False,False,88.0,0.18181818181818188,False,-13.75,412.25
Administrative & Support Services,1991Oct,130,1991-10-01,False,False,104.0,0.25,False,-13.75,412.25
Administrative & Support Services,1991Nov,103,1991-11-01,False,False,130.0,-0.20769230769230773,False,-13.75,412.25
Administrative & Support Services,1991Dec,118,1991-12-01,False,False,103.0,0.14563106796116498,False,-13.75,412.25
Administrative & Support Services,1992Jan,129,1992-01-01,False,False,118.0,0.09322033898305082,False,-13.75,412.25
Administrative & Support Services,1992Feb,114,1992-02-01,False,False,129.0,-0.11627906976744184,False,-13.75,412.25
Administrative & Support Services,1992Mar,132,1992-03-01,False,False,114.0,0.1578947368421053,False,-13.75,412.25
Administrative & Support Services,1992Apr,122,1992-04-01,False,False,132.0,-0.0757575757575758,False,-13.75,412.25
Administrative & Support Services,1992May,101,1992-05-01,False,False,122.0,-0.17213114754098358,False,-13.75,412.25
Administrative & Support Services,1992Jun,83,1992-06-01,False,False,101.0,-0.17821782178217827,False,-13.75,412.25
Administrative & Support Services,1992Jul,88,1992-07-01,False,False,83.0,0.06024096385542177,False,-13.75,412.25
Administrative & Support Services,1992Aug,65,1992-08-01,False,False,88.0,-0.26136363636363635,False,-13.75,412.25
Administrative & Support Services,1992Sep,87,1992-09-01,False,False,65.0,0.33846153846153837,False,-13.75,412.25
Administrative & Support Services,1992Oct,95,1992-10-01,False,False,87.0,0.09195402298850586,False,-13.75,412.25
Administrative & Support Services,1992Nov,72,1992-11-01,False,False,95.0,-0.2421052631578947,False,-13.75,412.25
Administrative & Support Services,1992Dec,82,1992-12-01,False,False,72.0,0.13888888888888884,False,-13.75,412.25
Administrative & Support Services,1993Jan,68,1993-01-01,False,False,82.0,-0.1707317073170732,False,-13.75,412.25
Administrative & Support Services,1993Feb,97,1993-02-01,False,False,68.0,0.42647058823529416,False,-13.75,412.25
Administrative & Support Services,1993Mar,103,1993-03-01,False,False,97.0,0.061855670103092786,False,-13.75,412.25
Administrative & Support Services,1993Apr,95,1993-04-01,False,False,103.0,-0.07766990291262132,False,-13.75,412.25
Administrative & Support Services,1993May,90,1993-05-01,False,False,95.0,-0.052631578947368474,False,-13.75,412.25
Administrative & Support Services,1993Jun,90,1993-06-01,False,False,90.0,0.0,False,-13.75,412.25
Administrative & Support Services,1993Jul,87,1993-07-01,False,False,90.0,-0.033333333333333326,False,-13.75,412.25
Administrative & Support Services,1993Aug,84,1993-08-01,False,False,87.0,-0.03448275862068961,False,-13.75,412.25
Administrative & Support Services,1993Sep,87,1993-09-01,False,False,84.0,0.03571428571428581,False,-13.75,412.25
Administrative & Support Services,1993Oct,90,1993-10-01,False,False,87.0,0.034482758620689724,False,-13.75,412.25
Administrative & Support Services,1993Nov,87,1993-11-01,False,False,90.0,-0.033333333333333326,False,-13.75,412.25
Administrative & Support Services,1993Dec,83,1993-12-01,False,False,87.0,-0.04597701149425293,False,-13.75,412.25
Administrative & Support Services,1994Jan,82,1994-01-01,False,False,83.0,-0.012048192771084376,False,-13.75,412.25
Administrative & Support Services,1994Feb,69,1994-02-01,False,False,82.0,-0.1585365853658537,False,-13.75,412.25
Administrative & Support Services,1994Mar,104,1994-03-01,False,False,69.0,0.5072463768115942,False,-13.75,412.25
Administrative & Support Services,1994Apr,94,1994-04-01,False,False,104.0,-0.09615384615384615,False,-13.75,412.25
Administrative & Support Services,1994May,95,1994-05-01,False,False,94.0,0.010638297872340496,False,-13.75,412.25
Administrative & Support Services,1994Jun,96,1994-06-01,False,False,95.0,0.010526315789473717,False,-13.75,412.25
Administrative & Support Services,1994Jul,91,1994-07-01,False,False,96.0,-0.05208333333333337,False,-13.75,412.25
Administrative & Support Services,1994Aug,97,1994-08-01,False,False,91.0,0.06593406593406592,False,-13.75,412.25
Administrative & Support Services,1994Sep,102,1994-09-01,False,False,97.0,0.05154639175257736,False,-13.75,412.25
Administrative & Support Services,1994Oct,110,1994-10-01,False,False,102.0,0.07843137254901955,False,-13.75,412.25
Administrative & Support Services,1994Nov,97,1994-11-01,False,False,110.0,-0.11818181818181817,False,-13.75,412.25
Administrative & Support Services,1994Dec,78,1994-12-01,False,False,97.0,-0.19587628865979378,False,-13.75,412.25
Administrative & Support Services,1995Jan,87,1995-01-01,False,False,78.0,0.11538461538461542,False,-13.75,412.25
Administrative & Support Services,1995Feb,93,1995-02-01,False,False,87.0,0.06896551724137923,False,-13.75,412.25
Administrative & Support Services,1995Mar,102,1995-03-01,False,False,93.0,0.09677419354838701,False,-13.75,412.25
Administrative & Support Services,1995Apr,112,1995-04-01,False,False,102.0,0.0980392156862746,False,-13.75,412.25
Administrative & Support Services,1995May,93,1995-05-01,False,False,112.0,-0.1696428571428571,False,-13.75,412.25
Administrative & Support Services,1995Jun,106,1995-06-01,False,False,93.0,0.13978494623655924,False,-13.75,412.25
Administrative & Support Services,1995Jul,101,1995-07-01,False,False,106.0,-0.047169811320754707,False,-13.75,412.25
Administrative & Support Services,1995Aug,101,1995-08-01,False,False,101.0,0.0,False,-13.75,412.25
Administrative & Support Services,1995Sep,110,1995-09-01,False,False,101.0,0.08910891089108919,False,-13.75,412.25
Administrative & Support Services,1995Oct,103,1995-10-01,False,False,110.0,-0.0636363636363636,False,-13.75,412.25
Administrative & Support Services,1995Nov,124,1995-11-01,False,False,103.0,0.20388349514563098,False,-13.75,412.25
Administrative & Support Services,1995Dec,86,1995-12-01,False,False,124.0,-0.30645161290322576,False,-13.75,412.25
Administrative & Support Services,1996Jan,129,1996-01-01,False,False,86.0,0.5,False,-13.75,412.25
Administrative & Support Services,1996Feb,94,1996-02-01,False,False,129.0,-0.2713178294573644,False,-13.75,412.25
Administrative & Support Services,1996Mar,113,1996-03-01,False,False,94.0,0.2021276595744681,False,-13.75,412.25
Administrative & Support Services,1996Apr,111,1996-04-01,False,False,113.0,-0.017699115044247815,False,-13.75,412.25
Administrative & Support Services,1996May,111,1996-05-01,False,False,111.0,0.0,False,-13.75,412.25
Administrative & Support Services,1996Jun,132,1996-06-01,False,False,111.0,0.18918918918918926,False,-13.75,412.25
Administrative & Support Services,1996Jul,158,1996-07-01,False,False,132.0,0.19696969696969702,False,-13.75,412.25
Administrative & Support Services,1996Aug,133,1996-08-01,False,False,158.0,-0.15822784810126578,False,-13.75,412.25
Administrative & Support Services,1996Sep,115,1996-09-01,False,False,133.0,-0.13533834586466165,False,-13.75,412.25
Administrative & Support Services,1996Oct,112,1996-10-01,False,False,115.0,-0.02608695652173909,False,-13.75,412.25
Administrative & Support Services,1996Nov,121,1996-11-01,False,False,112.0,0.0803571428571428,False,-13.75,412.25
Administrative & Support Services,1996Dec,95,1996-12-01,False,False,121.0,-0.2148760330578512,False,-13.75,412.25
Administrative & Support Services,1997Jan,122,1997-01-01,False,False,95.0,0.28421052631578947,False,-13.75,412.25
Administrative & Support Services,1997Feb,92,1997-02-01,False,False,122.0,-0.24590163934426235,False,-13.75,412.25
Administrative & Support Services,1997Mar,147,1997-03-01,False,False,92.0,0.5978260869565217,False,-13.75,412.25
Administrative & Support Services,1997Apr,130,1997-04-01,False,False,147.0,-0.11564625850340138,False,-13.75,412.25
Administrative & Support Services,1997May,133,1997-05-01,False,False,130.0,0.023076923076922995,False,-13.75,412.25
Administrative & Support Services,1997Jun,115,1997-06-01,False,False,133.0,-0.13533834586466165,False,-13.75,412.25
Administrative & Support Services,1997Jul,164,1997-07-01,False,False,115.0,0.4260869565217391,False,-13.75,412.25
Administrative & Support Services,1997Aug,147,1997-08-01,False,False,164.0,-0.10365853658536583,False,-13.75,412.25
Administrative & Support Services,1997Sep,159,1997-09-01,False,False,147.0,0.08163265306122458,False,-13.75,412.25
Administrative & Support Services,1997Oct,139,1997-10-01,False,False,159.0,-0.12578616352201255,False,-13.75,412.25
Administrative & Support Services,1997Nov,154,1997-11-01,False,False,139.0,0.1079136690647482,False,-13.75,412.25
Administrative & Support Services,1997Dec,104,1997-12-01,False,False,154.0,-0.3246753246753247,False,-13.75,412.25
Administrative & Support Services,1998Jan,105,1998-01-01,False,False,104.0,0.009615384615384581,False,-13.75,412.25
Administrative & Support Services,1998Feb,130,1998-02-01,False,False,105.0,0.23809523809523814,False,-13.75,412.25
Administrative & Support Services,1998Mar,179,1998-03-01,False,False,130.0,0.3769230769230769,False,-13.75,412.25
Administrative & Support Services,1998Apr,149,1998-04-01,False,False,179.0,-0.16759776536312854,False,-13.75,412.25
Administrative & Support Services,1998May,141,1998-05-01,False,False,149.0,-0.05369127516778527,False,-13.75,412.25
Administrative & Support Services,1998Jun,131,1998-06-01,False,False,141.0,-0.07092198581560283,False,-13.75,412.25
Administrative & Support Services,1998Jul,136,1998-07-01,False,False,131.0,0.03816793893129766,False,-13.75,412.25
Administrative & Support Services,1998Aug,138,1998-08-01,False,False,136.0,0.014705882352941124,False,-13.75,412.25
Administrative & Support Services,1998Sep,133,1998-09-01,False,False,138.0,-0.036231884057971064,False,-13.75,412.25
Administrative & Support Services,1998Oct,133,1998-10-01,False,False,133.0,0.0,False,-13.75,412.25
Administrative & Support Services,1998Nov,134,1998-11-01,False,False,133.0,0.007518796992481258,False,-13.75,412.25
Administrative & Support Services,1998Dec,117,1998-12-01,False,False,134.0,-0.12686567164179108,False,-13.75,412.25
Administrative & Support Services,1999Jan,116,1999-01-01,False,False,117.0,-0.008547008547008517,False,-13.75,412.25
Administrative & Support Services,1999Feb,97,1999-02-01,False,False,116.0,-0.1637931034482759,False,-13.75,412.25
Administrative & Support Services,1999Mar,162,1999-03-01,False,False,97.0,0.6701030927835052,False,-13.75,412.25
Administrative & Support Services,1999Apr,164,1999-04-01,False,False,162.0,0.012345679012345734,False,-13.75,412.25
Administrative & Support Services,1999May,159,1999-05-01,False,False,164.0,-0.030487804878048808,False,-13.75,412.25
Administrative & Support Services,1999Jun,183,1999-06-01,False,False,159.0,0.15094339622641506,False,-13.75,412.25
Administrative & Support Services,1999Jul,176,1999-07-01,False,False,183.0,-0.03825136612021862,False,-13.75,412.25
Administrative & Support Services,1999Aug,146,1999-08-01,False,False,176.0,-0.17045454545454541,False,-13.75,412.25
Administrative & Support Services,1999Sep,156,1999-09-01,False,False,146.0,0.06849315068493156,False,-13.75,412.25
Administrative & Support Services,1999Oct,168,1999-10-01,False,False,156.0,0.07692307692307687,False,-13.75,412.25
Administrative & Support Services,1999Nov,161,1999-11-01,False,False,168.0,-0.04166666666666663,False,-13.75,412.25
Administrative & Support Services,1999Dec,159,1999-12-01,False,False,161.0,-0.012422360248447228,False,-13.75,412.25
Administrative & Support Services,2000Jan,186,2000-01-01,False,False,159.0,0.16981132075471694,False,-13.75,412.25
Administrative & Support Services,2000Feb,170,2000-02-01,False,False,186.0,-0.08602150537634412,False,-13.75,412.25
Administrative & Support Services,2000Mar,282,2000-03-01,False,False,170.0,0.6588235294117648,False,-13.75,412.25
Administrative & Support Services,2000Apr,177,2000-04-01,False,False,282.0,-0.37234042553191493,False,-13.75,412.25
Administrative & Support Services,2000May,189,2000-05-01,False,False,177.0,0.06779661016949157,False,-13.75,412.25
Administrative & Support Services,2000Jun,195,2000-06-01,False,False,189.0,0.031746031746031855,False,-13.75,412.25
Administrative & Support Services,2000Jul,194,2000-07-01,False,False,195.0,-0.00512820512820511,False,-13.75,412.25
Administrative & Support Services,2000Aug,172,2000-08-01,False,False,194.0,-0.11340206185567014,False,-13.75,412.25
Administrative & Support Services,2000Sep,192,2000-09-01,False,False,172.0,0.11627906976744184,False,-13.75,412.25
Administrative & Support Services,2000Oct,164,2000-10-01,False,False,192.0,-0.14583333333333337,False,-13.75,412.25
Administrative & Support Services,2000Nov,200,2000-11-01,False,False,164.0,0.2195121951219512,False,-13.75,412.25
Administrative & Support Services,2000Dec,122,2000-12-01,False,False,200.0,-0.39,False,-13.75,412.25
Administrative & Support Services,2001Jan,136,2001-01-01,False,False,122.0,0.11475409836065564,False,-13.75,412.25
Administrative & Support Services,2001Feb,169,2001-02-01,False,False,136.0,0.24264705882352944,False,-13.75,412.25
Administrative & Support Services,2001Mar,208,2001-03-01,False,False,169.0,0.23076923076923084,False,-13.75,412.25
Administrative & Support Services,2001Apr,173,2001-04-01,False,False,208.0,-0.16826923076923073,False,-13.75,412.25
Administrative & Support Services,2001May,157,2001-05-01,False,False,173.0,-0.09248554913294793,False,-13.75,412.25
Administrative & Support Services,2001Jun,184,2001-06-01,False,False,157.0,0.1719745222929936,False,-13.75,412.25
Administrative & Support Services,2001Jul,180,2001-07-01,False,False,184.0,-0.021739130434782594,False,-13.75,412.25
Administrative & Support Services,2001Aug,164,2001-08-01,False,False,180.0,-0.0888888888888889,False,-13.75,412.25
Administrative & Support Services,2001Sep,163,2001-09-01,False,False,164.0,-0.0060975609756097615,False,-13.75,412.25
Administrative & Support Services,2001Oct,156,2001-10-01,False,False,163.0,-0.042944785276073594,False,-13.75,412.25
Administrative & Support Services,2001Nov,154,2001-11-01,False,False,156.0,-0.012820512820512775,False,-13.75,412.25
Administrative & Support Services,2001Dec,116,2001-12-01,False,False,154.0,-0.24675324675324672,False,-13.75,412.25
Administrative & Support Services,2002Jan,177,2002-01-01,False,False,116.0,0.5258620689655173,False,-13.75,412.25
Administrative & Support Services,2002Feb,166,2002-02-01,False,False,177.0,-0.062146892655367214,False,-13.75,412.25
Administrative & Support Services,2002Mar,215,2002-03-01,False,False,166.0,0.29518072289156616,False,-13.75,412.25
Administrative & Support Services,2002Apr,227,2002-04-01,False,False,215.0,0.05581395348837215,False,-13.75,412.25
Administrative & Support Services,2002May,234,2002-05-01,False,False,227.0,0.03083700440528636,False,-13.75,412.25
Administrative & Support Services,2002Jun,174,2002-06-01,False,False,234.0,-0.2564102564102564,False,-13.75,412.25
Administrative & Support Services,2002Jul,243,2002-07-01,False,False,174.0,0.39655172413793105,False,-13.75,412.25
Administrative & Support Services,2002Aug,231,2002-08-01,False,False,243.0,-0.04938271604938271,False,-13.75,412.25
Administrative & Support Services,2002Sep,203,2002-09-01,False,False,231.0,-0.12121212121212122,False,-13.75,412.25
Administrative & Support Services,2002Oct,248,2002-10-01,False,False,203.0,0.2216748768472907,False,-13.75,412.25
Administrative & Support Services,2002Nov,205,2002-11-01,False,False,248.0,-0.1733870967741935,False,-13.75,412.25
Administrative & Support Services,2002Dec,212,2002-12-01,False,False,205.0,0.034146341463414664,False,-13.75,412.25
Administrative & Support Services,2003Jan,192,2003-01-01,False,False,212.0,-0.09433962264150941,False,-13.75,412.25
Administrative & Support Services,2003Feb,202,2003-02-01,False,False,192.0,0.05208333333333326,False,-13.75,412.25
Administrative & Support Services,2003Mar,255,2003-03-01,False,False,202.0,0.2623762376237624,False,-13.75,412.25
Administrative & Support Services,2003Apr,236,2003-04-01,False,False,255.0,-0.07450980392156858,False,-13.75,412.25
Administrative & Support Services,2003May,209,2003-05-01,False,False,236.0,-0.11440677966101698,False,-13.75,412.25
Administrative & Support Services,2003Jun,232,2003-06-01,False,False,209.0,0.11004784688995217,False,-13.75,412.25
Administrative & Support Services,2003Jul,272,2003-07-01,False,False,232.0,0.17241379310344818,False,-13.75,412.25
Administrative & Support Services,2003Aug,224,2003-08-01,False,False,272.0,-0.17647058823529416,False,-13.75,412.25
Administrative & Support Services,2003Sep,246,2003-09-01,False,False,224.0,0.09821428571428581,False,-13.75,412.25
Administrative & Support Services,2003Oct,235,2003-10-01,False,False,246.0,-0.04471544715447151,False,-13.75,412.25
Administrative & Support Services,2003Nov,212,2003-11-01,False,False,235.0,-0.09787234042553195,False,-13.75,412.25
Administrative & Support Services,2003Dec,228,2003-12-01,False,False,212.0,0.07547169811320753,False,-13.75,412.25
Administrative & Support Services,2004Jan,195,2004-01-01,False,False,228.0,-0.14473684210526316,False,-13.75,412.25
Administrative & Support Services,2004Feb,247,2004-02-01,False,False,195.0,0.2666666666666666,False,-13.75,412.25
Administrative & Support Services,2004Mar,275,2004-03-01,False,False,247.0,0.11336032388663964,False,-13.75,412.25
Administrative & Support Services,2004Apr,257,2004-04-01,False,False,275.0,-0.06545454545454543,False,-13.75,412.25
Administrative & Support Services,2004May,214,2004-05-01,False,False,257.0,-0.16731517509727623,False,-13.75,412.25
Administrative & Support Services,2004Jun,226,2004-06-01,False,False,214.0,0.05607476635514019,False,-13.75,412.25
Administrative & Support Services,2004Jul,279,2004-07-01,False,False,226.0,0.23451327433628322,False,-13.75,412.25
Administrative & Support Services,2004Aug,261,2004-08-01,False,False,279.0,-0.06451612903225812,False,-13.75,412.25
Administrative & Support Services,2004Sep,253,2004-09-01,False,False,261.0,-0.03065134099616862,False,-13.75,412.25
Administrative & Support Services,2004Oct,287,2004-10-01,False,False,253.0,0.13438735177865602,False,-13.75,412.25
Administrative & Support Services,2004Nov,237,2004-11-01,False,False,287.0,-0.17421602787456447,False,-13.75,412.25
Administrative & Support Services,2004Dec,260,2004-12-01,False,False,237.0,0.09704641350210963,False,-13.75,412.25
Administrative & Support Services,2005Jan,277,2005-01-01,False,False,260.0,0.06538461538461537,False,-13.75,412.25
Administrative & Support Services,2005Feb,216,2005-02-01,False,False,277.0,-0.22021660649819497,False,-13.75,412.25
Administrative & Support Services,2005Mar,303,2005-03-01,False,False,216.0,0.4027777777777777,False,-13.75,412.25
Administrative & Support Services,2005Apr,320,2005-04-01,False,False,303.0,0.05610561056105601,False,-13.75,412.25
Administrative & Support Services,2005May,313,2005-05-01,False,False,320.0,-0.021874999999999978,False,-13.75,412.25
Administrative & Support Services,2005Jun,218,2005-06-01,False,False,313.0,-0.30351437699680506,False,-13.75,412.25
Administrative & Support Services,2005Jul,206,2005-07-01,False,False,218.0,-0.05504587155963303,False,-13.75,412.25
Administrative & Support Services,2005Aug,212,2005-08-01,False,False,206.0,0.029126213592232997,False,-13.75,412.25
Administrative & Support Services,2005Sep,205,2005-09-01,False,False,212.0,-0.03301886792452835,False,-13.75,412.25
Administrative & Support Services,2005Oct,214,2005-10-01,False,False,205.0,0.04390243902439028,False,-13.75,412.25
Administrative & Support Services,2005Nov,185,2005-11-01,False,False,214.0,-0.13551401869158874,False,-13.75,412.25
Administrative & Support Services,2005Dec,222,2005-12-01,False,False,185.0,0.19999999999999996,False,-13.75,412.25
Administrative & Support Services,2006Jan,197,2006-01-01,False,False,222.0,-0.11261261261261257,False,-13.75,412.25
Administrative & Support Services,2006Feb,216,2006-02-01,False,False,197.0,0.09644670050761417,False,-13.75,412.25
Administrative & Support Services,2006Mar,260,2006-03-01,False,False,216.0,0.20370370370370372,False,-13.75,412.25
Administrative & Support Services,2006Apr,201,2006-04-01,False,False,260.0,-0.2269230769230769,False,-13.75,412.25
Administrative & Support Services,2006May,204,2006-05-01,False,False,201.0,0.014925373134328401,False,-13.75,412.25
Administrative & Support Services,2006Jun,228,2006-06-01,False,False,204.0,0.11764705882352944,False,-13.75,412.25
Administrative & Support Services,2006Jul,242,2006-07-01,False,False,228.0,0.06140350877192979,False,-13.75,412.25
Administrative & Support Services,2006Aug,217,2006-08-01,False,False,242.0,-0.10330578512396693,False,-13.75,412.25
Administrative & Support Services,2006Sep,231,2006-09-01,False,False,217.0,0.06451612903225801,False,-13.75,412.25
Administrative & Support Services,2006Oct,206,2006-10-01,False,False,231.0,-0.10822510822510822,False,-13.75,412.25
Administrative & Support Services,2006Nov,199,2006-11-01,False,False,206.0,-0.03398058252427183,False,-13.75,412.25
Administrative & Support Services,2006Dec,208,2006-12-01,False,False,199.0,0.045226130653266416,False,-13.75,412.25
Administrative & Support Services,2007Jan,243,2007-01-01,False,False,208.0,0.16826923076923084,False,-13.75,412.25
Administrative & Support Services,2007Feb,198,2007-02-01,False,False,243.0,-0.18518518518518523,False,-13.75,412.25
Administrative & Support Services,2007Mar,276,2007-03-01,False,False,198.0,0.39393939393939403,False,-13.75,412.25
Administrative & Support Services,2007Apr,240,2007-04-01,False,False,276.0,-0.13043478260869568,False,-13.75,412.25
Administrative & Support Services,2007May,272,2007-05-01,False,False,240.0,0.1333333333333333,False,-13.75,412.25
Administrative & Support Services,2007Jun,223,2007-06-01,False,False,272.0,-0.18014705882352944,False,-13.75,412.25
Administrative & Support Services,2007Jul,242,2007-07-01,False,False,223.0,0.08520179372197312,False,-13.75,412.25
Administrative & Support Services,2007Aug,229,2007-08-01,False,False,242.0,-0.05371900826446285,False,-13.75,412.25
Administrative & Support Services,2007Sep,232,2007-09-01,False,False,229.0,0.013100436681222627,False,-13.75,412.25
Administrative & Support Services,2007Oct,233,2007-10-01,False,False,232.0,0.004310344827586299,False,-13.75,412.25
Administrative & Support Services,2007Nov,213,2007-11-01,False,False,233.0,-0.0858369098712446,False,-13.75,412.25
Administrative & Support Services,2007Dec,195,2007-12-01,False,False,213.0,-0.08450704225352113,False,-13.75,412.25
Administrative & Support Services,2008Jan,285,2008-01-01,False,False,195.0,0.46153846153846145,False,-13.75,412.25
Administrative & Support Services,2008Feb,191,2008-02-01,False,False,285.0,-0.3298245614035088,False,-13.75,412.25
Administrative & Support Services,2008Mar,236,2008-03-01,False,False,191.0,0.23560209424083767,False,-13.75,412.25
Administrative & Support Services,2008Apr,290,2008-04-01,False,False,236.0,0.22881355932203395,False,-13.75,412.25
Administrative & Support Services,2008May,256,2008-05-01,False,False,290.0,-0.11724137931034484,False,-13.75,412.25
Administrative & Support Services,2008Jun,228,2008-06-01,False,False,256.0,-0.109375,False,-13.75,412.25
Administrative & Support Services,2008Jul,278,2008-07-01,False,False,228.0,0.2192982456140351,False,-13.75,412.25
Administrative & Support Services,2008Aug,238,2008-08-01,False,False,278.0,-0.14388489208633093,False,-13.75,412.25
Administrative & Support Services,2008Sep,238,2008-09-01,False,False,238.0,0.0,False,-13.75,412.25
Administrative & Support Services,2008Oct,246,2008-10-01,False,False,238.0,0.03361344537815136,False,-13.75,412.25
Administrative & Support Services,2008Nov,190,2008-11-01,False,False,246.0,-0.22764227642276424,False,-13.75,412.25
Administrative & Support Services,2008Dec,207,2008-12-01,False,False,190.0,0.08947368421052637,False,-13.75,412.25
Administrative & Support Services,2009Jan,251,2009-01-01,False,False,207.0,0.21256038647343,False,-13.75,412.25
Administrative & Support Services,2009Feb,249,2009-02-01,False,False,251.0,-0.007968127490039834,False,-13.75,412.25
Administrative & Support Services,2009Mar,287,2009-03-01,False,False,249.0,0.15261044176706817,False,-13.75,412.25
Administrative & Support Services,2009Apr,225,2009-04-01,False,False,287.0,-0.21602787456445993,False,-13.75,412.25
Administrative & Support Services,2009May,224,2009-05-01,False,False,225.0,-0.004444444444444473,False,-13.75,412.25
Administrative & Support Services,2009Jun,247,2009-06-01,False,False,224.0,0.1026785714285714,False,-13.75,412.25
Administrative & Support Services,2009Jul,270,2009-07-01,False,False,247.0,0.09311740890688269,False,-13.75,412.25
Administrative & Support Services,2009Aug,230,2009-08-01,False,False,270.0,-0.14814814814814814,False,-13.75,412.25
Administrative & Support Services,2009Sep,235,2009-09-01,False,False,230.0,0.021739130434782705,False,-13.75,412.25
Administrative & Support Services,2009Oct,239,2009-10-01,False,False,235.0,0.017021276595744705,False,-13.75,412.25
Administrative & Support Services,2009Nov,211,2009-11-01,False,False,239.0,-0.11715481171548114,False,-13.75,412.25
Administrative & Support Services,2009Dec,196,2009-12-01,False,False,211.0,-0.07109004739336489,False,-13.75,412.25
Administrative & Support Services,2010Jan,253,2010-01-01,False,False,196.0,0.2908163265306123,False,-13.75,412.25
Administrative & Support Services,2010Feb,188,2010-02-01,False,False,253.0,-0.2569169960474308,False,-13.75,412.25
Administrative & Support Services,2010Mar,268,2010-03-01,False,False,188.0,0.42553191489361697,False,-13.75,412.25
Administrative & Support Services,2010Apr,271,2010-04-01,False,False,268.0,0.011194029850746245,False,-13.75,412.25
Administrative & Support Services,2010May,245,2010-05-01,False,False,271.0,-0.09594095940959413,False,-13.75,412.25
Administrative & Support Services,2010Jun,266,2010-06-01,False,False,245.0,0.08571428571428563,False,-13.75,412.25
Administrative & Support Services,2010Jul,247,2010-07-01,False,False,266.0,-0.0714285714285714,False,-13.75,412.25
Administrative & Support Services,2010Aug,226,2010-08-01,False,False,247.0,-0.08502024291497978,False,-13.75,412.25
Administrative & Support Services,2010Sep,263,2010-09-01,False,False,226.0,0.16371681415929196,False,-13.75,412.25
Administrative & Support Services,2010Oct,283,2010-10-01,False,False,263.0,0.07604562737642584,False,-13.75,412.25
Administrative & Support Services,2010Nov,220,2010-11-01,False,False,283.0,-0.22261484098939932,False,-13.75,412.25
Administrative & Support Services,2010Dec,249,2010-12-01,False,False,220.0,0.13181818181818183,False,-13.75,412.25
Administrative & Support Services,2011Jan,292,2011-01-01,False,False,249.0,0.17269076305220876,False,-13.75,412.25
Administrative & Support Services,2011Feb,285,2011-02-01,False,False,292.0,-0.023972602739726012,False,-13.75,412.25
Administrative & Support Services,2011Mar,327,2011-03-01,False,False,285.0,0.1473684210526316,False,-13.75,412.25
Administrative & Support Services,2011Apr,254,2011-04-01,False,False,327.0,-0.2232415902140673,False,-13.75,412.25
Administrative & Support Services,2011May,274,2011-05-01,False,False,254.0,0.07874015748031504,False,-13.75,412.25
Administrative & Support Services,2011Jun,279,2011-06-01,False,False,274.0,0.018248175182481674,False,-13.75,412.25
Administrative & Support Services,2011Jul,264,2011-07-01,False,False,279.0,-0.053763440860215006,False,-13.75,412.25
Administrative & Support Services,2011Aug,240,2011-08-01,False,False,264.0,-0.09090909090909094,False,-13.75,412.25
Administrative & Support Services,2011Sep,237,2011-09-01,False,False,240.0,-0.012499999999999956,False,-13.75,412.25
Administrative & Support Services,2011Oct,225,2011-10-01,False,False,237.0,-0.05063291139240511,False,-13.75,412.25
Administrative & Support Services,2011Nov,272,2011-11-01,False,False,225.0,0.2088888888888889,False,-13.75,412.25
Administrative & Support Services,2011Dec,241,2011-12-01,False,False,272.0,-0.11397058823529416,False,-13.75,412.25
Administrative & Support Services,2012Jan,230,2012-01-01,False,False,241.0,-0.0456431535269709,False,-13.75,412.25
Administrative & Support Services,2012Feb,292,2012-02-01,False,False,230.0,0.26956521739130435,False,-13.75,412.25
Administrative & Support Services,2012Mar,311,2012-03-01,False,False,292.0,0.06506849315068486,False,-13.75,412.25
Administrative & Support Services,2012Apr,265,2012-04-01,False,False,311.0,-0.14790996784565913,False,-13.75,412.25
Administrative & Support Services,2012May,247,2012-05-01,False,False,265.0,-0.06792452830188678,False,-13.75,412.25
Administrative & Support Services,2012Jun,240,2012-06-01,False,False,247.0,-0.028340080971659964,False,-13.75,412.25
Administrative & Support Services,2012Jul,288,2012-07-01,False,False,240.0,0.19999999999999996,False,-13.75,412.25
Administrative & Support Services,2012Aug,253,2012-08-01,False,False,288.0,-0.12152777777777779,False,-13.75,412.25
Administrative & Support Services,2012Sep,256,2012-09-01,False,False,253.0,0.011857707509881354,False,-13.75,412.25
Administrative & Support Services,2012Oct,290,2012-10-01,False,False,256.0,0.1328125,False,-13.75,412.25
Administrative & Support Services,2012Nov,233,2012-11-01,False,False,290.0,-0.19655172413793098,False,-13.75,412.25
Administrative & Support Services,2012Dec,202,2012-12-01,False,False,233.0,-0.1330472103004292,False,-13.75,412.25
Administrative & Support Services,2013Jan,265,2013-01-01,False,False,202.0,0.31188118811881194,False,-13.75,412.25
Administrative & Support Services,2013Feb,215,2013-02-01,False,False,265.0,-0.18867924528301883,False,-13.75,412.25
Administrative & Support Services,2013Mar,275,2013-03-01,False,False,215.0,0.2790697674418605,False,-13.75,412.25
Administrative & Support Services,2013Apr,305,2013-04-01,False,False,275.0,0.10909090909090913,False,-13.75,412.25
Administrative & Support Services,2013May,284,2013-05-01,False,False,305.0,-0.06885245901639347,False,-13.75,412.25
Administrative & Support Services,2013Jun,279,2013-06-01,False,False,284.0,-0.017605633802816878,False,-13.75,412.25
Administrative & Support Services,2013Jul,287,2013-07-01,False,False,279.0,0.028673835125448077,False,-13.75,412.25
Administrative & Support Services,2013Aug,255,2013-08-01,False,False,287.0,-0.11149825783972123,False,-13.75,412.25
Administrative & Support Services,2013Sep,307,2013-09-01,False,False,255.0,0.20392156862745092,False,-13.75,412.25
Administrative & Support Services,2013Oct,283,2013-10-01,False,False,307.0,-0.07817589576547235,False,-13.75,412.25
Administrative & Support Services,2013Nov,227,2013-11-01,False,False,283.0,-0.19787985865724378,False,-13.75,412.25
Administrative & Support Services,2013Dec,232,2013-12-01,False,False,227.0,0.022026431718061623,False,-13.75,412.25
Administrative & Support Services,2014Jan,299,2014-01-01,False,False,232.0,0.2887931034482758,False,-13.75,412.25
Administrative & Support Services,2014Feb,285,2014-02-01,False,False,299.0,-0.04682274247491636,False,-13.75,412.25
Administrative & Support Services,2014Mar,340,2014-03-01,False,False,285.0,0.1929824561403508,False,-13.75,412.25
Administrative & Support Services,2014Apr,330,2014-04-01,False,False,340.0,-0.02941176470588236,False,-13.75,412.25
Administrative & Support Services,2014May,319,2014-05-01,False,False,330.0,-0.033333333333333326,False,-13.75,412.25
Administrative & Support Services,2014Jun,348,2014-06-01,False,False,319.0,0.09090909090909083,False,-13.75,412.25
Administrative & Support Services,2014Jul,357,2014-07-01,False,False,348.0,0.02586206896551735,False,-13.75,412.25
Administrative & Support Services,2014Aug,402,2014-08-01,False,False,357.0,0.12605042016806722,False,-13.75,412.25
Administrative & Support Services,2014Sep,592,2014-09-01,False,False,402.0,0.47263681592039797,True,-13.75,412.25
Administrative & Support Services,2014Oct,387,2014-10-01,False,False,592.0,-0.34628378378378377,False,-13.75,412.25
Administrative & Support Services,2014Nov,353,2014-11-01,False,False,387.0,-0.08785529715762275,False,-13.75,412.25
Administrative & Support Services,2014Dec,332,2014-12-01,False,False,353.0,-0.059490084985835745,False,-13.75,412.25
Administrative & Support Services,2015Jan,291,2015-01-01,False,False,332.0,-0.12349397590361444,False,-13.75,412.25
Administrative & Support Services,2015Feb,189,2015-02-01,False,False,291.0,-0.35051546391752575,False,-13.75,412.25
Administrative & Support Services,2015Mar,281,2015-03-01,False,False,189.0,0.48677248677248675,False,-13.75,412.25
Administrative & Support Services,2015Apr,267,2015-04-01,False,False,281.0,-0.04982206405693945,False,-13.75,412.25
Administrative & Support Services,2015May,283,2015-05-01,False,False,267.0,0.059925093632958726,False,-13.75,412.25
Administrative & Support Services,2015Jun,306,2015-06-01,False,False,283.0,0.08127208480565362,False,-13.75,412.25
Administrative & Support Services,2015Jul,313,2015-07-01,False,False,306.0,0.02287581699346397,False,-13.75,412.25
Administrative & Support Services,2015Aug,265,2015-08-01,False,False,313.0,-0.15335463258785942,False,-13.75,412.25
Administrative & Support Services,2015Sep,282,2015-09-01,False,False,265.0,0.0641509433962264,False,-13.75,412.25
Administrative & Support Services,2015Oct,275,2015-10-01,False,False,282.0,-0.024822695035460973,False,-13.75,412.25
Administrative & Support Services,2015Nov,245,2015-11-01,False,False,275.0,-0.10909090909090913,False,-13.75,412.25
Administrative & Support Services,2015Dec,192,2015-12-01,False,False,245.0,-0.21632653061224494,False,-13.75,412.25
Administrative & Support Services,2016Jan,248,2016-01-01,False,False,192.0,0.29166666666666674,False,-13.75,412.25
Administrative & Support Services,2016Feb,232,2016-02-01,False,False,248.0,-0.06451612903225812,False,-13.75,412.25
Administrative & Support Services,2016Mar,335,2016-03-01,False,False,232.0,0.4439655172413792,False,-13.75,412.25
Administrative & Support Services,2016Apr,298,2016-04-01,False,False,335.0,-0.11044776119402988,False,-13.75,412.25
Administrative & Support Services,2016May,291,2016-05-01,False,False,298.0,-0.023489932885906062,False,-13.75,412.25
Administrative & Support Services,2016Jun,276,2016-06-01,False,False,291.0,-0.05154639175257736,False,-13.75,412.25
Administrative & Support Services,2016Jul,270,2016-07-01,False,False,276.0,-0.021739130434782594,False,-13.75,412.25
Administrative & Support Services,2016Aug,236,2016-08-01,False,False,270.0,-0.12592592592592589,False,-13.75,412.25
Administrative & Support Services,2016Sep,254,2016-09-01,False,False,236.0,0.07627118644067798,False,-13.75,412.25
Administrative & Support Services,2016Oct,236,2016-10-01,False,False,254.0,-0.07086614173228345,False,-13.75,412.25
Administrative & Support Services,2016Nov,219,2016-11-01,False,False,236.0,-0.07203389830508478,False,-13.75,412.25
Administrative & Support Services,2016Dec,209,2016-12-01,False,False,219.0,-0.045662100456621,False,-13.75,412.25
Administrative & Support Services,2017Jan,230,2017-01-01,False,False,209.0,0.1004784688995215,False,-13.75,412.25
Administrative & Support Services,2017Feb,230,2017-02-01,False,False,230.0,0.0,False,-13.75,412.25
Administrative & Support Services,2017Mar,261,2017-03-01,False,False,230.0,0.13478260869565228,False,-13.75,412.25
Administrative & Support Services,2017Apr,210,2017-04-01,False,False,261.0,-0.1954022988505747,False,-13.75,412.25
Administrative & Support Services,2017May,240,2017-05-01,False,False,210.0,0.1428571428571428,False,-13.75,412.25
Administrative & Support Services,2017Jun,228,2017-06-01,False,False,240.0,-0.050000000000000044,False,-13.75,412.25
Administrative & Support Services,2017Jul,260,2017-07-01,False,False,228.0,0.14035087719298245,False,-13.75,412.25
Administrative & Support Services,2017Aug,252,2017-08-01,False,False,260.0,-0.03076923076923077,False,-13.75,412.25
Administrative & Support Services,2017Sep,220,2017-09-01,False,False,252.0,-0.12698412698412698,False,-13.75,412.25
Administrative & Support Services,2017Oct,259,2017-10-01,False,False,220.0,0.17727272727272725,False,-13.75,412.25
Administrative & Support Services,2017Nov,208,2017-11-01,False,False,259.0,-0.19691119691119696,False,-13.75,412.25
Administrative & Support Services,2017Dec,175,2017-12-01,False,False,208.0,-0.15865384615384615,False,-13.75,412.25
Administrative & Support Services,2018Jan,257,2018-01-01,False,False,175.0,0.46857142857142864,False,-13.75,412.25
Administrative & Support Services,2018Feb,200,2018-02-01,False,False,257.0,-0.22178988326848248,False,-13.75,412.25
Administrative & Support Services,2018Mar,258,2018-03-01,False,False,200.0,0.29000000000000004,False,-13.75,412.25
Administrative & Support Services,2018Apr,255,2018-04-01,False,False,258.0,-0.011627906976744207,False,-13.75,412.25
Administrative & Support Services,2018May,242,2018-05-01,False,False,255.0,-0.050980392156862786,False,-13.75,412.25
Administrative & Support Services,2018Jun,215,2018-06-01,False,False,242.0,-0.11157024793388426,False,-13.75,412.25
Administrative & Support Services,2018Jul,249,2018-07-01,False,False,215.0,0.1581395348837209,False,-13.75,412.25
Administrative & Support Services,2018Aug,219,2018-08-01,False,False,249.0,-0.12048192771084343,False,-13.75,412.25
Administrative & Support Services,2018Sep,226,2018-09-01,False,False,219.0,0.03196347031963476,False,-13.75,412.25
Administrative & Support Services,2018Oct,229,2018-10-01,False,False,226.0,0.01327433628318575,False,-13.75,412.25
Administrative & Support Services,2018Nov,206,2018-11-01,False,False,229.0,-0.10043668122270744,False,-13.75,412.25
Administrative & Support Services,2018Dec,177,2018-12-01,False,False,206.0,-0.14077669902912626,False,-13.75,412.25
Administrative & Support Services,2019Jan,285,2019-01-01,False,False,177.0,0.6101694915254237,False,-13.75,412.25
Administrative & Support Services,2019Feb,202,2019-02-01,False,False,285.0,-0.2912280701754386,False,-13.75,412.25
Administrative & Support Services,2019Mar,245,2019-03-01,False,False,202.0,0.21287128712871284,False,-13.75,412.25
Administrative & Support Services,2019Apr,225,2019-04-01,False,False,245.0,-0.08163265306122447,False,-13.75,412.25
Administrative & Support Services,2019May,228,2019-05-01,False,False,225.0,0.01333333333333342,False,-13.75,412.25
Administrative & Support Services,2019Jun,192,2019-06-01,False,False,228.0,-0.1578947368421053,False,-13.75,412.25
Administrative & Support Services,2019Jul,252,2019-07-01,False,False,192.0,0.3125,False,-13.75,412.25
Administrative & Support Services,2019Aug,229,2019-08-01,False,False,252.0,-0.09126984126984128,False,-13.75,412.25
Administrative & Support Services,2019Sep,224,2019-09-01,False,False,229.0,-0.02183406113537123,False,-13.75,412.25
Administrative & Support Services,2019Oct,236,2019-10-01,False,False,224.0,0.0535714285714286,False,-13.75,412.25
Administrative & Support Services,2019Nov,208,2019-11-01,False,False,236.0,-0.11864406779661019,False,-13.75,412.25
Administrative & Support Services,2019Dec,209,2019-12-01,False,False,208.0,0.004807692307692291,False,-13.75,412.25
Administrative & Support Services,2020Jan,244,2020-01-01,False,False,209.0,0.16746411483253598,False,-13.75,412.25
Administrative & Support Services,2020Feb,231,2020-02-01,False,False,244.0,-0.05327868852459017,False,-13.75,412.25
Administrative & Support Services,2020Mar,247,2020-03-01,False,False,231.0,0.06926406926406936,False,-13.75,412.25
Administrative & Support Services,2020Apr,112,2020-04-01,False,False,247.0,-0.5465587044534412,False,-13.75,412.25
Administrative & Support Services,2020May,102,2020-05-01,False,False,112.0,-0.0892857142857143,False,-13.75,412.25
Administrative & Support Services,2020Jun,192,2020-06-01,False,False,102.0,0.8823529411764706,False,-13.75,412.25
Administrative & Support Services,2020Jul,188,2020-07-01,False,False,192.0,-0.02083333333333337,False,-13.75,412.25
Administrative & Support Services,2020Aug,179,2020-08-01,False,False,188.0,-0.0478723404255319,False,-13.75,412.25
Administrative & Support Services,2020Sep,175,2020-09-01,False,False,179.0,-0.022346368715083775,False,-13.75,412.25
Administrative & Support Services,2020Oct,214,2020-10-01,False,False,175.0,0.22285714285714286,False,-13.75,412.25
Administrative & Support Services,2020Nov,178,2020-11-01,False,False,214.0,-0.16822429906542058,False,-13.75,412.25
Administrative & Support Services,2020Dec,164,2020-12-01,False,False,178.0,-0.0786516853932584,False,-13.75,412.25
Administrative & Support Services,2021Jan,190,2021-01-01,False,False,164.0,0.15853658536585358,False,-13.75,412.25
Administrative & Support Services,2021Feb,146,2021-02-01,False,False,190.0,-0.2315789473684211,False,-13.75,412.25
Administrative & Support Services,2021Mar,197,2021-03-01,False,False,146.0,0.34931506849315075,False,-13.75,412.25
Administrative & Support Services,2021Apr,203,2021-04-01,False,False,197.0,0.030456852791878264,False,-13.75,412.25
Administrative & Support Services,2021May,129,2021-05-01,False,False,203.0,-0.3645320197044335,False,-13.75,412.25
Administrative & Support Services,2021Jun,154,2021-06-01,False,False,129.0,0.193798449612403,False,-13.75,412.25
Administrative & Support Services,2021Jul,191,2021-07-01,False,False,154.0,0.24025974025974017,False,-13.75,412.25
Administrative & Support Services,2021Aug,152,2021-08-01,False,False,191.0,-0.20418848167539272,False,-13.75,412.25
Administrative & Support Services,2021Sep,154,2021-09-01,False,False,152.0,0.013157894736842035,False,-13.75,412.25
Administrative & Support Services,2021Oct,146,2021-10-01,False,False,154.0,-0.051948051948051965,False,-13.75,412.25
Administrative & Support Services,2021Nov,172,2021-11-01,False,False,146.0,0.17808219178082196,False,-13.75,412.25
Administrative & Support Services,2021Dec,157,2021-12-01,False,False,172.0,-0.08720930232558144,False,-13.75,412.25
Administrative & Support Services,2022Jan,174,2022-01-01,False,False,157.0,0.10828025477707004,False,-13.75,412.25
Administrative & Support Services,2022Feb,159,2022-02-01,False,False,174.0,-0.08620689655172409,False,-13.75,412.25
Administrative & Support Services,2022Mar,177,2022-03-01,False,False,159.0,0.1132075471698113,False,-13.75,412.25
Administrative & Support Services,2022Apr,192,2022-04-01,False,False,177.0,0.0847457627118644,False,-13.75,412.25
Administrative & Support Services,2022May,190,2022-05-01,False,False,192.0,-0.01041666666666663,False,-13.75,412.25
Administrative & Support Services,2022Jun,186,2022-06-01,False,False,190.0,-0.021052631578947323,False,-13.75,412.25
Administrative & Support Services,2022Jul,200,2022-07-01,False,False,186.0,0.07526881720430101,False,-13.75,412.25
Administrative & Support Services,2022Aug,209,2022-08-01,False,False,200.0,0.04499999999999993,False,-13.75,412.25
Administrative & Support Services,2022Sep,228,2022-09-01,False,False,209.0,0.09090909090909083,False,-13.75,412.25
Administrative & Support Services,2022Oct,199,2022-10-01,False,False,228.0,-0.1271929824561403,False,-13.75,412.25
Administrative & Support Services,2022Nov,212,2022-11-01,False,False,199.0,0.0653266331658291,False,-13.75,412.25
Administrative & Support Services,2022Dec,196,2022-12-01,False,False,212.0,-0.07547169811320753,False,-13.75,412.25
Administrative & Support Services,2023Jan,217,2023-01-01,False,False,196.0,0.1071428571428572,False,-13.75,412.25
Administrative & Support Services,2023Feb,227,2023-02-01,False,False,217.0,0.04608294930875578,False,-13.75,412.25
Administrative & Support Services,2023Mar,256,2023-03-01,False,False,227.0,0.12775330396475781,False,-13.75,412.25
Administrative & Support Services,2023Apr,241,2023-04-01,False,False,256.0,-0.05859375,False,-13.75,412.25
Administrative & Support Services,2023May,272,2023-05-01,False,False,241.0,0.12863070539419086,False,-13.75,412.25
Administrative & Support Services,2023Jun,231,2023-06-01,False,False,272.0,-0.15073529411764708,False,-13.75,412.25
Administrative & Support Services,2023Jul,272,2023-07-01,False,False,231.0,0.17748917748917759,False,-13.75,412.25
Administrative & Support Services,2023Aug,253,2023-08-01,False,False,272.0,-0.06985294117647056,False,-13.75,412.25
Administrative & Support Services,2023Sep,226,2023-09-01,False,False,253.0,-0.10671936758893286,False,-13.75,412.25
Administrative & Support Services,2023Oct,213,2023-10-01,False,False,226.0,-0.05752212389380529,False,-13.75,412.25
Administrative & Support Services,2023Nov,194,2023-11-01,False,False,213.0,-0.08920187793427226,False,-13.75,412.25
Administrative & Support Services,2023Dec,233,2023-12-01,False,False,194.0,0.2010309278350515,False,-13.75,412.25
Administrative & Support Services,2024Jan,337,2024-01-01,False,False,233.0,0.446351931330472,False,-13.75,412.25
Administrative & Support Services,2024Feb,245,2024-02-01,False,False,337.0,-0.27299703264094954,False,-13.75,412.25
Administrative & Support Services,2024Mar,259,2024-03-01,False,False,245.0,0.05714285714285716,False,-13.75,412.25
Administrative & Support Services,2024Apr,264,2024-04-01,False,False,259.0,0.019305019305019266,False,-13.75,412.25
Administrative & Support Services,2024May,263,2024-05-01,False,False,264.0,-0.0037878787878787845,False,-13.75,412.25
Administrative & Support Services,2024Jun,247,2024-06-01,False,False,263.0,-0.06083650190114065,False,-13.75,412.25
Administrative & Support Services,2024Jul,260,2024-07-01,False,False,247.0,0.05263157894736836,False,-13.75,412.25
Administrative & Support Services,2024Aug,223,2024-08-01,False,False,260.0,-0.14230769230769236,False,-13.75,412.25
Administrative & Support Services,2024Sep,236,2024-09-01,False,False,223.0,0.058295964125560484,False,-13.75,412.25
Administrative & Support Services,2024Oct,240,2024-10-01,False,False,236.0,0.016949152542372836,False,-13.75,412.25
Administrative & Support Services,2024Nov,206,2024-11-01,False,False,240.0,-0.14166666666666672,False,-13.75,412.25
Administrative & Support Services,2024Dec,184,2024-12-01,False,False,206.0,-0.10679611650485432,False,-13.75,412.25
Administrative & Support Services,2025Jan,241,2025-01-01,False,False,184.0,0.3097826086956521,False,-13.75,412.25
Administrative & Support Services,2025Feb,237,2025-02-01,False,False,241.0,-0.016597510373444035,False,-13.75,412.25
Administrative & Support Services,2025Mar,268,2025-03-01,False,False,237.0,0.13080168776371304,False,-13.75,412.25
Administrative & Support Services,2025Apr,253,2025-04-01,False,False,268.0,-0.05597014925373134,False,-13.75,412.25
Administrative & Support Services,2025May,297,2025-05-01,False,False,253.0,0.17391304347826098,False,-13.75,412.25
Administrative & Support Services,2025Jun,255,2025-06-01,False,False,297.0,-0.14141414141414144,False,-13.75,412.25
Administrative & Support Services,2025Jul,313,2025-07-01,False,False,255.0,0.22745098039215694,False,-13.75,412.25
Administrative & Support Services,2025Aug,279,2025-08-01,False,False,313.0,-0.10862619808306706,False,-13.75,412.25
Administrative & Support Services,2025Sep,265,2025-09-01,False,False,279.0,-0.05017921146953408,False,-13.75,412.25
Administrative & Support Services,2025Oct,289,2025-10-01,False,False,265.0,0.09056603773584904,False,-13.75,412.25
Administrative & Support Services,2025Nov,266,2025-11-01,False,False,289.0,-0.07958477508650519,False,-13.75,412.25
Administrative & Support Services,2025Dec,282,2025-12-01,False,False,266.0,0.06015037593984962,False,-13.75,412.25
Administrative & Support Services,2026Jan,350,2026-01-01,False,False,282.0,0.24113475177304955,False,-13.75,412.25
Administrative & Support Services,2026Feb,268,2026-02-01,False,False,350.0,-0.23428571428571432,False,-13.75,412.25
Administrative & Support Services,2026Mar,310,2026-03-01,False,False,268.0,0.15671641791044766,False,-13.75,412.25
"Arts, Entertainment, Recreation & Other Services",1990Jan,93,1990-01-01,False,False,,,False,-58.75,551.25
"Arts, Entertainment, Recreation & Other Services",1990Feb,101,1990-02-01,False,False,93.0,0.08602150537634401,False,-58.75,551.25
"Arts, Entertainment, Recreation & Other Services",1990Mar,134,1990-03-01,False,False,101.0,0.3267326732673268,False,-58.75,551.25
"Arts, Entertainment, Recreation & Other Services",1990Apr,116,1990-04-01,False,False,134.0,-0.13432835820895528,False,-58.75,551.25
"Arts, Entertainment, Recreation & Other Services",1990May,134,1990-05-01,False,False,116.0,0.15517241379310343,False,-58.75,551.25
"Arts, Entertainment, Recreation & Other Services",1990Jun,102,1990-06-01,False,False,134.0,-0.23880597014925375,False,-58.75,551.25
"Arts, Entertainment, Recreation & Other Services",1990Jul,92,1990-07-01,False,False,102.0,-0.0980392156862745,False,-58.75,551.25
"Arts, Entertainment, Recreation & Other Services",1990Aug,122,1990-08-01,False,False,92.0,0.326086956521739,False,-58.75,551.25
"Arts, Entertainment, Recreation & Other Services",1990Sep,112,1990-09-01,False,False,122.0,-0.08196721311475408,False,-58.75,551.25
"Arts, Entertainment, Recreation & Other Services",1990Oct,100,1990-10-01,False,False,112.0,-0.1071428571428571,False,-58.75,551.25
"Arts, Entertainment, Recreation & Other Services",1990Nov,103,1990-11-01,False,False,100.0,0.030000000000000027,False,-58.75,551.25
"Arts, Entertainment, Recreation & Other Services",1990Dec,83,1990-12-01,False,False,103.0,-0.19417475728155342,False,-58.75,551.25
"Arts, Entertainment, Recreation & Other Services",1991Jan,113,1991-01-01,False,False,83.0,0.3614457831325302,False,-58.75,551.25
"Arts, Entertainment, Recreation & Other Services",1991Feb,78,1991-02-01,False,False,113.0,-0.3097345132743363,False,-58.75,551.25
"Arts, Entertainment, Recreation & Other Services",1991Mar,126,1991-03-01,False,False,78.0,0.6153846153846154,False,-58.75,551.25
"Arts, Entertainment, Recreation & Other Services",1991Apr,112,1991-04-01,False,False,126.0,-0.11111111111111116,False,-58.75,551.25
"Arts, Entertainment, Recreation & Other Services",1991May,126,1991-05-01,False,False,112.0,0.125,False,-58.75,551.25
"Arts, Entertainment, Recreation & Other Services",1991Jun,119,1991-06-01,False,False,126.0,-0.05555555555555558,False,-58.75,551.25
"Arts, Entertainment, Recreation & Other Services",1991Jul,107,1991-07-01,False,False,119.0,-0.10084033613445376,False,-58.75,551.25
"Arts, Entertainment, Recreation & Other Services",1991Aug,107,1991-08-01,False,False,107.0,0.0,False,-58.75,551.25
"Arts, Entertainment, Recreation & Other Services",1991Sep,105,1991-09-01,False,False,107.0,-0.01869158878504673,False,-58.75,551.25
"Arts, Entertainment, Recreation & Other Services",1991Oct,119,1991-10-01,False,False,105.0,0.1333333333333333,False,-58.75,551.25
"Arts, Entertainment, Recreation & Other Services",1991Nov,98,1991-11-01,False,False,119.0,-0.17647058823529416,False,-58.75,551.25
"Arts, Entertainment, Recreation & Other Services",1991Dec,93,1991-12-01,False,False,98.0,-0.05102040816326525,False,-58.75,551.25
"Arts, Entertainment, Recreation & Other Services",1992Jan,111,1992-01-01,False,False,93.0,0.19354838709677424,False,-58.75,551.25
"Arts, Entertainment, Recreation & Other Services",1992Feb,104,1992-02-01,False,False,111.0,-0.06306306306306309,False,-58.75,551.25
"Arts, Entertainment, Recreation & Other Services",1992Mar,146,1992-03-01,False,False,104.0,0.40384615384615374,False,-58.75,551.25
"Arts, Entertainment, Recreation & Other Services",1992Apr,135,1992-04-01,False,False,146.0,-0.07534246575342463,False,-58.75,551.25
"Arts, Entertainment, Recreation & Other Services",1992May,120,1992-05-01,False,False,135.0,-0.11111111111111116,False,-58.75,551.25
"Arts, Entertainment, Recreation & Other Services",1992Jun,98,1992-06-01,False,False,120.0,-0.18333333333333335,False,-58.75,551.25
"Arts, Entertainment, Recreation & Other Services",1992Jul,115,1992-07-01,False,False,98.0,0.17346938775510212,False,-58.75,551.25
"Arts, Entertainment, Recreation & Other Services",1992Aug,110,1992-08-01,False,False,115.0,-0.04347826086956519,False,-58.75,551.25
"Arts, Entertainment, Recreation & Other Services",1992Sep,131,1992-09-01,False,False,110.0,0.19090909090909092,False,-58.75,551.25
"Arts, Entertainment, Recreation & Other Services",1992Oct,122,1992-10-01,False,False,131.0,-0.06870229007633588,False,-58.75,551.25
"Arts, Entertainment, Recreation & Other Services",1992Nov,121,1992-11-01,False,False,122.0,-0.008196721311475419,False,-58.75,551.25
"Arts, Entertainment, Recreation & Other Services",1992Dec,114,1992-12-01,False,False,121.0,-0.05785123966942152,False,-58.75,551.25
"Arts, Entertainment, Recreation & Other Services",1993Jan,109,1993-01-01,False,False,114.0,-0.04385964912280704,False,-58.75,551.25
"Arts, Entertainment, Recreation & Other Services",1993Feb,146,1993-02-01,False,False,109.0,0.33944954128440363,False,-58.75,551.25
"Arts, Entertainment, Recreation & Other Services",1993Mar,146,1993-03-01,False,False,146.0,0.0,False,-58.75,551.25
"Arts, Entertainment, Recreation & Other Services",1993Apr,124,1993-04-01,False,False,146.0,-0.15068493150684936,False,-58.75,551.25
"Arts, Entertainment, Recreation & Other Services",1993May,134,1993-05-01,False,False,124.0,0.08064516129032251,False,-58.75,551.25
"Arts, Entertainment, Recreation & Other Services",1993Jun,119,1993-06-01,False,False,134.0,-0.11194029850746268,False,-58.75,551.25
"Arts, Entertainment, Recreation & Other Services",1993Jul,155,1993-07-01,False,False,119.0,0.3025210084033614,False,-58.75,551.25
"Arts, Entertainment, Recreation & Other Services",1993Aug,127,1993-08-01,False,False,155.0,-0.1806451612903226,False,-58.75,551.25
"Arts, Entertainment, Recreation & Other Services",1993Sep,135,1993-09-01,False,False,127.0,0.06299212598425208,False,-58.75,551.25
"Arts, Entertainment, Recreation & Other Services",1993Oct,125,1993-10-01,False,False,135.0,-0.07407407407407407,False,-58.75,551.25
"Arts, Entertainment, Recreation & Other Services",1993Nov,122,1993-11-01,False,False,125.0,-0.02400000000000002,False,-58.75,551.25
"Arts, Entertainment, Recreation & Other Services",1993Dec,125,1993-12-01,False,False,122.0,0.024590163934426146,False,-58.75,551.25
"Arts, Entertainment, Recreation & Other Services",1994Jan,132,1994-01-01,False,False,125.0,0.05600000000000005,False,-58.75,551.25
"Arts, Entertainment, Recreation & Other Services",1994Feb,121,1994-02-01,False,False,132.0,-0.08333333333333337,False,-58.75,551.25
"Arts, Entertainment, Recreation & Other Services",1994Mar,148,1994-03-01,False,False,121.0,0.22314049586776852,False,-58.75,551.25
"Arts, Entertainment, Recreation & Other Services",1994Apr,159,1994-04-01,False,False,148.0,0.07432432432432434,False,-58.75,551.25
"Arts, Entertainment, Recreation & Other Services",1994May,152,1994-05-01,False,False,159.0,-0.04402515723270439,False,-58.75,551.25
"Arts, Entertainment, Recreation & Other Services",1994Jun,147,1994-06-01,False,False,152.0,-0.03289473684210531,False,-58.75,551.25
"Arts, Entertainment, Recreation & Other Services",1994Jul,146,1994-07-01,False,False,147.0,-0.006802721088435382,False,-58.75,551.25
"Arts, Entertainment, Recreation & Other Services",1994Aug,150,1994-08-01,False,False,146.0,0.027397260273972712,False,-58.75,551.25
"Arts, Entertainment, Recreation & Other Services",1994Sep,162,1994-09-01,False,False,150.0,0.08000000000000007,False,-58.75,551.25
"Arts, Entertainment, Recreation & Other Services",1994Oct,144,1994-10-01,False,False,162.0,-0.11111111111111116,False,-58.75,551.25
"Arts, Entertainment, Recreation & Other Services",1994Nov,148,1994-11-01,False,False,144.0,0.02777777777777768,False,-58.75,551.25
"Arts, Entertainment, Recreation & Other Services",1994Dec,84,1994-12-01,False,False,148.0,-0.43243243243243246,False,-58.75,551.25
"Arts, Entertainment, Recreation & Other Services",1995Jan,103,1995-01-01,False,False,84.0,0.22619047619047628,False,-58.75,551.25
"Arts, Entertainment, Recreation & Other Services",1995Feb,131,1995-02-01,False,False,103.0,0.27184466019417486,False,-58.75,551.25
"Arts, Entertainment, Recreation & Other Services",1995Mar,172,1995-03-01,False,False,131.0,0.3129770992366412,False,-58.75,551.25
"Arts, Entertainment, Recreation & Other Services",1995Apr,162,1995-04-01,False,False,172.0,-0.05813953488372092,False,-58.75,551.25
"Arts, Entertainment, Recreation & Other Services",1995May,143,1995-05-01,False,False,162.0,-0.11728395061728392,False,-58.75,551.25
"Arts, Entertainment, Recreation & Other Services",1995Jun,157,1995-06-01,False,False,143.0,0.09790209790209792,False,-58.75,551.25
"Arts, Entertainment, Recreation & Other Services",1995Jul,147,1995-07-01,False,False,157.0,-0.06369426751592355,False,-58.75,551.25
"Arts, Entertainment, Recreation & Other Services",1995Aug,140,1995-08-01,False,False,147.0,-0.04761904761904767,False,-58.75,551.25
"Arts, Entertainment, Recreation & Other Services",1995Sep,144,1995-09-01,False,False,140.0,0.02857142857142847,False,-58.75,551.25
"Arts, Entertainment, Recreation & Other Services",1995Oct,135,1995-10-01,False,False,144.0,-0.0625,False,-58.75,551.25
"Arts, Entertainment, Recreation & Other Services",1995Nov,110,1995-11-01,False,False,135.0,-0.18518518518518523,False,-58.75,551.25
"Arts, Entertainment, Recreation & Other Services",1995Dec,119,1995-12-01,False,False,110.0,0.08181818181818179,False,-58.75,551.25
"Arts, Entertainment, Recreation & Other Services",1996Jan,157,1996-01-01,False,False,119.0,0.31932773109243695,False,-58.75,551.25
"Arts, Entertainment, Recreation & Other Services",1996Feb,126,1996-02-01,False,False,157.0,-0.197452229299363,False,-58.75,551.25
"Arts, Entertainment, Recreation & Other Services",1996Mar,165,1996-03-01,False,False,126.0,0.30952380952380953,False,-58.75,551.25
"Arts, Entertainment, Recreation & Other Services",1996Apr,158,1996-04-01,False,False,165.0,-0.042424242424242475,False,-58.75,551.25
"Arts, Entertainment, Recreation & Other Services",1996May,171,1996-05-01,False,False,158.0,0.08227848101265822,False,-58.75,551.25
"Arts, Entertainment, Recreation & Other Services",1996Jun,160,1996-06-01,False,False,171.0,-0.06432748538011701,False,-58.75,551.25
"Arts, Entertainment, Recreation & Other Services",1996Jul,168,1996-07-01,False,False,160.0,0.050000000000000044,False,-58.75,551.25
"Arts, Entertainment, Recreation & Other Services",1996Aug,140,1996-08-01,False,False,168.0,-0.16666666666666663,False,-58.75,551.25
"Arts, Entertainment, Recreation & Other Services",1996Sep,131,1996-09-01,False,False,140.0,-0.06428571428571428,False,-58.75,551.25
"Arts, Entertainment, Recreation & Other Services",1996Oct,167,1996-10-01,False,False,131.0,0.2748091603053435,False,-58.75,551.25
"Arts, Entertainment, Recreation & Other Services",1996Nov,156,1996-11-01,False,False,167.0,-0.06586826347305386,False,-58.75,551.25
"Arts, Entertainment, Recreation & Other Services",1996Dec,123,1996-12-01,False,False,156.0,-0.21153846153846156,False,-58.75,551.25
"Arts, Entertainment, Recreation & Other Services",1997Jan,116,1997-01-01,False,False,123.0,-0.05691056910569103,False,-58.75,551.25
"Arts, Entertainment, Recreation & Other Services",1997Feb,130,1997-02-01,False,False,116.0,0.1206896551724137,False,-58.75,551.25
"Arts, Entertainment, Recreation & Other Services",1997Mar,208,1997-03-01,False,False,130.0,0.6000000000000001,False,-58.75,551.25
"Arts, Entertainment, Recreation & Other Services",1997Apr,173,1997-04-01,False,False,208.0,-0.16826923076923073,False,-58.75,551.25
"Arts, Entertainment, Recreation & Other Services",1997May,166,1997-05-01,False,False,173.0,-0.040462427745664775,False,-58.75,551.25
"Arts, Entertainment, Recreation & Other Services",1997Jun,171,1997-06-01,False,False,166.0,0.030120481927710774,False,-58.75,551.25
"Arts, Entertainment, Recreation & Other Services",1997Jul,199,1997-07-01,False,False,171.0,0.16374269005847952,False,-58.75,551.25
"Arts, Entertainment, Recreation & Other Services",1997Aug,156,1997-08-01,False,False,199.0,-0.2160804020100503,False,-58.75,551.25
"Arts, Entertainment, Recreation & Other Services",1997Sep,169,1997-09-01,False,False,156.0,0.08333333333333326,False,-58.75,551.25
"Arts, Entertainment, Recreation & Other Services",1997Oct,166,1997-10-01,False,False,169.0,-0.017751479289940808,False,-58.75,551.25
"Arts, Entertainment, Recreation & Other Services",1997Nov,156,1997-11-01,False,False,166.0,-0.06024096385542166,False,-58.75,551.25
"Arts, Entertainment, Recreation & Other Services",1997Dec,138,1997-12-01,False,False,156.0,-0.11538461538461542,False,-58.75,551.25
"Arts, Entertainment, Recreation & Other Services",1998Jan,128,1998-01-01,False,False,138.0,-0.07246376811594202,False,-58.75,551.25
"Arts, Entertainment, Recreation & Other Services",1998Feb,175,1998-02-01,False,False,128.0,0.3671875,False,-58.75,551.25
"Arts, Entertainment, Recreation & Other Services",1998Mar,208,1998-03-01,False,False,175.0,0.1885714285714286,False,-58.75,551.25
"Arts, Entertainment, Recreation & Other Services",1998Apr,169,1998-04-01,False,False,208.0,-0.1875,False,-58.75,551.25
"Arts, Entertainment, Recreation & Other Services",1998May,165,1998-05-01,False,False,169.0,-0.023668639053254448,False,-58.75,551.25
"Arts, Entertainment, Recreation & Other Services",1998Jun,157,1998-06-01,False,False,165.0,-0.048484848484848464,False,-58.75,551.25
"Arts, Entertainment, Recreation & Other Services",1998Jul,187,1998-07-01,False,False,157.0,0.19108280254777066,False,-58.75,551.25
"Arts, Entertainment, Recreation & Other Services",1998Aug,168,1998-08-01,False,False,187.0,-0.10160427807486627,False,-58.75,551.25
"Arts, Entertainment, Recreation & Other Services",1998Sep,184,1998-09-01,False,False,168.0,0.09523809523809534,False,-58.75,551.25
"Arts, Entertainment, Recreation & Other Services",1998Oct,165,1998-10-01,False,False,184.0,-0.1032608695652174,False,-58.75,551.25
"Arts, Entertainment, Recreation & Other Services",1998Nov,177,1998-11-01,False,False,165.0,0.07272727272727275,False,-58.75,551.25
"Arts, Entertainment, Recreation & Other Services",1998Dec,154,1998-12-01,False,False,177.0,-0.12994350282485878,False,-58.75,551.25
"Arts, Entertainment, Recreation & Other Services",1999Jan,171,1999-01-01,False,False,154.0,0.11038961038961048,False,-58.75,551.25
"Arts, Entertainment, Recreation & Other Services",1999Feb,133,1999-02-01,False,False,171.0,-0.2222222222222222,False,-58.75,551.25
"Arts, Entertainment, Recreation & Other Services",1999Mar,221,1999-03-01,False,False,133.0,0.6616541353383458,False,-58.75,551.25
"Arts, Entertainment, Recreation & Other Services",1999Apr,222,1999-04-01,False,False,221.0,0.004524886877828038,False,-58.75,551.25
"Arts, Entertainment, Recreation & Other Services",1999May,197,1999-05-01,False,False,222.0,-0.11261261261261257,False,-58.75,551.25
"Arts, Entertainment, Recreation & Other Services",1999Jun,197,1999-06-01,False,False,197.0,0.0,False,-58.75,551.25
"Arts, Entertainment, Recreation & Other Services",1999Jul,202,1999-07-01,False,False,197.0,0.025380710659898442,False,-58.75,551.25
"Arts, Entertainment, Recreation & Other Services",1999Aug,196,1999-08-01,False,False,202.0,-0.02970297029702973,False,-58.75,551.25
"Arts, Entertainment, Recreation & Other Services",1999Sep,213,1999-09-01,False,False,196.0,0.08673469387755106,False,-58.75,551.25
"Arts, Entertainment, Recreation & Other Services",1999Oct,228,1999-10-01,False,False,213.0,0.07042253521126751,False,-58.75,551.25
"Arts, Entertainment, Recreation & Other Services",1999Nov,186,1999-11-01,False,False,228.0,-0.1842105263157895,False,-58.75,551.25
"Arts, Entertainment, Recreation & Other Services",1999Dec,157,1999-12-01,False,False,186.0,-0.15591397849462363,False,-58.75,551.25
"Arts, Entertainment, Recreation & Other Services",2000Jan,149,2000-01-01,False,False,157.0,-0.05095541401273884,False,-58.75,551.25
"Arts, Entertainment, Recreation & Other Services",2000Feb,173,2000-02-01,False,False,149.0,0.1610738255033557,False,-58.75,551.25
"Arts, Entertainment, Recreation & Other Services",2000Mar,222,2000-03-01,False,False,173.0,0.2832369942196531,False,-58.75,551.25
"Arts, Entertainment, Recreation & Other Services",2000Apr,207,2000-04-01,False,False,222.0,-0.06756756756756754,False,-58.75,551.25
"Arts, Entertainment, Recreation & Other Services",2000May,204,2000-05-01,False,False,207.0,-0.01449275362318836,False,-58.75,551.25
"Arts, Entertainment, Recreation & Other Services",2000Jun,205,2000-06-01,False,False,204.0,0.004901960784313708,False,-58.75,551.25
"Arts, Entertainment, Recreation & Other Services",2000Jul,185,2000-07-01,False,False,205.0,-0.09756097560975607,False,-58.75,551.25
"Arts, Entertainment, Recreation & Other Services",2000Aug,196,2000-08-01,False,False,185.0,0.05945945945945952,False,-58.75,551.25
"Arts, Entertainment, Recreation & Other Services",2000Sep,169,2000-09-01,False,False,196.0,-0.1377551020408163,False,-58.75,551.25
"Arts, Entertainment, Recreation & Other Services",2000Oct,176,2000-10-01,False,False,169.0,0.041420118343195256,False,-58.75,551.25
"Arts, Entertainment, Recreation & Other Services",2000Nov,153,2000-11-01,False,False,176.0,-0.13068181818181823,False,-58.75,551.25
"Arts, Entertainment, Recreation & Other Services",2000Dec,132,2000-12-01,False,False,153.0,-0.13725490196078427,False,-58.75,551.25
"Arts, Entertainment, Recreation & Other Services",2001Jan,139,2001-01-01,False,False,132.0,0.05303030303030298,False,-58.75,551.25
"Arts, Entertainment, Recreation & Other Services",2001Feb,219,2001-02-01,False,False,139.0,0.5755395683453237,False,-58.75,551.25
"Arts, Entertainment, Recreation & Other Services",2001Mar,211,2001-03-01,False,False,219.0,-0.0365296803652968,False,-58.75,551.25
"Arts, Entertainment, Recreation & Other Services",2001Apr,184,2001-04-01,False,False,211.0,-0.12796208530805686,False,-58.75,551.25
"Arts, Entertainment, Recreation & Other Services",2001May,276,2001-05-01,False,False,184.0,0.5,False,-58.75,551.25
"Arts, Entertainment, Recreation & Other Services",2001Jun,187,2001-06-01,False,False,276.0,-0.322463768115942,False,-58.75,551.25
"Arts, Entertainment, Recreation & Other Services",2001Jul,190,2001-07-01,False,False,187.0,0.016042780748663166,False,-58.75,551.25
"Arts, Entertainment, Recreation & Other Services",2001Aug,195,2001-08-01,False,False,190.0,0.026315789473684292,False,-58.75,551.25
"Arts, Entertainment, Recreation & Other Services",2001Sep,182,2001-09-01,False,False,195.0,-0.06666666666666665,False,-58.75,551.25
"Arts, Entertainment, Recreation & Other Services",2001Oct,210,2001-10-01,False,False,182.0,0.15384615384615374,False,-58.75,551.25
"Arts, Entertainment, Recreation & Other Services",2001Nov,177,2001-11-01,False,False,210.0,-0.15714285714285714,False,-58.75,551.25
"Arts, Entertainment, Recreation & Other Services",2001Dec,162,2001-12-01,False,False,177.0,-0.0847457627118644,False,-58.75,551.25
"Arts, Entertainment, Recreation & Other Services",2002Jan,201,2002-01-01,False,False,162.0,0.2407407407407407,False,-58.75,551.25
"Arts, Entertainment, Recreation & Other Services",2002Feb,131,2002-02-01,False,False,201.0,-0.34825870646766166,False,-58.75,551.25
"Arts, Entertainment, Recreation & Other Services",2002Mar,224,2002-03-01,False,False,131.0,0.7099236641221374,False,-58.75,551.25
"Arts, Entertainment, Recreation & Other Services",2002Apr,223,2002-04-01,False,False,224.0,-0.004464285714285698,False,-58.75,551.25
"Arts, Entertainment, Recreation & Other Services",2002May,251,2002-05-01,False,False,223.0,0.12556053811659185,False,-58.75,551.25
"Arts, Entertainment, Recreation & Other Services",2002Jun,161,2002-06-01,False,False,251.0,-0.35856573705179284,False,-58.75,551.25
"Arts, Entertainment, Recreation & Other Services",2002Jul,225,2002-07-01,False,False,161.0,0.39751552795031064,False,-58.75,551.25
"Arts, Entertainment, Recreation & Other Services",2002Aug,240,2002-08-01,False,False,225.0,0.06666666666666665,False,-58.75,551.25
"Arts, Entertainment, Recreation & Other Services",2002Sep,235,2002-09-01,False,False,240.0,-0.02083333333333337,False,-58.75,551.25
"Arts, Entertainment, Recreation & Other Services",2002Oct,241,2002-10-01,False,False,235.0,0.025531914893617058,False,-58.75,551.25
"Arts, Entertainment, Recreation & Other Services",2002Nov,199,2002-11-01,False,False,241.0,-0.17427385892116187,False,-58.75,551.25
"Arts, Entertainment, Recreation & Other Services",2002Dec,206,2002-12-01,False,False,199.0,0.035175879396984966,False,-58.75,551.25
"Arts, Entertainment, Recreation & Other Services",2003Jan,217,2003-01-01,False,False,206.0,0.05339805825242716,False,-58.75,551.25
"Arts, Entertainment, Recreation & Other Services",2003Feb,203,2003-02-01,False,False,217.0,-0.06451612903225812,False,-58.75,551.25
"Arts, Entertainment, Recreation & Other Services",2003Mar,303,2003-03-01,False,False,203.0,0.4926108374384237,False,-58.75,551.25
"Arts, Entertainment, Recreation & Other Services",2003Apr,201,2003-04-01,False,False,303.0,-0.3366336633663366,False,-58.75,551.25
"Arts, Entertainment, Recreation & Other Services",2003May,226,2003-05-01,False,False,201.0,0.12437810945273631,False,-58.75,551.25
"Arts, Entertainment, Recreation & Other Services",2003Jun,267,2003-06-01,False,False,226.0,0.18141592920353977,False,-58.75,551.25
"Arts, Entertainment, Recreation & Other Services",2003Jul,288,2003-07-01,False,False,267.0,0.0786516853932584,False,-58.75,551.25
"Arts, Entertainment, Recreation & Other Services",2003Aug,282,2003-08-01,False,False,288.0,-0.02083333333333337,False,-58.75,551.25
"Arts, Entertainment, Recreation & Other Services",2003Sep,286,2003-09-01,False,False,282.0,0.014184397163120588,False,-58.75,551.25
"Arts, Entertainment, Recreation & Other Services",2003Oct,321,2003-10-01,False,False,286.0,0.12237762237762229,False,-58.75,551.25
"Arts, Entertainment, Recreation & Other Services",2003Nov,272,2003-11-01,False,False,321.0,-0.15264797507788164,False,-58.75,551.25
"Arts, Entertainment, Recreation & Other Services",2003Dec,257,2003-12-01,False,False,272.0,-0.05514705882352944,False,-58.75,551.25
"Arts, Entertainment, Recreation & Other Services",2004Jan,206,2004-01-01,False,False,257.0,-0.19844357976653693,False,-58.75,551.25
"Arts, Entertainment, Recreation & Other Services",2004Feb,290,2004-02-01,False,False,206.0,0.4077669902912622,False,-58.75,551.25
"Arts, Entertainment, Recreation & Other Services",2004Mar,332,2004-03-01,False,False,290.0,0.14482758620689662,False,-58.75,551.25
"Arts, Entertainment, Recreation & Other Services",2004Apr,298,2004-04-01,False,False,332.0,-0.10240963855421692,False,-58.75,551.25
"Arts, Entertainment, Recreation & Other Services",2004May,296,2004-05-01,False,False,298.0,-0.006711409395973145,False,-58.75,551.25
"Arts, Entertainment, Recreation & Other Services",2004Jun,259,2004-06-01,False,False,296.0,-0.125,False,-58.75,551.25
"Arts, Entertainment, Recreation & Other Services",2004Jul,312,2004-07-01,False,False,259.0,0.20463320463320467,False,-58.75,551.25
"Arts, Entertainment, Recreation & Other Services",2004Aug,296,2004-08-01,False,False,312.0,-0.05128205128205132,False,-58.75,551.25
"Arts, Entertainment, Recreation & Other Services",2004Sep,290,2004-09-01,False,False,296.0,-0.020270270270270285,False,-58.75,551.25
"Arts, Entertainment, Recreation & Other Services",2004Oct,305,2004-10-01,False,False,290.0,0.051724137931034475,False,-58.75,551.25
"Arts, Entertainment, Recreation & Other Services",2004Nov,276,2004-11-01,False,False,305.0,-0.09508196721311479,False,-58.75,551.25
"Arts, Entertainment, Recreation & Other Services",2004Dec,297,2004-12-01,False,False,276.0,0.07608695652173902,False,-58.75,551.25
"Arts, Entertainment, Recreation & Other Services",2005Jan,239,2005-01-01,False,False,297.0,-0.19528619528619529,False,-58.75,551.25
"Arts, Entertainment, Recreation & Other Services",2005Feb,211,2005-02-01,False,False,239.0,-0.11715481171548114,False,-58.75,551.25
"Arts, Entertainment, Recreation & Other Services",2005Mar,332,2005-03-01,False,False,211.0,0.5734597156398105,False,-58.75,551.25
"Arts, Entertainment, Recreation & Other Services",2005Apr,337,2005-04-01,False,False,332.0,0.015060240963855387,False,-58.75,551.25
"Arts, Entertainment, Recreation & Other Services",2005May,284,2005-05-01,False,False,337.0,-0.1572700296735905,False,-58.75,551.25
"Arts, Entertainment, Recreation & Other Services",2005Jun,312,2005-06-01,False,False,284.0,0.09859154929577474,False,-58.75,551.25
"Arts, Entertainment, Recreation & Other Services",2005Jul,319,2005-07-01,False,False,312.0,0.022435897435897356,False,-58.75,551.25
"Arts, Entertainment, Recreation & Other Services",2005Aug,350,2005-08-01,False,False,319.0,0.09717868338557989,False,-58.75,551.25
"Arts, Entertainment, Recreation & Other Services",2005Sep,337,2005-09-01,False,False,350.0,-0.037142857142857144,False,-58.75,551.25
"Arts, Entertainment, Recreation & Other Services",2005Oct,324,2005-10-01,False,False,337.0,-0.03857566765578635,False,-58.75,551.25
"Arts, Entertainment, Recreation & Other Services",2005Nov,319,2005-11-01,False,False,324.0,-0.015432098765432056,False,-58.75,551.25
"Arts, Entertainment, Recreation & Other Services",2005Dec,317,2005-12-01,False,False,319.0,-0.006269592476489061,False,-58.75,551.25
"Arts, Entertainment, Recreation & Other Services",2006Jan,250,2006-01-01,False,False,317.0,-0.21135646687697163,False,-58.75,551.25
"Arts, Entertainment, Recreation & Other Services",2006Feb,365,2006-02-01,False,False,250.0,0.45999999999999996,False,-58.75,551.25
"Arts, Entertainment, Recreation & Other Services",2006Mar,436,2006-03-01,False,False,365.0,0.19452054794520546,False,-58.75,551.25
"Arts, Entertainment, Recreation & Other Services",2006Apr,357,2006-04-01,False,False,436.0,-0.18119266055045868,False,-58.75,551.25
"Arts, Entertainment, Recreation & Other Services",2006May,346,2006-05-01,False,False,357.0,-0.03081232492997199,False,-58.75,551.25
"Arts, Entertainment, Recreation & Other Services",2006Jun,346,2006-06-01,False,False,346.0,0.0,False,-58.75,551.25
"Arts, Entertainment, Recreation & Other Services",2006Jul,351,2006-07-01,False,False,346.0,0.014450867052023142,False,-58.75,551.25
"Arts, Entertainment, Recreation & Other Services",2006Aug,293,2006-08-01,False,False,351.0,-0.16524216524216528,False,-58.75,551.25
"Arts, Entertainment, Recreation & Other Services",2006Sep,311,2006-09-01,False,False,293.0,0.061433447098976135,False,-58.75,551.25
"Arts, Entertainment, Recreation & Other Services",2006Oct,285,2006-10-01,False,False,311.0,-0.0836012861736335,False,-58.75,551.25
"Arts, Entertainment, Recreation & Other Services",2006Nov,308,2006-11-01,False,False,285.0,0.08070175438596494,False,-58.75,551.25
"Arts, Entertainment, Recreation & Other Services",2006Dec,252,2006-12-01,False,False,308.0,-0.18181818181818177,False,-58.75,551.25
"Arts, Entertainment, Recreation & Other Services",2007Jan,299,2007-01-01,False,False,252.0,0.1865079365079365,False,-58.75,551.25
"Arts, Entertainment, Recreation & Other Services",2007Feb,240,2007-02-01,False,False,299.0,-0.19732441471571904,False,-58.75,551.25
"Arts, Entertainment, Recreation & Other Services",2007Mar,376,2007-03-01,False,False,240.0,0.5666666666666667,False,-58.75,551.25
"Arts, Entertainment, Recreation & Other Services",2007Apr,396,2007-04-01,False,False,376.0,0.05319148936170204,False,-58.75,551.25
"Arts, Entertainment, Recreation & Other Services",2007May,348,2007-05-01,False,False,396.0,-0.12121212121212122,False,-58.75,551.25
"Arts, Entertainment, Recreation & Other Services",2007Jun,345,2007-06-01,False,False,348.0,-0.008620689655172376,False,-58.75,551.25
"Arts, Entertainment, Recreation & Other Services",2007Jul,323,2007-07-01,False,False,345.0,-0.06376811594202902,False,-58.75,551.25
"Arts, Entertainment, Recreation & Other Services",2007Aug,347,2007-08-01,False,False,323.0,0.07430340557275539,False,-58.75,551.25
"Arts, Entertainment, Recreation & Other Services",2007Sep,319,2007-09-01,False,False,347.0,-0.0806916426512968,False,-58.75,551.25
"Arts, Entertainment, Recreation & Other Services",2007Oct,334,2007-10-01,False,False,319.0,0.047021943573667624,False,-58.75,551.25
"Arts, Entertainment, Recreation & Other Services",2007Nov,327,2007-11-01,False,False,334.0,-0.020958083832335328,False,-58.75,551.25
"Arts, Entertainment, Recreation & Other Services",2007Dec,259,2007-12-01,False,False,327.0,-0.20795107033639149,False,-58.75,551.25
"Arts, Entertainment, Recreation & Other Services",2008Jan,326,2008-01-01,False,False,259.0,0.2586872586872586,False,-58.75,551.25
"Arts, Entertainment, Recreation & Other Services",2008Feb,247,2008-02-01,False,False,326.0,-0.24233128834355833,False,-58.75,551.25
"Arts, Entertainment, Recreation & Other Services",2008Mar,349,2008-03-01,False,False,247.0,0.41295546558704443,False,-58.75,551.25
"Arts, Entertainment, Recreation & Other Services",2008Apr,348,2008-04-01,False,False,349.0,-0.002865329512893977,False,-58.75,551.25
"Arts, Entertainment, Recreation & Other Services",2008May,434,2008-05-01,False,False,348.0,0.24712643678160928,False,-58.75,551.25
"Arts, Entertainment, Recreation & Other Services",2008Jun,358,2008-06-01,False,False,434.0,-0.1751152073732719,False,-58.75,551.25
"Arts, Entertainment, Recreation & Other Services",2008Jul,432,2008-07-01,False,False,358.0,0.2067039106145252,False,-58.75,551.25
"Arts, Entertainment, Recreation & Other Services",2008Aug,350,2008-08-01,False,False,432.0,-0.18981481481481477,False,-58.75,551.25
"Arts, Entertainment, Recreation & Other Services",2008Sep,352,2008-09-01,False,False,350.0,0.005714285714285783,False,-58.75,551.25
"Arts, Entertainment, Recreation & Other Services",2008Oct,333,2008-10-01,False,False,352.0,-0.05397727272727271,False,-58.75,551.25
"Arts, Entertainment, Recreation & Other Services",2008Nov,309,2008-11-01,False,False,333.0,-0.07207207207207211,False,-58.75,551.25
"Arts, Entertainment, Recreation & Other Services",2008Dec,239,2008-12-01,False,False,309.0,-0.22653721682847894,False,-58.75,551.25
"Arts, Entertainment, Recreation & Other Services",2009Jan,278,2009-01-01,False,False,239.0,0.16317991631799167,False,-58.75,551.25
"Arts, Entertainment, Recreation & Other Services",2009Feb,340,2009-02-01,False,False,278.0,0.2230215827338129,False,-58.75,551.25
"Arts, Entertainment, Recreation & Other Services",2009Mar,385,2009-03-01,False,False,340.0,0.13235294117647056,False,-58.75,551.25
"Arts, Entertainment, Recreation & Other Services",2009Apr,390,2009-04-01,False,False,385.0,0.01298701298701288,False,-58.75,551.25
"Arts, Entertainment, Recreation & Other Services",2009May,332,2009-05-01,False,False,390.0,-0.14871794871794874,False,-58.75,551.25
"Arts, Entertainment, Recreation & Other Services",2009Jun,361,2009-06-01,False,False,332.0,0.08734939759036142,False,-58.75,551.25
"Arts, Entertainment, Recreation & Other Services",2009Jul,395,2009-07-01,False,False,361.0,0.09418282548476453,False,-58.75,551.25
"Arts, Entertainment, Recreation & Other Services",2009Aug,334,2009-08-01,False,False,395.0,-0.1544303797468355,False,-58.75,551.25
"Arts, Entertainment, Recreation & Other Services",2009Sep,327,2009-09-01,False,False,334.0,-0.020958083832335328,False,-58.75,551.25
"Arts, Entertainment, Recreation & Other Services",2009Oct,348,2009-10-01,False,False,327.0,0.06422018348623859,False,-58.75,551.25
"Arts, Entertainment, Recreation & Other Services",2009Nov,266,2009-11-01,False,False,348.0,-0.23563218390804597,False,-58.75,551.25
"Arts, Entertainment, Recreation & Other Services",2009Dec,284,2009-12-01,False,False,266.0,0.06766917293233088,False,-58.75,551.25
"Arts, Entertainment, Recreation & Other Services",2010Jan,314,2010-01-01,False,False,284.0,0.10563380281690149,False,-58.75,551.25
"Arts, Entertainment, Recreation & Other Services",2010Feb,251,2010-02-01,False,False,314.0,-0.2006369426751592,False,-58.75,551.25
"Arts, Entertainment, Recreation & Other Services",2010Mar,337,2010-03-01,False,False,251.0,0.34262948207171307,False,-58.75,551.25
"Arts, Entertainment, Recreation & Other Services",2010Apr,296,2010-04-01,False,False,337.0,-0.12166172106824924,False,-58.75,551.25
"Arts, Entertainment, Recreation & Other Services",2010May,312,2010-05-01,False,False,296.0,0.054054054054053946,False,-58.75,551.25
"Arts, Entertainment, Recreation & Other Services",2010Jun,288,2010-06-01,False,False,312.0,-0.07692307692307687,False,-58.75,551.25
"Arts, Entertainment, Recreation & Other Services",2010Jul,286,2010-07-01,False,False,288.0,-0.00694444444444442,False,-58.75,551.25
"Arts, Entertainment, Recreation & Other Services",2010Aug,245,2010-08-01,False,False,286.0,-0.14335664335664333,False,-58.75,551.25
"Arts, Entertainment, Recreation & Other Services",2010Sep,310,2010-09-01,False,False,245.0,0.26530612244897966,False,-58.75,551.25
"Arts, Entertainment, Recreation & Other Services",2010Oct,306,2010-10-01,False,False,310.0,-0.012903225806451646,False,-58.75,551.25
"Arts, Entertainment, Recreation & Other Services",2010Nov,231,2010-11-01,False,False,306.0,-0.2450980392156863,False,-58.75,551.25
"Arts, Entertainment, Recreation & Other Services",2010Dec,284,2010-12-01,False,False,231.0,0.22943722943722933,False,-58.75,551.25
"Arts, Entertainment, Recreation & Other Services",2011Jan,269,2011-01-01,False,False,284.0,-0.052816901408450745,False,-58.75,551.25
"Arts, Entertainment, Recreation & Other Services",2011Feb,230,2011-02-01,False,False,269.0,-0.14498141263940523,False,-58.75,551.25
"Arts, Entertainment, Recreation & Other Services",2011Mar,356,2011-03-01,False,False,230.0,0.5478260869565217,False,-58.75,551.25
"Arts, Entertainment, Recreation & Other Services",2011Apr,287,2011-04-01,False,False,356.0,-0.1938202247191011,False,-58.75,551.25
"Arts, Entertainment, Recreation & Other Services",2011May,258,2011-05-01,False,False,287.0,-0.10104529616724733,False,-58.75,551.25
"Arts, Entertainment, Recreation & Other Services",2011Jun,274,2011-06-01,False,False,258.0,0.0620155038759691,False,-58.75,551.25
"Arts, Entertainment, Recreation & Other Services",2011Jul,304,2011-07-01,False,False,274.0,0.10948905109489049,False,-58.75,551.25
"Arts, Entertainment, Recreation & Other Services",2011Aug,252,2011-08-01,False,False,304.0,-0.17105263157894735,False,-58.75,551.25
"Arts, Entertainment, Recreation & Other Services",2011Sep,297,2011-09-01,False,False,252.0,0.1785714285714286,False,-58.75,551.25
"Arts, Entertainment, Recreation & Other Services",2011Oct,299,2011-10-01,False,False,297.0,0.006734006734006703,False,-58.75,551.25
"Arts, Entertainment, Recreation & Other Services",2011Nov,264,2011-11-01,False,False,299.0,-0.117056856187291,False,-58.75,551.25
"Arts, Entertainment, Recreation & Other Services",2011Dec,236,2011-12-01,False,False,264.0,-0.10606060606060608,False,-58.75,551.25
"Arts, Entertainment, Recreation & Other Services",2012Jan,252,2012-01-01,False,False,236.0,0.06779661016949157,False,-58.75,551.25
"Arts, Entertainment, Recreation & Other Services",2012Feb,355,2012-02-01,False,False,252.0,0.40873015873015883,False,-58.75,551.25
"Arts, Entertainment, Recreation & Other Services",2012Mar,330,2012-03-01,False,False,355.0,-0.07042253521126762,False,-58.75,551.25
"Arts, Entertainment, Recreation & Other Services",2012Apr,283,2012-04-01,False,False,330.0,-0.14242424242424245,False,-58.75,551.25
"Arts, Entertainment, Recreation & Other Services",2012May,289,2012-05-01,False,False,283.0,0.021201413427561766,False,-58.75,551.25
"Arts, Entertainment, Recreation & Other Services",2012Jun,270,2012-06-01,False,False,289.0,-0.06574394463667821,False,-58.75,551.25
"Arts, Entertainment, Recreation & Other Services",2012Jul,297,2012-07-01,False,False,270.0,0.10000000000000009,False,-58.75,551.25
"Arts, Entertainment, Recreation & Other Services",2012Aug,296,2012-08-01,False,False,297.0,-0.0033670033670033517,False,-58.75,551.25
"Arts, Entertainment, Recreation & Other Services",2012Sep,259,2012-09-01,False,False,296.0,-0.125,False,-58.75,551.25
"Arts, Entertainment, Recreation & Other Services",2012Oct,288,2012-10-01,False,False,259.0,0.11196911196911197,False,-58.75,551.25
"Arts, Entertainment, Recreation & Other Services",2012Nov,239,2012-11-01,False,False,288.0,-0.17013888888888884,False,-58.75,551.25
"Arts, Entertainment, Recreation & Other Services",2012Dec,220,2012-12-01,False,False,239.0,-0.07949790794979084,False,-58.75,551.25
"Arts, Entertainment, Recreation & Other Services",2013Jan,276,2013-01-01,False,False,220.0,0.25454545454545463,False,-58.75,551.25
"Arts, Entertainment, Recreation & Other Services",2013Feb,196,2013-02-01,False,False,276.0,-0.28985507246376807,False,-58.75,551.25
"Arts, Entertainment, Recreation & Other Services",2013Mar,299,2013-03-01,False,False,196.0,0.5255102040816326,False,-58.75,551.25
"Arts, Entertainment, Recreation & Other Services",2013Apr,329,2013-04-01,False,False,299.0,0.10033444816053505,False,-58.75,551.25
"Arts, Entertainment, Recreation & Other Services",2013May,311,2013-05-01,False,False,329.0,-0.054711246200607855,False,-58.75,551.25
"Arts, Entertainment, Recreation & Other Services",2013Jun,322,2013-06-01,False,False,311.0,0.03536977491961424,False,-58.75,551.25
"Arts, Entertainment, Recreation & Other Services",2013Jul,312,2013-07-01,False,False,322.0,-0.03105590062111796,False,-58.75,551.25
"Arts, Entertainment, Recreation & Other Services",2013Aug,252,2013-08-01,False,False,312.0,-0.1923076923076923,False,-58.75,551.25
"Arts, Entertainment, Recreation & Other Services",2013Sep,299,2013-09-01,False,False,252.0,0.1865079365079365,False,-58.75,551.25
"Arts, Entertainment, Recreation & Other Services",2013Oct,300,2013-10-01,False,False,299.0,0.0033444816053511683,False,-58.75,551.25
"Arts, Entertainment, Recreation & Other Services",2013Nov,265,2013-11-01,False,False,300.0,-0.1166666666666667,False,-58.75,551.25
"Arts, Entertainment, Recreation & Other Services",2013Dec,247,2013-12-01,False,False,265.0,-0.06792452830188678,False,-58.75,551.25
"Arts, Entertainment, Recreation & Other Services",2014Jan,317,2014-01-01,False,False,247.0,0.2834008097165992,False,-58.75,551.25
"Arts, Entertainment, Recreation & Other Services",2014Feb,305,2014-02-01,False,False,317.0,-0.03785488958990535,False,-58.75,551.25
"Arts, Entertainment, Recreation & Other Services",2014Mar,398,2014-03-01,False,False,305.0,0.30491803278688523,False,-58.75,551.25
"Arts, Entertainment, Recreation & Other Services",2014Apr,406,2014-04-01,False,False,398.0,0.0201005025125629,False,-58.75,551.25
"Arts, Entertainment, Recreation & Other Services",2014May,346,2014-05-01,False,False,406.0,-0.14778325123152714,False,-58.75,551.25
"Arts, Entertainment, Recreation & Other Services",2014Jun,409,2014-06-01,False,False,346.0,0.18208092485549132,False,-58.75,551.25
"Arts, Entertainment, Recreation & Other Services",2014Jul,407,2014-07-01,False,False,409.0,-0.004889975550122272,False,-58.75,551.25
"Arts, Entertainment, Recreation & Other Services",2014Aug,414,2014-08-01,False,False,407.0,0.017199017199017286,False,-58.75,551.25
"Arts, Entertainment, Recreation & Other Services",2014Sep,593,2014-09-01,False,False,414.0,0.43236714975845403,True,-58.75,551.25
"Arts, Entertainment, Recreation & Other Services",2014Oct,500,2014-10-01,False,False,593.0,-0.15682967959527827,False,-58.75,551.25
"Arts, Entertainment, Recreation & Other Services",2014Nov,427,2014-11-01,False,False,500.0,-0.14600000000000002,False,-58.75,551.25
"Arts, Entertainment, Recreation & Other Services",2014Dec,349,2014-12-01,False,False,427.0,-0.18266978922716626,False,-58.75,551.25
"Arts, Entertainment, Recreation & Other Services",2015Jan,285,2015-01-01,False,False,349.0,-0.18338108882521487,False,-58.75,551.25
"Arts, Entertainment, Recreation & Other Services",2015Feb,222,2015-02-01,False,False,285.0,-0.2210526315789474,False,-58.75,551.25
"Arts, Entertainment, Recreation & Other Services",2015Mar,316,2015-03-01,False,False,222.0,0.4234234234234233,False,-58.75,551.25
"Arts, Entertainment, Recreation & Other Services",2015Apr,350,2015-04-01,False,False,316.0,0.10759493670886067,False,-58.75,551.25
"Arts, Entertainment, Recreation & Other Services",2015May,319,2015-05-01,False,False,350.0,-0.08857142857142852,False,-58.75,551.25
"Arts, Entertainment, Recreation & Other Services",2015Jun,291,2015-06-01,False,False,319.0,-0.08777429467084641,False,-58.75,551.25
"Arts, Entertainment, Recreation & Other Services",2015Jul,301,2015-07-01,False,False,291.0,0.03436426116838498,False,-58.75,551.25
"Arts, Entertainment, Recreation & Other Services",2015Aug,281,2015-08-01,False,False,301.0,-0.06644518272425248,False,-58.75,551.25
"Arts, Entertainment, Recreation & Other Services",2015Sep,284,2015-09-01,False,False,281.0,0.01067615658362997,False,-58.75,551.25
"Arts, Entertainment, Recreation & Other Services",2015Oct,333,2015-10-01,False,False,284.0,0.17253521126760574,False,-58.75,551.25
"Arts, Entertainment, Recreation & Other Services",2015Nov,283,2015-11-01,False,False,333.0,-0.1501501501501501,False,-58.75,551.25
"Arts, Entertainment, Recreation & Other Services",2015Dec,235,2015-12-01,False,False,283.0,-0.16961130742049468,False,-58.75,551.25
"Arts, Entertainment, Recreation & Other Services",2016Jan,260,2016-01-01,False,False,235.0,0.1063829787234043,False,-58.75,551.25
"Arts, Entertainment, Recreation & Other Services",2016Feb,252,2016-02-01,False,False,260.0,-0.03076923076923077,False,-58.75,551.25
"Arts, Entertainment, Recreation & Other Services",2016Mar,368,2016-03-01,False,False,252.0,0.46031746031746024,False,-58.75,551.25
"Arts, Entertainment, Recreation & Other Services",2016Apr,324,2016-04-01,False,False,368.0,-0.11956521739130432,False,-58.75,551.25
"Arts, Entertainment, Recreation & Other Services",2016May,302,2016-05-01,False,False,324.0,-0.0679012345679012,False,-58.75,551.25
"Arts, Entertainment, Recreation & Other Services",2016Jun,294,2016-06-01,False,False,302.0,-0.026490066225165587,False,-58.75,551.25
"Arts, Entertainment, Recreation & Other Services",2016Jul,288,2016-07-01,False,False,294.0,-0.020408163265306145,False,-58.75,551.25
"Arts, Entertainment, Recreation & Other Services",2016Aug,303,2016-08-01,False,False,288.0,0.05208333333333326,False,-58.75,551.25
"Arts, Entertainment, Recreation & Other Services",2016Sep,282,2016-09-01,False,False,303.0,-0.06930693069306926,False,-58.75,551.25
"Arts, Entertainment, Recreation & Other Services",2016Oct,301,2016-10-01,False,False,282.0,0.06737588652482263,False,-58.75,551.25
"Arts, Entertainment, Recreation & Other Services",2016Nov,280,2016-11-01,False,False,301.0,-0.06976744186046513,False,-58.75,551.25
"Arts, Entertainment, Recreation & Other Services",2016Dec,226,2016-12-01,False,False,280.0,-0.19285714285714284,False,-58.75,551.25
"Arts, Entertainment, Recreation & Other Services",2017Jan,239,2017-01-01,False,False,226.0,0.05752212389380529,False,-58.75,551.25
"Arts, Entertainment, Recreation & Other Services",2017Feb,239,2017-02-01,False,False,239.0,0.0,False,-58.75,551.25
"Arts, Entertainment, Recreation & Other Services",2017Mar,375,2017-03-01,False,False,239.0,0.5690376569037656,False,-58.75,551.25
"Arts, Entertainment, Recreation & Other Services",2017Apr,276,2017-04-01,False,False,375.0,-0.264,False,-58.75,551.25
"Arts, Entertainment, Recreation & Other Services",2017May,321,2017-05-01,False,False,276.0,0.16304347826086962,False,-58.75,551.25
"Arts, Entertainment, Recreation & Other Services",2017Jun,255,2017-06-01,False,False,321.0,-0.20560747663551404,False,-58.75,551.25
"Arts, Entertainment, Recreation & Other Services",2017Jul,306,2017-07-01,False,False,255.0,0.19999999999999996,False,-58.75,551.25
"Arts, Entertainment, Recreation & Other Services",2017Aug,298,2017-08-01,False,False,306.0,-0.02614379084967322,False,-58.75,551.25
"Arts, Entertainment, Recreation & Other Services",2017Sep,254,2017-09-01,False,False,298.0,-0.1476510067114094,False,-58.75,551.25
"Arts, Entertainment, Recreation & Other Services",2017Oct,274,2017-10-01,False,False,254.0,0.07874015748031504,False,-58.75,551.25
"Arts, Entertainment, Recreation & Other Services",2017Nov,277,2017-11-01,False,False,274.0,0.010948905109489093,False,-58.75,551.25
"Arts, Entertainment, Recreation & Other Services",2017Dec,210,2017-12-01,False,False,277.0,-0.24187725631768953,False,-58.75,551.25
"Arts, Entertainment, Recreation & Other Services",2018Jan,296,2018-01-01,False,False,210.0,0.4095238095238096,False,-58.75,551.25
"Arts, Entertainment, Recreation & Other Services",2018Feb,207,2018-02-01,False,False,296.0,-0.30067567567567566,False,-58.75,551.25
"Arts, Entertainment, Recreation & Other Services",2018Mar,310,2018-03-01,False,False,207.0,0.4975845410628019,False,-58.75,551.25
"Arts, Entertainment, Recreation & Other Services",2018Apr,317,2018-04-01,False,False,310.0,0.022580645161290214,False,-58.75,551.25
"Arts, Entertainment, Recreation & Other Services",2018May,262,2018-05-01,False,False,317.0,-0.17350157728706628,False,-58.75,551.25
"Arts, Entertainment, Recreation & Other Services",2018Jun,262,2018-06-01,False,False,262.0,0.0,False,-58.75,551.25
"Arts, Entertainment, Recreation & Other Services",2018Jul,322,2018-07-01,False,False,262.0,0.2290076335877862,False,-58.75,551.25
"Arts, Entertainment, Recreation & Other Services",2018Aug,296,2018-08-01,False,False,322.0,-0.08074534161490687,False,-58.75,551.25
"Arts, Entertainment, Recreation & Other Services",2018Sep,272,2018-09-01,False,False,296.0,-0.08108108108108103,False,-58.75,551.25
"Arts, Entertainment, Recreation & Other Services",2018Oct,297,2018-10-01,False,False,272.0,0.09191176470588225,False,-58.75,551.25
"Arts, Entertainment, Recreation & Other Services",2018Nov,256,2018-11-01,False,False,297.0,-0.13804713804713808,False,-58.75,551.25
"Arts, Entertainment, Recreation & Other Services",2018Dec,256,2018-12-01,False,False,256.0,0.0,False,-58.75,551.25
"Arts, Entertainment, Recreation & Other Services",2019Jan,309,2019-01-01,False,False,256.0,0.20703125,False,-58.75,551.25
"Arts, Entertainment, Recreation & Other Services",2019Feb,235,2019-02-01,False,False,309.0,-0.23948220064724923,False,-58.75,551.25
"Arts, Entertainment, Recreation & Other Services",2019Mar,338,2019-03-01,False,False,235.0,0.4382978723404256,False,-58.75,551.25
"Arts, Entertainment, Recreation & Other Services",2019Apr,306,2019-04-01,False,False,338.0,-0.09467455621301779,False,-58.75,551.25
"Arts, Entertainment, Recreation & Other Services",2019May,318,2019-05-01,False,False,306.0,0.03921568627450989,False,-58.75,551.25
"Arts, Entertainment, Recreation & Other Services",2019Jun,280,2019-06-01,False,False,318.0,-0.11949685534591192,False,-58.75,551.25
"Arts, Entertainment, Recreation & Other Services",2019Jul,338,2019-07-01,False,False,280.0,0.20714285714285707,False,-58.75,551.25
"Arts, Entertainment, Recreation & Other Services",2019Aug,281,2019-08-01,False,False,338.0,-0.16863905325443784,False,-58.75,551.25
"Arts, Entertainment, Recreation & Other Services",2019Sep,305,2019-09-01,False,False,281.0,0.08540925266903909,False,-58.75,551.25
"Arts, Entertainment, Recreation & Other Services",2019Oct,332,2019-10-01,False,False,305.0,0.08852459016393444,False,-58.75,551.25
"Arts, Entertainment, Recreation & Other Services",2019Nov,271,2019-11-01,False,False,332.0,-0.1837349397590361,False,-58.75,551.25
"Arts, Entertainment, Recreation & Other Services",2019Dec,236,2019-12-01,False,False,271.0,-0.12915129151291516,False,-58.75,551.25
"Arts, Entertainment, Recreation & Other Services",2020Jan,251,2020-01-01,False,False,236.0,0.06355932203389836,False,-58.75,551.25
"Arts, Entertainment, Recreation & Other Services",2020Feb,235,2020-02-01,False,False,251.0,-0.06374501992031878,False,-58.75,551.25
"Arts, Entertainment, Recreation & Other Services",2020Mar,268,2020-03-01,False,False,235.0,0.1404255319148937,False,-58.75,551.25
"Arts, Entertainment, Recreation & Other Services",2020Apr,153,2020-04-01,False,False,268.0,-0.42910447761194026,False,-58.75,551.25
"Arts, Entertainment, Recreation & Other Services",2020May,169,2020-05-01,False,False,153.0,0.10457516339869288,False,-58.75,551.25
"Arts, Entertainment, Recreation & Other Services",2020Jun,273,2020-06-01,False,False,169.0,0.6153846153846154,False,-58.75,551.25
"Arts, Entertainment, Recreation & Other Services",2020Jul,325,2020-07-01,False,False,273.0,0.19047619047619047,False,-58.75,551.25
"Arts, Entertainment, Recreation & Other Services",2020Aug,314,2020-08-01,False,False,325.0,-0.03384615384615386,False,-58.75,551.25
"Arts, Entertainment, Recreation & Other Services",2020Sep,348,2020-09-01,False,False,314.0,0.10828025477707004,False,-58.75,551.25
"Arts, Entertainment, Recreation & Other Services",2020Oct,372,2020-10-01,False,False,348.0,0.06896551724137923,False,-58.75,551.25
"Arts, Entertainment, Recreation & Other Services",2020Nov,329,2020-11-01,False,False,372.0,-0.11559139784946237,False,-58.75,551.25
"Arts, Entertainment, Recreation & Other Services",2020Dec,325,2020-12-01,False,False,329.0,-0.012158054711246202,False,-58.75,551.25
"Arts, Entertainment, Recreation & Other Services",2021Jan,344,2021-01-01,False,False,325.0,0.058461538461538565,False,-58.75,551.25
"Arts, Entertainment, Recreation & Other Services",2021Feb,255,2021-02-01,False,False,344.0,-0.25872093023255816,False,-58.75,551.25
"Arts, Entertainment, Recreation & Other Services",2021Mar,434,2021-03-01,False,False,255.0,0.7019607843137254,False,-58.75,551.25
"Arts, Entertainment, Recreation & Other Services",2021Apr,363,2021-04-01,False,False,434.0,-0.16359447004608296,False,-58.75,551.25
"Arts, Entertainment, Recreation & Other Services",2021May,269,2021-05-01,False,False,363.0,-0.2589531680440771,False,-58.75,551.25
"Arts, Entertainment, Recreation & Other Services",2021Jun,301,2021-06-01,False,False,269.0,0.11895910780669139,False,-58.75,551.25
"Arts, Entertainment, Recreation & Other Services",2021Jul,341,2021-07-01,False,False,301.0,0.13289036544850497,False,-58.75,551.25
"Arts, Entertainment, Recreation & Other Services",2021Aug,293,2021-08-01,False,False,341.0,-0.1407624633431085,False,-58.75,551.25
"Arts, Entertainment, Recreation & Other Services",2021Sep,291,2021-09-01,False,False,293.0,-0.0068259385665528916,False,-58.75,551.25
"Arts, Entertainment, Recreation & Other Services",2021Oct,267,2021-10-01,False,False,291.0,-0.08247422680412375,False,-58.75,551.25
"Arts, Entertainment, Recreation & Other Services",2021Nov,286,2021-11-01,False,False,267.0,0.07116104868913853,False,-58.75,551.25
"Arts, Entertainment, Recreation & Other Services",2021Dec,298,2021-12-01,False,False,286.0,0.04195804195804187,False,-58.75,551.25
"Arts, Entertainment, Recreation & Other Services",2022Jan,255,2022-01-01,False,False,298.0,-0.14429530201342278,False,-58.75,551.25
"Arts, Entertainment, Recreation & Other Services",2022Feb,268,2022-02-01,False,False,255.0,0.050980392156862786,False,-58.75,551.25
"Arts, Entertainment, Recreation & Other Services",2022Mar,344,2022-03-01,False,False,268.0,0.28358208955223874,False,-58.75,551.25
"Arts, Entertainment, Recreation & Other Services",2022Apr,424,2022-04-01,False,False,344.0,0.2325581395348837,False,-58.75,551.25
"Arts, Entertainment, Recreation & Other Services",2022May,342,2022-05-01,False,False,424.0,-0.19339622641509435,False,-58.75,551.25
"Arts, Entertainment, Recreation & Other Services",2022Jun,383,2022-06-01,False,False,342.0,0.11988304093567259,False,-58.75,551.25
"Arts, Entertainment, Recreation & Other Services",2022Jul,336,2022-07-01,False,False,383.0,-0.12271540469973885,False,-58.75,551.25
"Arts, Entertainment, Recreation & Other Services",2022Aug,379,2022-08-01,False,False,336.0,0.12797619047619047,False,-58.75,551.25
"Arts, Entertainment, Recreation & Other Services",2022Sep,330,2022-09-01,False,False,379.0,-0.12928759894459108,False,-58.75,551.25
"Arts, Entertainment, Recreation & Other Services",2022Oct,322,2022-10-01,False,False,330.0,-0.024242424242424288,False,-58.75,551.25
"Arts, Entertainment, Recreation & Other Services",2022Nov,330,2022-11-01,False,False,322.0,0.024844720496894457,False,-58.75,551.25
"Arts, Entertainment, Recreation & Other Services",2022Dec,293,2022-12-01,False,False,330.0,-0.11212121212121207,False,-58.75,551.25
"Arts, Entertainment, Recreation & Other Services",2023Jan,286,2023-01-01,False,False,293.0,-0.023890784982935176,False,-58.75,551.25
"Arts, Entertainment, Recreation & Other Services",2023Feb,336,2023-02-01,False,False,286.0,0.1748251748251748,False,-58.75,551.25
"Arts, Entertainment, Recreation & Other Services",2023Mar,390,2023-03-01,False,False,336.0,0.1607142857142858,False,-58.75,551.25
"Arts, Entertainment, Recreation & Other Services",2023Apr,314,2023-04-01,False,False,390.0,-0.19487179487179485,False,-58.75,551.25
"Arts, Entertainment, Recreation & Other Services",2023May,389,2023-05-01,False,False,314.0,0.23885350318471343,False,-58.75,551.25
"Arts, Entertainment, Recreation & Other Services",2023Jun,303,2023-06-01,False,False,389.0,-0.22107969151670948,False,-58.75,551.25
"Arts, Entertainment, Recreation & Other Services",2023Jul,370,2023-07-01,False,False,303.0,0.22112211221122102,False,-58.75,551.25
"Arts, Entertainment, Recreation & Other Services",2023Aug,398,2023-08-01,False,False,370.0,0.07567567567567557,False,-58.75,551.25
"Arts, Entertainment, Recreation & Other Services",2023Sep,315,2023-09-01,False,False,398.0,-0.20854271356783916,False,-58.75,551.25
"Arts, Entertainment, Recreation & Other Services",2023Oct,397,2023-10-01,False,False,315.0,0.2603174603174603,False,-58.75,551.25
"Arts, Entertainment, Recreation & Other Services",2023Nov,312,2023-11-01,False,False,397.0,-0.21410579345088165,False,-58.75,551.25
"Arts, Entertainment, Recreation & Other Services",2023Dec,284,2023-12-01,False,False,312.0,-0.08974358974358976,False,-58.75,551.25
"Arts, Entertainment, Recreation & Other Services",2024Jan,409,2024-01-01,False,False,284.0,0.4401408450704225,False,-58.75,551.25
"Arts, Entertainment, Recreation & Other Services",2024Feb,315,2024-02-01,False,False,409.0,-0.22982885085574567,False,-58.75,551.25
"Arts, Entertainment, Recreation & Other Services",2024Mar,349,2024-03-01,False,False,315.0,0.107936507936508,False,-58.75,551.25
"Arts, Entertainment, Recreation & Other Services",2024Apr,404,2024-04-01,False,False,349.0,0.15759312320916896,False,-58.75,551.25
"Arts, Entertainment, Recreation & Other Services",2024May,349,2024-05-01,False,False,404.0,-0.13613861386138615,False,-58.75,551.25
"Arts, Entertainment, Recreation & Other Services",2024Jun,326,2024-06-01,False,False,349.0,-0.06590257879656158,False,-58.75,551.25
"Arts, Entertainment, Recreation & Other Services",2024Jul,409,2024-07-01,False,False,326.0,0.2546012269938651,False,-58.75,551.25
"Arts, Entertainment, Recreation & Other Services",2024Aug,377,2024-08-01,False,False,409.0,-0.07823960880195602,False,-58.75,551.25
"Arts, Entertainment, Recreation & Other Services",2024Sep,362,2024-09-01,False,False,377.0,-0.03978779840848812,False,-58.75,551.25
"Arts, Entertainment, Recreation & Other Services",2024Oct,397,2024-10-01,False,False,362.0,0.09668508287292821,False,-58.75,551.25
"Arts, Entertainment, Recreation & Other Services",2024Nov,326,2024-11-01,False,False,397.0,-0.17884130982367763,False,-58.75,551.25
"Arts, Entertainment, Recreation & Other Services",2024Dec,271,2024-12-01,False,False,326.0,-0.16871165644171782,False,-58.75,551.25
"Arts, Entertainment, Recreation & Other Services",2025Jan,330,2025-01-01,False,False,271.0,0.21771217712177116,False,-58.75,551.25
"Arts, Entertainment, Recreation & Other Services",2025Feb,359,2025-02-01,False,False,330.0,0.08787878787878789,False,-58.75,551.25
"Arts, Entertainment, Recreation & Other Services",2025Mar,424,2025-03-01,False,False,359.0,0.18105849582172695,False,-58.75,551.25
"Arts, Entertainment, Recreation & Other Services",2025Apr,397,2025-04-01,False,False,424.0,-0.06367924528301883,False,-58.75,551.25
"Arts, Entertainment, Recreation & Other Services",2025May,403,2025-05-01,False,False,397.0,0.015113350125944613,False,-58.75,551.25
"Arts, Entertainment, Recreation & Other Services",2025Jun,363,2025-06-01,False,False,403.0,-0.09925558312655092,False,-58.75,551.25
"Arts, Entertainment, Recreation & Other Services",2025Jul,411,2025-07-01,False,False,363.0,0.1322314049586777,False,-58.75,551.25
"Arts, Entertainment, Recreation & Other Services",2025Aug,442,2025-08-01,False,False,411.0,0.07542579075425793,False,-58.75,551.25
"Arts, Entertainment, Recreation & Other Services",2025Sep,436,2025-09-01,False,False,442.0,-0.013574660633484115,False,-58.75,551.25
"Arts, Entertainment, Recreation & Other Services",2025Oct,408,2025-10-01,False,False,436.0,-0.06422018348623848,False,-58.75,551.25
"Arts, Entertainment, Recreation & Other Services",2025Nov,372,2025-11-01,False,False,408.0,-0.08823529411764708,False,-58.75,551.25
"Arts, Entertainment, Recreation & Other Services",2025Dec,363,2025-12-01,False,False,372.0,-0.024193548387096753,False,-58.75,551.25
"Arts, Entertainment, Recreation & Other Services",2026Jan,426,2026-01-01,False,False,363.0,0.17355371900826455,False,-58.75,551.25
"Arts, Entertainment, Recreation & Other Services",2026Feb,339,2026-02-01,False,False,426.0,-0.204225352112676,False,-58.75,551.25
"Arts, Entertainment, Recreation & Other Services",2026Mar,394,2026-03-01,False,False,339.0,0.16224188790560468,False,-58.75,551.25
Construction,1990Jan,147,1990-01-01,False,False,,,False,98.5,422.5
Construction,1990Feb,216,1990-02-01,False,False,147.0,0.4693877551020409,False,98.5,422.5
Construction,1990Mar,239,1990-03-01,False,False,216.0,0.1064814814814814,False,98.5,422.5
Construction,1990Apr,202,1990-04-01,False,False,239.0,-0.15481171548117156,False,98.5,422.5
Construction,1990May,233,1990-05-01,False,False,202.0,0.15346534653465338,False,98.5,422.5
Construction,1990Jun,205,1990-06-01,False,False,233.0,-0.12017167381974247,False,98.5,422.5
Construction,1990Jul,218,1990-07-01,False,False,205.0,0.06341463414634152,False,98.5,422.5
Construction,1990Aug,220,1990-08-01,False,False,218.0,0.00917431192660545,False,98.5,422.5
Construction,1990Sep,193,1990-09-01,False,False,220.0,-0.12272727272727268,False,98.5,422.5
Construction,1990Oct,216,1990-10-01,False,False,193.0,0.11917098445595853,False,98.5,422.5
Construction,1990Nov,187,1990-11-01,False,False,216.0,-0.1342592592592593,False,98.5,422.5
Construction,1990Dec,141,1990-12-01,False,False,187.0,-0.2459893048128342,False,98.5,422.5
Construction,1991Jan,250,1991-01-01,False,False,141.0,0.7730496453900708,False,98.5,422.5
Construction,1991Feb,220,1991-02-01,False,False,250.0,-0.12,False,98.5,422.5
Construction,1991Mar,276,1991-03-01,False,False,220.0,0.25454545454545463,False,98.5,422.5
Construction,1991Apr,341,1991-04-01,False,False,276.0,0.23550724637681153,False,98.5,422.5
Construction,1991May,326,1991-05-01,False,False,341.0,-0.04398826979472137,False,98.5,422.5
Construction,1991Jun,263,1991-06-01,False,False,326.0,-0.19325153374233128,False,98.5,422.5
Construction,1991Jul,326,1991-07-01,False,False,263.0,0.23954372623574138,False,98.5,422.5
Construction,1991Aug,303,1991-08-01,False,False,326.0,-0.07055214723926384,False,98.5,422.5
Construction,1991Sep,219,1991-09-01,False,False,303.0,-0.27722772277227725,False,98.5,422.5
Construction,1991Oct,216,1991-10-01,False,False,219.0,-0.013698630136986356,False,98.5,422.5
Construction,1991Nov,205,1991-11-01,False,False,216.0,-0.05092592592592593,False,98.5,422.5
Construction,1991Dec,174,1991-12-01,False,False,205.0,-0.15121951219512197,False,98.5,422.5
Construction,1992Jan,217,1992-01-01,False,False,174.0,0.24712643678160928,False,98.5,422.5
Construction,1992Feb,257,1992-02-01,False,False,217.0,0.18433179723502313,False,98.5,422.5
Construction,1992Mar,268,1992-03-01,False,False,257.0,0.04280155642023353,False,98.5,422.5
Construction,1992Apr,212,1992-04-01,False,False,268.0,-0.20895522388059706,False,98.5,422.5
Construction,1992May,237,1992-05-01,False,False,212.0,0.11792452830188682,False,98.5,422.5
Construction,1992Jun,241,1992-06-01,False,False,237.0,0.016877637130801704,False,98.5,422.5
Construction,1992Jul,238,1992-07-01,False,False,241.0,-0.012448132780082943,False,98.5,422.5
Construction,1992Aug,225,1992-08-01,False,False,238.0,-0.054621848739495826,False,98.5,422.5
Construction,1992Sep,240,1992-09-01,False,False,225.0,0.06666666666666665,False,98.5,422.5
Construction,1992Oct,239,1992-10-01,False,False,240.0,-0.004166666666666652,False,98.5,422.5
Construction,1992Nov,217,1992-11-01,False,False,239.0,-0.09205020920502094,False,98.5,422.5
Construction,1992Dec,203,1992-12-01,False,False,217.0,-0.06451612903225812,False,98.5,422.5
Construction,1993Jan,180,1993-01-01,False,False,203.0,-0.11330049261083741,False,98.5,422.5
Construction,1993Feb,344,1993-02-01,False,False,180.0,0.9111111111111112,False,98.5,422.5
Construction,1993Mar,308,1993-03-01,False,False,344.0,-0.10465116279069764,False,98.5,422.5
Construction,1993Apr,271,1993-04-01,False,False,308.0,-0.12012987012987009,False,98.5,422.5
Construction,1993May,282,1993-05-01,False,False,271.0,0.040590405904058935,False,98.5,422.5
Construction,1993Jun,257,1993-06-01,False,False,282.0,-0.08865248226950351,False,98.5,422.5
Construction,1993Jul,269,1993-07-01,False,False,257.0,0.04669260700389111,False,98.5,422.5
Construction,1993Aug,268,1993-08-01,False,False,269.0,-0.0037174721189591198,False,98.5,422.5
Construction,1993Sep,246,1993-09-01,False,False,268.0,-0.08208955223880599,False,98.5,422.5
Construction,1993Oct,265,1993-10-01,False,False,246.0,0.0772357723577235,False,98.5,422.5
Construction,1993Nov,242,1993-11-01,False,False,265.0,-0.08679245283018866,False,98.5,422.5
Construction,1993Dec,229,1993-12-01,False,False,242.0,-0.05371900826446285,False,98.5,422.5
Construction,1994Jan,208,1994-01-01,False,False,229.0,-0.09170305676855894,False,98.5,422.5
Construction,1994Feb,258,1994-02-01,False,False,208.0,0.24038461538461542,False,98.5,422.5
Construction,1994Mar,324,1994-03-01,False,False,258.0,0.2558139534883721,False,98.5,422.5
Construction,1994Apr,284,1994-04-01,False,False,324.0,-0.12345679012345678,False,98.5,422.5
Construction,1994May,249,1994-05-01,False,False,284.0,-0.12323943661971826,False,98.5,422.5
Construction,1994Jun,278,1994-06-01,False,False,249.0,0.11646586345381515,False,98.5,422.5
Construction,1994Jul,289,1994-07-01,False,False,278.0,0.03956834532374098,False,98.5,422.5
Construction,1994Aug,268,1994-08-01,False,False,289.0,-0.0726643598615917,False,98.5,422.5
Construction,1994Sep,275,1994-09-01,False,False,268.0,0.026119402985074647,False,98.5,422.5
Construction,1994Oct,277,1994-10-01,False,False,275.0,0.0072727272727273196,False,98.5,422.5
Construction,1994Nov,243,1994-11-01,False,False,277.0,-0.12274368231046928,False,98.5,422.5
Construction,1994Dec,224,1994-12-01,False,False,243.0,-0.07818930041152261,False,98.5,422.5
Construction,1995Jan,252,1995-01-01,False,False,224.0,0.125,False,98.5,422.5
Construction,1995Feb,263,1995-02-01,False,False,252.0,0.04365079365079372,False,98.5,422.5
Construction,1995Mar,373,1995-03-01,False,False,263.0,0.41825095057034223,False,98.5,422.5
Construction,1995Apr,324,1995-04-01,False,False,373.0,-0.13136729222520105,False,98.5,422.5
Construction,1995May,291,1995-05-01,False,False,324.0,-0.10185185185185186,False,98.5,422.5
Construction,1995Jun,320,1995-06-01,False,False,291.0,0.09965635738831624,False,98.5,422.5
Construction,1995Jul,313,1995-07-01,False,False,320.0,-0.021874999999999978,False,98.5,422.5
Construction,1995Aug,265,1995-08-01,False,False,313.0,-0.15335463258785942,False,98.5,422.5
Construction,1995Sep,281,1995-09-01,False,False,265.0,0.060377358490566024,False,98.5,422.5
Construction,1995Oct,299,1995-10-01,False,False,281.0,0.06405693950177938,False,98.5,422.5
Construction,1995Nov,307,1995-11-01,False,False,299.0,0.026755852842809347,False,98.5,422.5
Construction,1995Dec,262,1995-12-01,False,False,307.0,-0.14657980456026054,False,98.5,422.5
Construction,1996Jan,322,1996-01-01,False,False,262.0,0.2290076335877862,False,98.5,422.5
Construction,1996Feb,281,1996-02-01,False,False,322.0,-0.1273291925465838,False,98.5,422.5
Construction,1996Mar,459,1996-03-01,False,False,281.0,0.6334519572953736,True,98.5,422.5
Construction,1996Apr,373,1996-04-01,False,False,459.0,-0.18736383442265792,False,98.5,422.5
Construction,1996May,358,1996-05-01,False,False,373.0,-0.04021447721179627,False,98.5,422.5
Construction,1996Jun,348,1996-06-01,False,False,358.0,-0.027932960893854775,False,98.5,422.5
Construction,1996Jul,407,1996-07-01,False,False,348.0,0.16954022988505746,False,98.5,422.5
Construction,1996Aug,339,1996-08-01,False,False,407.0,-0.16707616707616713,False,98.5,422.5
Construction,1996Sep,334,1996-09-01,False,False,339.0,-0.014749262536873142,False,98.5,422.5
Construction,1996Oct,424,1996-10-01,False,False,334.0,0.2694610778443114,True,98.5,422.5
Construction,1996Nov,323,1996-11-01,False,False,424.0,-0.2382075471698113,False,98.5,422.5
Construction,1996Dec,299,1996-12-01,False,False,323.0,-0.07430340557275539,False,98.5,422.5
Construction,1997Jan,334,1997-01-01,False,False,299.0,0.11705685618729089,False,98.5,422.5
Construction,1997Feb,322,1997-02-01,False,False,334.0,-0.0359281437125748,False,98.5,422.5
Construction,1997Mar,446,1997-03-01,False,False,322.0,0.3850931677018634,True,98.5,422.5
Construction,1997Apr,374,1997-04-01,False,False,446.0,-0.16143497757847536,False,98.5,422.5
Construction,1997May,384,1997-05-01,False,False,374.0,0.02673796791443861,False,98.5,422.5
Construction,1997Jun,349,1997-06-01,False,False,384.0,-0.09114583333333337,False,98.5,422.5
Construction,1997Jul,364,1997-07-01,False,False,349.0,0.042979942693409656,False,98.5,422.5
Construction,1997Aug,316,1997-08-01,False,False,364.0,-0.13186813186813184,False,98.5,422.5
Construction,1997Sep,338,1997-09-01,False,False,316.0,0.06962025316455689,False,98.5,422.5
Construction,1997Oct,303,1997-10-01,False,False,338.0,-0.10355029585798814,False,98.5,422.5
Construction,1997Nov,276,1997-11-01,False,False,303.0,-0.08910891089108908,False,98.5,422.5
Construction,1997Dec,232,1997-12-01,False,False,276.0,-0.1594202898550725,False,98.5,422.5
Construction,1998Jan,209,1998-01-01,False,False,232.0,-0.09913793103448276,False,98.5,422.5
Construction,1998Feb,339,1998-02-01,False,False,209.0,0.6220095693779903,False,98.5,422.5
Construction,1998Mar,336,1998-03-01,False,False,339.0,-0.008849557522123908,False,98.5,422.5
Construction,1998Apr,325,1998-04-01,False,False,336.0,-0.03273809523809523,False,98.5,422.5
Construction,1998May,278,1998-05-01,False,False,325.0,-0.1446153846153846,False,98.5,422.5
Construction,1998Jun,296,1998-06-01,False,False,278.0,0.06474820143884896,False,98.5,422.5
Construction,1998Jul,309,1998-07-01,False,False,296.0,0.04391891891891886,False,98.5,422.5
Construction,1998Aug,301,1998-08-01,False,False,309.0,-0.02588996763754048,False,98.5,422.5
Construction,1998Sep,244,1998-09-01,False,False,301.0,-0.18936877076411962,False,98.5,422.5
Construction,1998Oct,313,1998-10-01,False,False,244.0,0.2827868852459017,False,98.5,422.5
Construction,1998Nov,278,1998-11-01,False,False,313.0,-0.11182108626198084,False,98.5,422.5
Construction,1998Dec,284,1998-12-01,False,False,278.0,0.021582733812949728,False,98.5,422.5
Construction,1999Jan,252,1999-01-01,False,False,284.0,-0.11267605633802813,False,98.5,422.5
Construction,1999Feb,234,1999-02-01,False,False,252.0,-0.0714285714285714,False,98.5,422.5
Construction,1999Mar,398,1999-03-01,False,False,234.0,0.7008547008547008,False,98.5,422.5
Construction,1999Apr,405,1999-04-01,False,False,398.0,0.017587939698492372,False,98.5,422.5
Construction,1999May,381,1999-05-01,False,False,405.0,-0.059259259259259234,False,98.5,422.5
Construction,1999Jun,323,1999-06-01,False,False,381.0,-0.15223097112860895,False,98.5,422.5
Construction,1999Jul,371,1999-07-01,False,False,323.0,0.14860681114551078,False,98.5,422.5
Construction,1999Aug,323,1999-08-01,False,False,371.0,-0.12938005390835583,False,98.5,422.5
Construction,1999Sep,325,1999-09-01,False,False,323.0,0.006191950464396356,False,98.5,422.5
Construction,1999Oct,340,1999-10-01,False,False,325.0,0.04615384615384621,False,98.5,422.5
Construction,1999Nov,275,1999-11-01,False,False,340.0,-0.19117647058823528,False,98.5,422.5
Construction,1999Dec,276,1999-12-01,False,False,275.0,0.0036363636363636598,False,98.5,422.5
Construction,2000Jan,231,2000-01-01,False,False,276.0,-0.1630434782608695,False,98.5,422.5
Construction,2000Feb,325,2000-02-01,False,False,231.0,0.4069264069264069,False,98.5,422.5
Construction,2000Mar,439,2000-03-01,False,False,325.0,0.3507692307692307,True,98.5,422.5
Construction,2000Apr,313,2000-04-01,False,False,439.0,-0.2870159453302962,False,98.5,422.5
Construction,2000May,306,2000-05-01,False,False,313.0,-0.022364217252396124,False,98.5,422.5
Construction,2000Jun,320,2000-06-01,False,False,306.0,0.045751633986928164,False,98.5,422.5
Construction,2000Jul,333,2000-07-01,False,False,320.0,0.04062499999999991,False,98.5,422.5
Construction,2000Aug,276,2000-08-01,False,False,333.0,-0.1711711711711712,False,98.5,422.5
Construction,2000Sep,281,2000-09-01,False,False,276.0,0.018115942028985588,False,98.5,422.5
Construction,2000Oct,235,2000-10-01,False,False,281.0,-0.1637010676156584,False,98.5,422.5
Construction,2000Nov,239,2000-11-01,False,False,235.0,0.017021276595744705,False,98.5,422.5
Construction,2000Dec,200,2000-12-01,False,False,239.0,-0.16317991631799167,False,98.5,422.5
Construction,2001Jan,241,2001-01-01,False,False,200.0,0.20500000000000007,False,98.5,422.5
Construction,2001Feb,286,2001-02-01,False,False,241.0,0.18672199170124482,False,98.5,422.5
Construction,2001Mar,329,2001-03-01,False,False,286.0,0.15034965034965042,False,98.5,422.5
Construction,2001Apr,256,2001-04-01,False,False,329.0,-0.22188449848024316,False,98.5,422.5
Construction,2001May,247,2001-05-01,False,False,256.0,-0.03515625,False,98.5,422.5
Construction,2001Jun,221,2001-06-01,False,False,247.0,-0.10526315789473684,False,98.5,422.5
Construction,2001Jul,248,2001-07-01,False,False,221.0,0.12217194570135748,False,98.5,422.5
Construction,2001Aug,246,2001-08-01,False,False,248.0,-0.008064516129032251,False,98.5,422.5
Construction,2001Sep,197,2001-09-01,False,False,246.0,-0.19918699186991873,False,98.5,422.5
Construction,2001Oct,221,2001-10-01,False,False,197.0,0.12182741116751261,False,98.5,422.5
Construction,2001Nov,190,2001-11-01,False,False,221.0,-0.14027149321266963,False,98.5,422.5
Construction,2001Dec,174,2001-12-01,False,False,190.0,-0.08421052631578951,False,98.5,422.5
Construction,2002Jan,233,2002-01-01,False,False,174.0,0.3390804597701149,False,98.5,422.5
Construction,2002Feb,173,2002-02-01,False,False,233.0,-0.2575107296137339,False,98.5,422.5
Construction,2002Mar,245,2002-03-01,False,False,173.0,0.4161849710982659,False,98.5,422.5
Construction,2002Apr,240,2002-04-01,False,False,245.0,-0.020408163265306145,False,98.5,422.5
Construction,2002May,221,2002-05-01,False,False,240.0,-0.07916666666666672,False,98.5,422.5
Construction,2002Jun,183,2002-06-01,False,False,221.0,-0.17194570135746612,False,98.5,422.5
Construction,2002Jul,204,2002-07-01,False,False,183.0,0.11475409836065564,False,98.5,422.5
Construction,2002Aug,211,2002-08-01,False,False,204.0,0.03431372549019618,False,98.5,422.5
Construction,2002Sep,207,2002-09-01,False,False,211.0,-0.018957345971563955,False,98.5,422.5
Construction,2002Oct,219,2002-10-01,False,False,207.0,0.05797101449275366,False,98.5,422.5
Construction,2002Nov,144,2002-11-01,False,False,219.0,-0.34246575342465757,False,98.5,422.5
Construction,2002Dec,146,2002-12-01,False,False,144.0,0.01388888888888884,False,98.5,422.5
Construction,2003Jan,164,2003-01-01,False,False,146.0,0.12328767123287676,False,98.5,422.5
Construction,2003Feb,184,2003-02-01,False,False,164.0,0.12195121951219523,False,98.5,422.5
Construction,2003Mar,214,2003-03-01,False,False,184.0,0.16304347826086962,False,98.5,422.5
Construction,2003Apr,180,2003-04-01,False,False,214.0,-0.15887850467289721,False,98.5,422.5
Construction,2003May,213,2003-05-01,False,False,180.0,0.18333333333333335,False,98.5,422.5
Construction,2003Jun,191,2003-06-01,False,False,213.0,-0.10328638497652587,False,98.5,422.5
Construction,2003Jul,188,2003-07-01,False,False,191.0,-0.015706806282722474,False,98.5,422.5
Construction,2003Aug,171,2003-08-01,False,False,188.0,-0.09042553191489366,False,98.5,422.5
Construction,2003Sep,220,2003-09-01,False,False,171.0,0.2865497076023391,False,98.5,422.5
Construction,2003Oct,181,2003-10-01,False,False,220.0,-0.17727272727272725,False,98.5,422.5
Construction,2003Nov,171,2003-11-01,False,False,181.0,-0.05524861878453036,False,98.5,422.5
Construction,2003Dec,148,2003-12-01,False,False,171.0,-0.13450292397660824,False,98.5,422.5
Construction,2004Jan,162,2004-01-01,False,False,148.0,0.09459459459459452,False,98.5,422.5
Construction,2004Feb,205,2004-02-01,False,False,162.0,0.26543209876543217,False,98.5,422.5
Construction,2004Mar,218,2004-03-01,False,False,205.0,0.06341463414634152,False,98.5,422.5
Construction,2004Apr,233,2004-04-01,False,False,218.0,0.0688073394495412,False,98.5,422.5
Construction,2004May,185,2004-05-01,False,False,233.0,-0.20600858369098718,False,98.5,422.5
Construction,2004Jun,173,2004-06-01,False,False,185.0,-0.06486486486486487,False,98.5,422.5
Construction,2004Jul,191,2004-07-01,False,False,173.0,0.10404624277456653,False,98.5,422.5
Construction,2004Aug,186,2004-08-01,False,False,191.0,-0.02617801047120416,False,98.5,422.5
Construction,2004Sep,163,2004-09-01,False,False,186.0,-0.12365591397849462,False,98.5,422.5
Construction,2004Oct,177,2004-10-01,False,False,163.0,0.08588957055214719,False,98.5,422.5
Construction,2004Nov,141,2004-11-01,False,False,177.0,-0.2033898305084746,False,98.5,422.5
Construction,2004Dec,161,2004-12-01,False,False,141.0,0.14184397163120566,False,98.5,422.5
Construction,2005Jan,153,2005-01-01,False,False,161.0,-0.0496894409937888,False,98.5,422.5
Construction,2005Feb,141,2005-02-01,False,False,153.0,-0.07843137254901966,False,98.5,422.5
Construction,2005Mar,225,2005-03-01,False,False,141.0,0.5957446808510638,False,98.5,422.5
Construction,2005Apr,218,2005-04-01,False,False,225.0,-0.03111111111111109,False,98.5,422.5
Construction,2005May,196,2005-05-01,False,False,218.0,-0.1009174311926605,False,98.5,422.5
Construction,2005Jun,208,2005-06-01,False,False,196.0,0.061224489795918435,False,98.5,422.5
Construction,2005Jul,201,2005-07-01,False,False,208.0,-0.033653846153846145,False,98.5,422.5
Construction,2005Aug,184,2005-08-01,False,False,201.0,-0.08457711442786064,False,98.5,422.5
Construction,2005Sep,199,2005-09-01,False,False,184.0,0.08152173913043481,False,98.5,422.5
Construction,2005Oct,206,2005-10-01,False,False,199.0,0.035175879396984966,False,98.5,422.5
Construction,2005Nov,166,2005-11-01,False,False,206.0,-0.19417475728155342,False,98.5,422.5
Construction,2005Dec,193,2005-12-01,False,False,166.0,0.16265060240963858,False,98.5,422.5
Construction,2006Jan,160,2006-01-01,False,False,193.0,-0.17098445595854928,False,98.5,422.5
Construction,2006Feb,210,2006-02-01,False,False,160.0,0.3125,False,98.5,422.5
Construction,2006Mar,285,2006-03-01,False,False,210.0,0.3571428571428572,False,98.5,422.5
Construction,2006Apr,194,2006-04-01,False,False,285.0,-0.3192982456140351,False,98.5,422.5
Construction,2006May,230,2006-05-01,False,False,194.0,0.18556701030927836,False,98.5,422.5
Construction,2006Jun,224,2006-06-01,False,False,230.0,-0.02608695652173909,False,98.5,422.5
Construction,2006Jul,228,2006-07-01,False,False,224.0,0.017857142857142794,False,98.5,422.5
Construction,2006Aug,225,2006-08-01,False,False,228.0,-0.013157894736842146,False,98.5,422.5
Construction,2006Sep,229,2006-09-01,False,False,225.0,0.01777777777777767,False,98.5,422.5
Construction,2006Oct,229,2006-10-01,False,False,229.0,0.0,False,98.5,422.5
Construction,2006Nov,196,2006-11-01,False,False,229.0,-0.14410480349344978,False,98.5,422.5
Construction,2006Dec,190,2006-12-01,False,False,196.0,-0.030612244897959218,False,98.5,422.5
Construction,2007Jan,238,2007-01-01,False,False,190.0,0.2526315789473683,False,98.5,422.5
Construction,2007Feb,177,2007-02-01,False,False,238.0,-0.25630252100840334,False,98.5,422.5
Construction,2007Mar,288,2007-03-01,False,False,177.0,0.6271186440677967,False,98.5,422.5
Construction,2007Apr,280,2007-04-01,False,False,288.0,-0.02777777777777779,False,98.5,422.5
Construction,2007May,274,2007-05-01,False,False,280.0,-0.021428571428571463,False,98.5,422.5
Construction,2007Jun,288,2007-06-01,False,False,274.0,0.051094890510948954,False,98.5,422.5
Construction,2007Jul,258,2007-07-01,False,False,288.0,-0.10416666666666663,False,98.5,422.5
Construction,2007Aug,261,2007-08-01,False,False,258.0,0.011627906976744207,False,98.5,422.5
Construction,2007Sep,253,2007-09-01,False,False,261.0,-0.03065134099616862,False,98.5,422.5
Construction,2007Oct,298,2007-10-01,False,False,253.0,0.17786561264822143,False,98.5,422.5
Construction,2007Nov,231,2007-11-01,False,False,298.0,-0.22483221476510062,False,98.5,422.5
Construction,2007Dec,217,2007-12-01,False,False,231.0,-0.06060606060606055,False,98.5,422.5
Construction,2008Jan,276,2008-01-01,False,False,217.0,0.27188940092165903,False,98.5,422.5
Construction,2008Feb,222,2008-02-01,False,False,276.0,-0.19565217391304346,False,98.5,422.5
Construction,2008Mar,331,2008-03-01,False,False,222.0,0.4909909909909911,False,98.5,422.5
Construction,2008Apr,339,2008-04-01,False,False,331.0,0.024169184290030232,False,98.5,422.5
Construction,2008May,297,2008-05-01,False,False,339.0,-0.12389380530973448,False,98.5,422.5
Construction,2008Jun,279,2008-06-01,False,False,297.0,-0.06060606060606055,False,98.5,422.5
Construction,2008Jul,317,2008-07-01,False,False,279.0,0.1362007168458781,False,98.5,422.5
Construction,2008Aug,274,2008-08-01,False,False,317.0,-0.13564668769716093,False,98.5,422.5
Construction,2008Sep,289,2008-09-01,False,False,274.0,0.054744525547445244,False,98.5,422.5
Construction,2008Oct,256,2008-10-01,False,False,289.0,-0.11418685121107264,False,98.5,422.5
Construction,2008Nov,179,2008-11-01,False,False,256.0,-0.30078125,False,98.5,422.5
Construction,2008Dec,138,2008-12-01,False,False,179.0,-0.22905027932960897,False,98.5,422.5
Construction,2009Jan,224,2009-01-01,False,False,138.0,0.6231884057971016,False,98.5,422.5
Construction,2009Feb,267,2009-02-01,False,False,224.0,0.1919642857142858,False,98.5,422.5
Construction,2009Mar,329,2009-03-01,False,False,267.0,0.23220973782771526,False,98.5,422.5
Construction,2009Apr,257,2009-04-01,False,False,329.0,-0.21884498480243164,False,98.5,422.5
Construction,2009May,288,2009-05-01,False,False,257.0,0.12062256809338523,False,98.5,422.5
Construction,2009Jun,297,2009-06-01,False,False,288.0,0.03125,False,98.5,422.5
Construction,2009Jul,318,2009-07-01,False,False,297.0,0.07070707070707072,False,98.5,422.5
Construction,2009Aug,237,2009-08-01,False,False,318.0,-0.2547169811320755,False,98.5,422.5
Construction,2009Sep,263,2009-09-01,False,False,237.0,0.10970464135021096,False,98.5,422.5
Construction,2009Oct,287,2009-10-01,False,False,263.0,0.09125475285171092,False,98.5,422.5
Construction,2009Nov,211,2009-11-01,False,False,287.0,-0.264808362369338,False,98.5,422.5
Construction,2009Dec,228,2009-12-01,False,False,211.0,0.08056872037914697,False,98.5,422.5
Construction,2010Jan,279,2010-01-01,False,False,228.0,0.2236842105263157,False,98.5,422.5
Construction,2010Feb,234,2010-02-01,False,False,279.0,-0.16129032258064513,False,98.5,422.5
Construction,2010Mar,355,2010-03-01,False,False,234.0,0.517094017094017,False,98.5,422.5
Construction,2010Apr,326,2010-04-01,False,False,355.0,-0.08169014084507042,False,98.5,422.5
Construction,2010May,297,2010-05-01,False,False,326.0,-0.08895705521472397,False,98.5,422.5
Construction,2010Jun,297,2010-06-01,False,False,297.0,0.0,False,98.5,422.5
Construction,2010Jul,304,2010-07-01,False,False,297.0,0.023569023569023573,False,98.5,422.5
Construction,2010Aug,282,2010-08-01,False,False,304.0,-0.07236842105263153,False,98.5,422.5
Construction,2010Sep,280,2010-09-01,False,False,282.0,-0.007092198581560294,False,98.5,422.5
Construction,2010Oct,304,2010-10-01,False,False,280.0,0.08571428571428563,False,98.5,422.5
Construction,2010Nov,235,2010-11-01,False,False,304.0,-0.22697368421052633,False,98.5,422.5
Construction,2010Dec,266,2010-12-01,False,False,235.0,0.13191489361702136,False,98.5,422.5
Construction,2011Jan,289,2011-01-01,False,False,266.0,0.08646616541353391,False,98.5,422.5
Construction,2011Feb,257,2011-02-01,False,False,289.0,-0.11072664359861595,False,98.5,422.5
Construction,2011Mar,378,2011-03-01,False,False,257.0,0.4708171206225682,False,98.5,422.5
Construction,2011Apr,302,2011-04-01,False,False,378.0,-0.20105820105820105,False,98.5,422.5
Construction,2011May,278,2011-05-01,False,False,302.0,-0.07947019867549665,False,98.5,422.5
Construction,2011Jun,293,2011-06-01,False,False,278.0,0.05395683453237421,False,98.5,422.5
Construction,2011Jul,318,2011-07-01,False,False,293.0,0.0853242320819112,False,98.5,422.5
Construction,2011Aug,251,2011-08-01,False,False,318.0,-0.21069182389937102,False,98.5,422.5
Construction,2011Sep,279,2011-09-01,False,False,251.0,0.11155378486055767,False,98.5,422.5
Construction,2011Oct,243,2011-10-01,False,False,279.0,-0.12903225806451613,False,98.5,422.5
Construction,2011Nov,298,2011-11-01,False,False,243.0,0.22633744855967075,False,98.5,422.5
Construction,2011Dec,203,2011-12-01,False,False,298.0,-0.31879194630872487,False,98.5,422.5
Construction,2012Jan,269,2012-01-01,False,False,203.0,0.32512315270935965,False,98.5,422.5
Construction,2012Feb,336,2012-02-01,False,False,269.0,0.24907063197026025,False,98.5,422.5
Construction,2012Mar,332,2012-03-01,False,False,336.0,-0.011904761904761862,False,98.5,422.5
Construction,2012Apr,324,2012-04-01,False,False,332.0,-0.02409638554216864,False,98.5,422.5
Construction,2012May,280,2012-05-01,False,False,324.0,-0.13580246913580252,False,98.5,422.5
Construction,2012Jun,238,2012-06-01,False,False,280.0,-0.15000000000000002,False,98.5,422.5
Construction,2012Jul,287,2012-07-01,False,False,238.0,0.2058823529411764,False,98.5,422.5
Construction,2012Aug,266,2012-08-01,False,False,287.0,-0.07317073170731703,False,98.5,422.5
Construction,2012Sep,237,2012-09-01,False,False,266.0,-0.10902255639097747,False,98.5,422.5
Construction,2012Oct,288,2012-10-01,False,False,237.0,0.21518987341772156,False,98.5,422.5
Construction,2012Nov,243,2012-11-01,False,False,288.0,-0.15625,False,98.5,422.5
Construction,2012Dec,206,2012-12-01,False,False,243.0,-0.15226337448559668,False,98.5,422.5
Construction,2013Jan,301,2013-01-01,False,False,206.0,0.46116504854368934,False,98.5,422.5
Construction,2013Feb,212,2013-02-01,False,False,301.0,-0.29568106312292364,False,98.5,422.5
Construction,2013Mar,324,2013-03-01,False,False,212.0,0.5283018867924529,False,98.5,422.5
Construction,2013Apr,364,2013-04-01,False,False,324.0,0.1234567901234569,False,98.5,422.5
Construction,2013May,296,2013-05-01,False,False,364.0,-0.18681318681318682,False,98.5,422.5
Construction,2013Jun,274,2013-06-01,False,False,296.0,-0.07432432432432434,False,98.5,422.5
Construction,2013Jul,302,2013-07-01,False,False,274.0,0.10218978102189791,False,98.5,422.5
Construction,2013Aug,256,2013-08-01,False,False,302.0,-0.152317880794702,False,98.5,422.5
Construction,2013Sep,300,2013-09-01,False,False,256.0,0.171875,False,98.5,422.5
Construction,2013Oct,307,2013-10-01,False,False,300.0,0.023333333333333428,False,98.5,422.5
Construction,2013Nov,261,2013-11-01,False,False,307.0,-0.14983713355048855,False,98.5,422.5
Construction,2013Dec,242,2013-12-01,False,False,261.0,-0.07279693486590033,False,98.5,422.5
Construction,2014Jan,281,2014-01-01,False,False,242.0,0.16115702479338845,False,98.5,422.5
Construction,2014Feb,284,2014-02-01,False,False,281.0,0.01067615658362997,False,98.5,422.5
Construction,2014Mar,350,2014-03-01,False,False,284.0,0.232394366197183,False,98.5,422.5
Construction,2014Apr,351,2014-04-01,False,False,350.0,0.0028571428571428914,False,98.5,422.5
Construction,2014May,298,2014-05-01,False,False,351.0,-0.15099715099715094,False,98.5,422.5
Construction,2014Jun,300,2014-06-01,False,False,298.0,0.006711409395973256,False,98.5,422.5
Construction,2014Jul,337,2014-07-01,False,False,300.0,0.1233333333333333,False,98.5,422.5
Construction,2014Aug,295,2014-08-01,False,False,337.0,-0.12462908011869434,False,98.5,422.5
Construction,2014Sep,329,2014-09-01,False,False,295.0,0.11525423728813555,False,98.5,422.5
Construction,2014Oct,286,2014-10-01,False,False,329.0,-0.1306990881458967,False,98.5,422.5
Construction,2014Nov,248,2014-11-01,False,False,286.0,-0.13286713286713292,False,98.5,422.5
Construction,2014Dec,247,2014-12-01,False,False,248.0,-0.0040322580645161255,False,98.5,422.5
Construction,2015Jan,305,2015-01-01,False,False,247.0,0.23481781376518218,False,98.5,422.5
Construction,2015Feb,215,2015-02-01,False,False,305.0,-0.29508196721311475,False,98.5,422.5
Construction,2015Mar,304,2015-03-01,False,False,215.0,0.413953488372093,False,98.5,422.5
Construction,2015Apr,318,2015-04-01,False,False,304.0,0.046052631578947345,False,98.5,422.5
Construction,2015May,314,2015-05-01,False,False,318.0,-0.012578616352201255,False,98.5,422.5
Construction,2015Jun,251,2015-06-01,False,False,314.0,-0.2006369426751592,False,98.5,422.5
Construction,2015Jul,320,2015-07-01,False,False,251.0,0.2749003984063745,False,98.5,422.5
Construction,2015Aug,226,2015-08-01,False,False,320.0,-0.29374999999999996,False,98.5,422.5
Construction,2015Sep,297,2015-09-01,False,False,226.0,0.31415929203539816,False,98.5,422.5
Construction,2015Oct,281,2015-10-01,False,False,297.0,-0.05387205387205385,False,98.5,422.5
Construction,2015Nov,221,2015-11-01,False,False,281.0,-0.21352313167259784,False,98.5,422.5
Construction,2015Dec,216,2015-12-01,False,False,221.0,-0.022624434389140302,False,98.5,422.5
Construction,2016Jan,250,2016-01-01,False,False,216.0,0.15740740740740744,False,98.5,422.5
Construction,2016Feb,221,2016-02-01,False,False,250.0,-0.11599999999999999,False,98.5,422.5
Construction,2016Mar,325,2016-03-01,False,False,221.0,0.47058823529411775,False,98.5,422.5
Construction,2016Apr,281,2016-04-01,False,False,325.0,-0.13538461538461544,False,98.5,422.5
Construction,2016May,285,2016-05-01,False,False,281.0,0.014234875444839812,False,98.5,422.5
Construction,2016Jun,262,2016-06-01,False,False,285.0,-0.08070175438596494,False,98.5,422.5
Construction,2016Jul,228,2016-07-01,False,False,262.0,-0.1297709923664122,False,98.5,422.5
Construction,2016Aug,259,2016-08-01,False,False,228.0,0.13596491228070184,False,98.5,422.5
Construction,2016Sep,250,2016-09-01,False,False,259.0,-0.03474903474903479,False,98.5,422.5
Construction,2016Oct,249,2016-10-01,False,False,250.0,-0.0040000000000000036,False,98.5,422.5
Construction,2016Nov,206,2016-11-01,False,False,249.0,-0.17269076305220887,False,98.5,422.5
Construction,2016Dec,216,2016-12-01,False,False,206.0,0.04854368932038833,False,98.5,422.5
Construction,2017Jan,220,2017-01-01,False,False,216.0,0.0185185185185186,False,98.5,422.5
Construction,2017Feb,242,2017-02-01,False,False,220.0,0.10000000000000009,False,98.5,422.5
Construction,2017Mar,307,2017-03-01,False,False,242.0,0.26859504132231415,False,98.5,422.5
Construction,2017Apr,215,2017-04-01,False,False,307.0,-0.2996742671009772,False,98.5,422.5
Construction,2017May,258,2017-05-01,False,False,215.0,0.19999999999999996,False,98.5,422.5
Construction,2017Jun,254,2017-06-01,False,False,258.0,-0.015503875968992276,False,98.5,422.5
Construction,2017Jul,275,2017-07-01,False,False,254.0,0.08267716535433078,False,98.5,422.5
Construction,2017Aug,249,2017-08-01,False,False,275.0,-0.0945454545454546,False,98.5,422.5
Construction,2017Sep,225,2017-09-01,False,False,249.0,-0.09638554216867468,False,98.5,422.5
Construction,2017Oct,204,2017-10-01,False,False,225.0,-0.09333333333333338,False,98.5,422.5
Construction,2017Nov,225,2017-11-01,False,False,204.0,0.10294117647058831,False,98.5,422.5
Construction,2017Dec,176,2017-12-01,False,False,225.0,-0.21777777777777774,False,98.5,422.5
Construction,2018Jan,253,2018-01-01,False,False,176.0,0.4375,False,98.5,422.5
Construction,2018Feb,168,2018-02-01,False,False,253.0,-0.33596837944664026,False,98.5,422.5
Construction,2018Mar,259,2018-03-01,False,False,168.0,0.5416666666666667,False,98.5,422.5
Construction,2018Apr,282,2018-04-01,False,False,259.0,0.08880308880308885,False,98.5,422.5
Construction,2018May,229,2018-05-01,False,False,282.0,-0.1879432624113475,False,98.5,422.5
Construction,2018Jun,203,2018-06-01,False,False,229.0,-0.11353711790393017,False,98.5,422.5
Construction,2018Jul,241,2018-07-01,False,False,203.0,0.18719211822660098,False,98.5,422.5
Construction,2018Aug,223,2018-08-01,False,False,241.0,-0.07468879668049788,False,98.5,422.5
Construction,2018Sep,199,2018-09-01,False,False,223.0,-0.1076233183856502,False,98.5,422.5
Construction,2018Oct,263,2018-10-01,False,False,199.0,0.3216080402010051,False,98.5,422.5
Construction,2018Nov,204,2018-11-01,False,False,263.0,-0.2243346007604563,False,98.5,422.5
Construction,2018Dec,192,2018-12-01,False,False,204.0,-0.05882352941176472,False,98.5,422.5
Construction,2019Jan,288,2019-01-01,False,False,192.0,0.5,False,98.5,422.5
Construction,2019Feb,192,2019-02-01,False,False,288.0,-0.33333333333333337,False,98.5,422.5
Construction,2019Mar,324,2019-03-01,False,False,192.0,0.6875,False,98.5,422.5
Construction,2019Apr,267,2019-04-01,False,False,324.0,-0.17592592592592593,False,98.5,422.5
Construction,2019May,258,2019-05-01,False,False,267.0,-0.0337078651685393,False,98.5,422.5
Construction,2019Jun,205,2019-06-01,False,False,258.0,-0.20542635658914732,False,98.5,422.5
Construction,2019Jul,250,2019-07-01,False,False,205.0,0.2195121951219512,False,98.5,422.5
Construction,2019Aug,176,2019-08-01,False,False,250.0,-0.29600000000000004,False,98.5,422.5
Construction,2019Sep,190,2019-09-01,False,False,176.0,0.07954545454545459,False,98.5,422.5
Construction,2019Oct,215,2019-10-01,False,False,190.0,0.13157894736842102,False,98.5,422.5
Construction,2019Nov,186,2019-11-01,False,False,215.0,-0.1348837209302326,False,98.5,422.5
Construction,2019Dec,165,2019-12-01,False,False,186.0,-0.11290322580645162,False,98.5,422.5
Construction,2020Jan,205,2020-01-01,False,False,165.0,0.24242424242424243,False,98.5,422.5
Construction,2020Feb,209,2020-02-01,False,False,205.0,0.019512195121951237,False,98.5,422.5
Construction,2020Mar,226,2020-03-01,False,False,209.0,0.08133971291866038,False,98.5,422.5
Construction,2020Apr,102,2020-04-01,False,False,226.0,-0.5486725663716814,False,98.5,422.5
Construction,2020May,92,2020-05-01,False,False,102.0,-0.0980392156862745,True,98.5,422.5
Construction,2020Jun,148,2020-06-01,False,False,92.0,0.6086956521739131,False,98.5,422.5
Construction,2020Jul,214,2020-07-01,False,False,148.0,0.44594594594594605,False,98.5,422.5
Construction,2020Aug,205,2020-08-01,False,False,214.0,-0.04205607476635509,False,98.5,422.5
Construction,2020Sep,237,2020-09-01,False,False,205.0,0.15609756097560967,False,98.5,422.5
Construction,2020Oct,277,2020-10-01,False,False,237.0,0.16877637130801681,False,98.5,422.5
Construction,2020Nov,238,2020-11-01,False,False,277.0,-0.1407942238267148,False,98.5,422.5
Construction,2020Dec,249,2020-12-01,False,False,238.0,0.04621848739495804,False,98.5,422.5
Construction,2021Jan,292,2021-01-01,False,False,249.0,0.17269076305220876,False,98.5,422.5
Construction,2021Feb,216,2021-02-01,False,False,292.0,-0.26027397260273977,False,98.5,422.5
Construction,2021Mar,298,2021-03-01,False,False,216.0,0.37962962962962954,False,98.5,422.5
Construction,2021Apr,265,2021-04-01,False,False,298.0,-0.11073825503355705,False,98.5,422.5
Construction,2021May,228,2021-05-01,False,False,265.0,-0.13962264150943393,False,98.5,422.5
Construction,2021Jun,238,2021-06-01,False,False,228.0,0.04385964912280693,False,98.5,422.5
Construction,2021Jul,256,2021-07-01,False,False,238.0,0.07563025210084029,False,98.5,422.5
Construction,2021Aug,250,2021-08-01,False,False,256.0,-0.0234375,False,98.5,422.5
Construction,2021Sep,256,2021-09-01,False,False,250.0,0.02400000000000002,False,98.5,422.5
Construction,2021Oct,229,2021-10-01,False,False,256.0,-0.10546875,False,98.5,422.5
Construction,2021Nov,251,2021-11-01,False,False,229.0,0.09606986899563319,False,98.5,422.5
Construction,2021Dec,240,2021-12-01,False,False,251.0,-0.043824701195219085,False,98.5,422.5
Construction,2022Jan,251,2022-01-01,False,False,240.0,0.04583333333333339,False,98.5,422.5
Construction,2022Feb,281,2022-02-01,False,False,251.0,0.1195219123505975,False,98.5,422.5
Construction,2022Mar,315,2022-03-01,False,False,281.0,0.12099644128113884,False,98.5,422.5
Construction,2022Apr,268,2022-04-01,False,False,315.0,-0.14920634920634923,False,98.5,422.5
Construction,2022May,259,2022-05-01,False,False,268.0,-0.03358208955223885,False,98.5,422.5
Construction,2022Jun,306,2022-06-01,False,False,259.0,0.18146718146718155,False,98.5,422.5
Construction,2022Jul,236,2022-07-01,False,False,306.0,-0.2287581699346405,False,98.5,422.5
Construction,2022Aug,291,2022-08-01,False,False,236.0,0.23305084745762716,False,98.5,422.5
Construction,2022Sep,290,2022-09-01,False,False,291.0,-0.0034364261168384758,False,98.5,422.5
Construction,2022Oct,251,2022-10-01,False,False,290.0,-0.1344827586206897,False,98.5,422.5
Construction,2022Nov,266,2022-11-01,False,False,251.0,0.05976095617529875,False,98.5,422.5
Construction,2022Dec,247,2022-12-01,False,False,266.0,-0.0714285714285714,False,98.5,422.5
Construction,2023Jan,250,2023-01-01,False,False,247.0,0.012145748987854255,False,98.5,422.5
Construction,2023Feb,329,2023-02-01,False,False,250.0,0.31600000000000006,False,98.5,422.5
Construction,2023Mar,347,2023-03-01,False,False,329.0,0.054711246200607855,False,98.5,422.5
Construction,2023Apr,271,2023-04-01,False,False,347.0,-0.21902017291066278,False,98.5,422.5
Construction,2023May,337,2023-05-01,False,False,271.0,0.24354243542435428,False,98.5,422.5
Construction,2023Jun,304,2023-06-01,False,False,337.0,-0.09792284866468848,False,98.5,422.5
Construction,2023Jul,321,2023-07-01,False,False,304.0,0.05592105263157898,False,98.5,422.5
Construction,2023Aug,300,2023-08-01,False,False,321.0,-0.06542056074766356,False,98.5,422.5
Construction,2023Sep,264,2023-09-01,False,False,300.0,-0.12,False,98.5,422.5
Construction,2023Oct,296,2023-10-01,False,False,264.0,0.1212121212121211,False,98.5,422.5
Construction,2023Nov,272,2023-11-01,False,False,296.0,-0.08108108108108103,False,98.5,422.5
Construction,2023Dec,271,2023-12-01,False,False,272.0,-0.003676470588235281,False,98.5,422.5
Construction,2024Jan,387,2024-01-01,False,False,271.0,0.4280442804428044,False,98.5,422.5
Construction,2024Feb,251,2024-02-01,False,False,387.0,-0.351421188630491,False,98.5,422.5
Construction,2024Mar,340,2024-03-01,False,False,251.0,0.3545816733067728,False,98.5,422.5
Construction,2024Apr,303,2024-04-01,False,False,340.0,-0.10882352941176465,False,98.5,422.5
Construction,2024May,302,2024-05-01,False,False,303.0,-0.0033003300330033403,False,98.5,422.5
Construction,2024Jun,301,2024-06-01,False,False,302.0,-0.0033112582781457123,False,98.5,422.5
Construction,2024Jul,322,2024-07-01,False,False,301.0,0.06976744186046502,False,98.5,422.5
Construction,2024Aug,306,2024-08-01,False,False,322.0,-0.0496894409937888,False,98.5,422.5
Construction,2024Sep,277,2024-09-01,False,False,306.0,-0.09477124183006536,False,98.5,422.5
Construction,2024Oct,265,2024-10-01,False,False,277.0,-0.04332129963898912,False,98.5,422.5
Construction,2024Nov,252,2024-11-01,False,False,265.0,-0.049056603773584895,False,98.5,422.5
Construction,2024Dec,181,2024-12-01,False,False,252.0,-0.28174603174603174,False,98.5,422.5
Construction,2025Jan,307,2025-01-01,False,False,181.0,0.6961325966850829,False,98.5,422.5
Construction,2025Feb,277,2025-02-01,False,False,307.0,-0.09771986970684043,False,98.5,422.5
Construction,2025Mar,359,2025-03-01,False,False,277.0,0.296028880866426,False,98.5,422.5
Construction,2025Apr,333,2025-04-01,False,False,359.0,-0.07242339832869082,False,98.5,422.5
Construction,2025May,304,2025-05-01,False,False,333.0,-0.08708708708708712,False,98.5,422.5
Construction,2025Jun,242,2025-06-01,False,False,304.0,-0.20394736842105265,False,98.5,422.5
Construction,2025Jul,336,2025-07-01,False,False,242.0,0.38842975206611574,False,98.5,422.5
Construction,2025Aug,339,2025-08-01,False,False,336.0,0.008928571428571397,False,98.5,422.5
Construction,2025Sep,313,2025-09-01,False,False,339.0,-0.07669616519174038,False,98.5,422.5
Construction,2025Oct,336,2025-10-01,False,False,313.0,0.07348242811501593,False,98.5,422.5
Construction,2025Nov,249,2025-11-01,False,False,336.0,-0.2589285714285714,False,98.5,422.5
Construction,2025Dec,323,2025-12-01,False,False,249.0,0.29718875502008024,False,98.5,422.5
Construction,2026Jan,358,2026-01-01,False,False,323.0,0.1083591331269349,False,98.5,422.5
Construction,2026Feb,269,2026-02-01,False,False,358.0,-0.24860335195530725,False,98.5,422.5
Construction,2026Mar,342,2026-03-01,False,False,269.0,0.27137546468401497,False,98.5,422.5
"Education, Health & Social Services",1990Jan,34,1990-01-01,False,False,,,False,-171.75,554.25
"Education, Health & Social Services",1990Feb,37,1990-02-01,False,False,34.0,0.08823529411764697,False,-171.75,554.25
"Education, Health & Social Services",1990Mar,40,1990-03-01,False,False,37.0,0.08108108108108114,False,-171.75,554.25
"Education, Health & Social Services",1990Apr,32,1990-04-01,False,False,40.0,-0.19999999999999996,False,-171.75,554.25
"Education, Health & Social Services",1990May,41,1990-05-01,False,False,32.0,0.28125,False,-171.75,554.25
"Education, Health & Social Services",1990Jun,49,1990-06-01,False,False,41.0,0.19512195121951215,False,-171.75,554.25
"Education, Health & Social Services",1990Jul,34,1990-07-01,False,False,49.0,-0.30612244897959184,False,-171.75,554.25
"Education, Health & Social Services",1990Aug,36,1990-08-01,False,False,34.0,0.05882352941176472,False,-171.75,554.25
"Education, Health & Social Services",1990Sep,25,1990-09-01,False,False,36.0,-0.3055555555555556,False,-171.75,554.25
"Education, Health & Social Services",1990Oct,32,1990-10-01,False,False,25.0,0.28,False,-171.75,554.25
"Education, Health & Social Services",1990Nov,35,1990-11-01,False,False,32.0,0.09375,False,-171.75,554.25
"Education, Health & Social Services",1990Dec,30,1990-12-01,False,False,35.0,-0.1428571428571429,False,-171.75,554.25
"Education, Health & Social Services",1991Jan,48,1991-01-01,False,False,30.0,0.6000000000000001,False,-171.75,554.25
"Education, Health & Social Services",1991Feb,21,1991-02-01,False,False,48.0,-0.5625,False,-171.75,554.25
"Education, Health & Social Services",1991Mar,31,1991-03-01,False,False,21.0,0.4761904761904763,False,-171.75,554.25
"Education, Health & Social Services",1991Apr,41,1991-04-01,False,False,31.0,0.32258064516129026,False,-171.75,554.25
"Education, Health & Social Services",1991May,45,1991-05-01,False,False,41.0,0.09756097560975618,False,-171.75,554.25
"Education, Health & Social Services",1991Jun,31,1991-06-01,False,False,45.0,-0.3111111111111111,False,-171.75,554.25
"Education, Health & Social Services",1991Jul,45,1991-07-01,False,False,31.0,0.4516129032258065,False,-171.75,554.25
"Education, Health & Social Services",1991Aug,40,1991-08-01,False,False,45.0,-0.11111111111111116,False,-171.75,554.25
"Education, Health & Social Services",1991Sep,36,1991-09-01,False,False,40.0,-0.09999999999999998,False,-171.75,554.25
"Education, Health & Social Services",1991Oct,46,1991-10-01,False,False,36.0,0.2777777777777777,False,-171.75,554.25
"Education, Health & Social Services",1991Nov,37,1991-11-01,False,False,46.0,-0.19565217391304346,False,-171.75,554.25
"Education, Health & Social Services",1991Dec,49,1991-12-01,False,False,37.0,0.32432432432432434,False,-171.75,554.25
"Education, Health & Social Services",1992Jan,33,1992-01-01,False,False,49.0,-0.326530612244898,False,-171.75,554.25
"Education, Health & Social Services",1992Feb,34,1992-02-01,False,False,33.0,0.030303030303030276,False,-171.75,554.25
"Education, Health & Social Services",1992Mar,41,1992-03-01,False,False,34.0,0.2058823529411764,False,-171.75,554.25
"Education, Health & Social Services",1992Apr,52,1992-04-01,False,False,41.0,0.2682926829268293,False,-171.75,554.25
"Education, Health & Social Services",1992May,44,1992-05-01,False,False,52.0,-0.15384615384615385,False,-171.75,554.25
"Education, Health & Social Services",1992Jun,46,1992-06-01,False,False,44.0,0.045454545454545414,False,-171.75,554.25
"Education, Health & Social Services",1992Jul,69,1992-07-01,False,False,46.0,0.5,False,-171.75,554.25
"Education, Health & Social Services",1992Aug,46,1992-08-01,False,False,69.0,-0.33333333333333337,False,-171.75,554.25
"Education, Health & Social Services",1992Sep,55,1992-09-01,False,False,46.0,0.19565217391304346,False,-171.75,554.25
"Education, Health & Social Services",1992Oct,49,1992-10-01,False,False,55.0,-0.10909090909090913,False,-171.75,554.25
"Education, Health & Social Services",1992Nov,41,1992-11-01,False,False,49.0,-0.16326530612244894,False,-171.75,554.25
"Education, Health & Social Services",1992Dec,44,1992-12-01,False,False,41.0,0.07317073170731714,False,-171.75,554.25
"Education, Health & Social Services",1993Jan,45,1993-01-01,False,False,44.0,0.022727272727272707,False,-171.75,554.25
"Education, Health & Social Services",1993Feb,58,1993-02-01,False,False,45.0,0.288888888888889,False,-171.75,554.25
"Education, Health & Social Services",1993Mar,57,1993-03-01,False,False,58.0,-0.017241379310344862,False,-171.75,554.25
"Education, Health & Social Services",1993Apr,57,1993-04-01,False,False,57.0,0.0,False,-171.75,554.25
"Education, Health & Social Services",1993May,61,1993-05-01,False,False,57.0,0.07017543859649122,False,-171.75,554.25
"Education, Health & Social Services",1993Jun,65,1993-06-01,False,False,61.0,0.06557377049180335,False,-171.75,554.25
"Education, Health & Social Services",1993Jul,61,1993-07-01,False,False,65.0,-0.06153846153846154,False,-171.75,554.25
"Education, Health & Social Services",1993Aug,53,1993-08-01,False,False,61.0,-0.1311475409836066,False,-171.75,554.25
"Education, Health & Social Services",1993Sep,56,1993-09-01,False,False,53.0,0.05660377358490565,False,-171.75,554.25
"Education, Health & Social Services",1993Oct,51,1993-10-01,False,False,56.0,-0.0892857142857143,False,-171.75,554.25
"Education, Health & Social Services",1993Nov,47,1993-11-01,False,False,51.0,-0.07843137254901966,False,-171.75,554.25
"Education, Health & Social Services",1993Dec,74,1993-12-01,False,False,47.0,0.574468085106383,False,-171.75,554.25
"Education, Health & Social Services",1994Jan,57,1994-01-01,False,False,74.0,-0.22972972972972971,False,-171.75,554.25
"Education, Health & Social Services",1994Feb,51,1994-02-01,False,False,57.0,-0.10526315789473684,False,-171.75,554.25
"Education, Health & Social Services",1994Mar,70,1994-03-01,False,False,51.0,0.37254901960784315,False,-171.75,554.25
"Education, Health & Social Services",1994Apr,51,1994-04-01,False,False,70.0,-0.27142857142857146,False,-171.75,554.25
"Education, Health & Social Services",1994May,44,1994-05-01,False,False,51.0,-0.13725490196078427,False,-171.75,554.25
"Education, Health & Social Services",1994Jun,59,1994-06-01,False,False,44.0,0.34090909090909083,False,-171.75,554.25
"Education, Health & Social Services",1994Jul,68,1994-07-01,False,False,59.0,0.15254237288135597,False,-171.75,554.25
"Education, Health & Social Services",1994Aug,71,1994-08-01,False,False,68.0,0.044117647058823595,False,-171.75,554.25
"Education, Health & Social Services",1994Sep,64,1994-09-01,False,False,71.0,-0.09859154929577463,False,-171.75,554.25
"Education, Health & Social Services",1994Oct,73,1994-10-01,False,False,64.0,0.140625,False,-171.75,554.25
"Education, Health & Social Services",1994Nov,70,1994-11-01,False,False,73.0,-0.04109589041095896,False,-171.75,554.25
"Education, Health & Social Services",1994Dec,76,1994-12-01,False,False,70.0,0.08571428571428563,False,-171.75,554.25
"Education, Health & Social Services",1995Jan,56,1995-01-01,False,False,76.0,-0.26315789473684215,False,-171.75,554.25
"Education, Health & Social Services",1995Feb,64,1995-02-01,False,False,56.0,0.1428571428571428,False,-171.75,554.25
"Education, Health & Social Services",1995Mar,82,1995-03-01,False,False,64.0,0.28125,False,-171.75,554.25
"Education, Health & Social Services",1995Apr,52,1995-04-01,False,False,82.0,-0.36585365853658536,False,-171.75,554.25
"Education, Health & Social Services",1995May,56,1995-05-01,False,False,52.0,0.07692307692307687,False,-171.75,554.25
"Education, Health & Social Services",1995Jun,71,1995-06-01,False,False,56.0,0.2678571428571428,False,-171.75,554.25
"Education, Health & Social Services",1995Jul,89,1995-07-01,False,False,71.0,0.2535211267605635,False,-171.75,554.25
"Education, Health & Social Services",1995Aug,67,1995-08-01,False,False,89.0,-0.2471910112359551,False,-171.75,554.25
"Education, Health & Social Services",1995Sep,72,1995-09-01,False,False,67.0,0.07462686567164178,False,-171.75,554.25
"Education, Health & Social Services",1995Oct,75,1995-10-01,False,False,72.0,0.04166666666666674,False,-171.75,554.25
"Education, Health & Social Services",1995Nov,87,1995-11-01,False,False,75.0,0.15999999999999992,False,-171.75,554.25
"Education, Health & Social Services",1995Dec,63,1995-12-01,False,False,87.0,-0.27586206896551724,False,-171.75,554.25
"Education, Health & Social Services",1996Jan,66,1996-01-01,False,False,63.0,0.04761904761904767,False,-171.75,554.25
"Education, Health & Social Services",1996Feb,65,1996-02-01,False,False,66.0,-0.015151515151515138,False,-171.75,554.25
"Education, Health & Social Services",1996Mar,85,1996-03-01,False,False,65.0,0.3076923076923077,False,-171.75,554.25
"Education, Health & Social Services",1996Apr,62,1996-04-01,False,False,85.0,-0.2705882352941177,False,-171.75,554.25
"Education, Health & Social Services",1996May,90,1996-05-01,False,False,62.0,0.4516129032258065,False,-171.75,554.25
"Education, Health & Social Services",1996Jun,84,1996-06-01,False,False,90.0,-0.06666666666666665,False,-171.75,554.25
"Education, Health & Social Services",1996Jul,75,1996-07-01,False,False,84.0,-0.1071428571428571,False,-171.75,554.25
"Education, Health & Social Services",1996Aug,64,1996-08-01,False,False,75.0,-0.1466666666666666,False,-171.75,554.25
"Education, Health & Social Services",1996Sep,75,1996-09-01,False,False,64.0,0.171875,False,-171.75,554.25
"Education, Health & Social Services",1996Oct,89,1996-10-01,False,False,75.0,0.18666666666666676,False,-171.75,554.25
"Education, Health & Social Services",1996Nov,72,1996-11-01,False,False,89.0,-0.1910112359550562,False,-171.75,554.25
"Education, Health & Social Services",1996Dec,82,1996-12-01,False,False,72.0,0.13888888888888884,False,-171.75,554.25
"Education, Health & Social Services",1997Jan,73,1997-01-01,False,False,82.0,-0.1097560975609756,False,-171.75,554.25
"Education, Health & Social Services",1997Feb,58,1997-02-01,False,False,73.0,-0.20547945205479456,False,-171.75,554.25
"Education, Health & Social Services",1997Mar,71,1997-03-01,False,False,58.0,0.22413793103448265,False,-171.75,554.25
"Education, Health & Social Services",1997Apr,75,1997-04-01,False,False,71.0,0.05633802816901401,False,-171.75,554.25
"Education, Health & Social Services",1997May,76,1997-05-01,False,False,75.0,0.01333333333333342,False,-171.75,554.25
"Education, Health & Social Services",1997Jun,81,1997-06-01,False,False,76.0,0.06578947368421062,False,-171.75,554.25
"Education, Health & Social Services",1997Jul,107,1997-07-01,False,False,81.0,0.32098765432098775,False,-171.75,554.25
"Education, Health & Social Services",1997Aug,73,1997-08-01,False,False,107.0,-0.31775700934579443,False,-171.75,554.25
"Education, Health & Social Services",1997Sep,84,1997-09-01,False,False,73.0,0.15068493150684925,False,-171.75,554.25
"Education, Health & Social Services",1997Oct,104,1997-10-01,False,False,84.0,0.23809523809523814,False,-171.75,554.25
"Education, Health & Social Services",1997Nov,80,1997-11-01,False,False,104.0,-0.23076923076923073,False,-171.75,554.25
"Education, Health & Social Services",1997Dec,86,1997-12-01,False,False,80.0,0.07499999999999996,False,-171.75,554.25
"Education, Health & Social Services",1998Jan,71,1998-01-01,False,False,86.0,-0.17441860465116277,False,-171.75,554.25
"Education, Health & Social Services",1998Feb,75,1998-02-01,False,False,71.0,0.05633802816901401,False,-171.75,554.25
"Education, Health & Social Services",1998Mar,91,1998-03-01,False,False,75.0,0.21333333333333337,False,-171.75,554.25
"Education, Health & Social Services",1998Apr,94,1998-04-01,False,False,91.0,0.03296703296703307,False,-171.75,554.25
"Education, Health & Social Services",1998May,90,1998-05-01,False,False,94.0,-0.04255319148936165,False,-171.75,554.25
"Education, Health & Social Services",1998Jun,102,1998-06-01,False,False,90.0,0.1333333333333333,False,-171.75,554.25
"Education, Health & Social Services",1998Jul,111,1998-07-01,False,False,102.0,0.08823529411764697,False,-171.75,554.25
"Education, Health & Social Services",1998Aug,93,1998-08-01,False,False,111.0,-0.16216216216216217,False,-171.75,554.25
"Education, Health & Social Services",1998Sep,110,1998-09-01,False,False,93.0,0.18279569892473124,False,-171.75,554.25
"Education, Health & Social Services",1998Oct,85,1998-10-01,False,False,110.0,-0.2272727272727273,False,-171.75,554.25
"Education, Health & Social Services",1998Nov,107,1998-11-01,False,False,85.0,0.2588235294117647,False,-171.75,554.25
"Education, Health & Social Services",1998Dec,105,1998-12-01,False,False,107.0,-0.01869158878504673,False,-171.75,554.25
"Education, Health & Social Services",1999Jan,84,1999-01-01,False,False,105.0,-0.19999999999999996,False,-171.75,554.25
"Education, Health & Social Services",1999Feb,77,1999-02-01,False,False,84.0,-0.08333333333333337,False,-171.75,554.25
"Education, Health & Social Services",1999Mar,128,1999-03-01,False,False,77.0,0.6623376623376624,False,-171.75,554.25
"Education, Health & Social Services",1999Apr,123,1999-04-01,False,False,128.0,-0.0390625,False,-171.75,554.25
"Education, Health & Social Services",1999May,95,1999-05-01,False,False,123.0,-0.22764227642276424,False,-171.75,554.25
"Education, Health & Social Services",1999Jun,112,1999-06-01,False,False,95.0,0.17894736842105252,False,-171.75,554.25
"Education, Health & Social Services",1999Jul,131,1999-07-01,False,False,112.0,0.1696428571428572,False,-171.75,554.25
"Education, Health & Social Services",1999Aug,112,1999-08-01,False,False,131.0,-0.14503816793893132,False,-171.75,554.25
"Education, Health & Social Services",1999Sep,119,1999-09-01,False,False,112.0,0.0625,False,-171.75,554.25
"Education, Health & Social Services",1999Oct,110,1999-10-01,False,False,119.0,-0.07563025210084029,False,-171.75,554.25
"Education, Health & Social Services",1999Nov,114,1999-11-01,False,False,110.0,0.036363636363636376,False,-171.75,554.25
"Education, Health & Social Services",1999Dec,122,1999-12-01,False,False,114.0,0.07017543859649122,False,-171.75,554.25
"Education, Health & Social Services",2000Jan,102,2000-01-01,False,False,122.0,-0.16393442622950816,False,-171.75,554.25
"Education, Health & Social Services",2000Feb,88,2000-02-01,False,False,102.0,-0.13725490196078427,False,-171.75,554.25
"Education, Health & Social Services",2000Mar,146,2000-03-01,False,False,88.0,0.6590909090909092,False,-171.75,554.25
"Education, Health & Social Services",2000Apr,103,2000-04-01,False,False,146.0,-0.29452054794520544,False,-171.75,554.25
"Education, Health & Social Services",2000May,115,2000-05-01,False,False,103.0,0.11650485436893199,False,-171.75,554.25
"Education, Health & Social Services",2000Jun,114,2000-06-01,False,False,115.0,-0.008695652173912993,False,-171.75,554.25
"Education, Health & Social Services",2000Jul,114,2000-07-01,False,False,114.0,0.0,False,-171.75,554.25
"Education, Health & Social Services",2000Aug,103,2000-08-01,False,False,114.0,-0.0964912280701754,False,-171.75,554.25
"Education, Health & Social Services",2000Sep,99,2000-09-01,False,False,103.0,-0.03883495145631066,False,-171.75,554.25
"Education, Health & Social Services",2000Oct,97,2000-10-01,False,False,99.0,-0.02020202020202022,False,-171.75,554.25
"Education, Health & Social Services",2000Nov,125,2000-11-01,False,False,97.0,0.2886597938144331,False,-171.75,554.25
"Education, Health & Social Services",2000Dec,97,2000-12-01,False,False,125.0,-0.22399999999999998,False,-171.75,554.25
"Education, Health & Social Services",2001Jan,91,2001-01-01,False,False,97.0,-0.061855670103092786,False,-171.75,554.25
"Education, Health & Social Services",2001Feb,117,2001-02-01,False,False,91.0,0.2857142857142858,False,-171.75,554.25
"Education, Health & Social Services",2001Mar,125,2001-03-01,False,False,117.0,0.06837606837606836,False,-171.75,554.25
"Education, Health & Social Services",2001Apr,108,2001-04-01,False,False,125.0,-0.136,False,-171.75,554.25
"Education, Health & Social Services",2001May,109,2001-05-01,False,False,108.0,0.0092592592592593,False,-171.75,554.25
"Education, Health & Social Services",2001Jun,110,2001-06-01,False,False,109.0,0.00917431192660545,False,-171.75,554.25
"Education, Health & Social Services",2001Jul,115,2001-07-01,False,False,110.0,0.045454545454545414,False,-171.75,554.25
"Education, Health & Social Services",2001Aug,130,2001-08-01,False,False,115.0,0.13043478260869557,False,-171.75,554.25
"Education, Health & Social Services",2001Sep,118,2001-09-01,False,False,130.0,-0.09230769230769231,False,-171.75,554.25
"Education, Health & Social Services",2001Oct,152,2001-10-01,False,False,118.0,0.2881355932203389,False,-171.75,554.25
"Education, Health & Social Services",2001Nov,151,2001-11-01,False,False,152.0,-0.006578947368421018,False,-171.75,554.25
"Education, Health & Social Services",2001Dec,132,2001-12-01,False,False,151.0,-0.1258278145695364,False,-171.75,554.25
"Education, Health & Social Services",2002Jan,133,2002-01-01,False,False,132.0,0.007575757575757569,False,-171.75,554.25
"Education, Health & Social Services",2002Feb,130,2002-02-01,False,False,133.0,-0.022556390977443663,False,-171.75,554.25
"Education, Health & Social Services",2002Mar,149,2002-03-01,False,False,130.0,0.14615384615384608,False,-171.75,554.25
"Education, Health & Social Services",2002Apr,160,2002-04-01,False,False,149.0,0.0738255033557047,False,-171.75,554.25
"Education, Health & Social Services",2002May,178,2002-05-01,False,False,160.0,0.11250000000000004,False,-171.75,554.25
"Education, Health & Social Services",2002Jun,149,2002-06-01,False,False,178.0,-0.1629213483146067,False,-171.75,554.25
"Education, Health & Social Services",2002Jul,191,2002-07-01,False,False,149.0,0.2818791946308725,False,-171.75,554.25
"Education, Health & Social Services",2002Aug,152,2002-08-01,False,False,191.0,-0.20418848167539272,False,-171.75,554.25
"Education, Health & Social Services",2002Sep,171,2002-09-01,False,False,152.0,0.125,False,-171.75,554.25
"Education, Health & Social Services",2002Oct,187,2002-10-01,False,False,171.0,0.0935672514619883,False,-171.75,554.25
"Education, Health & Social Services",2002Nov,194,2002-11-01,False,False,187.0,0.03743315508021383,False,-171.75,554.25
"Education, Health & Social Services",2002Dec,149,2002-12-01,False,False,194.0,-0.2319587628865979,False,-171.75,554.25
"Education, Health & Social Services",2003Jan,160,2003-01-01,False,False,149.0,0.0738255033557047,False,-171.75,554.25
"Education, Health & Social Services",2003Feb,137,2003-02-01,False,False,160.0,-0.14375000000000004,False,-171.75,554.25
"Education, Health & Social Services",2003Mar,158,2003-03-01,False,False,137.0,0.15328467153284664,False,-171.75,554.25
"Education, Health & Social Services",2003Apr,155,2003-04-01,False,False,158.0,-0.01898734177215189,False,-171.75,554.25
"Education, Health & Social Services",2003May,141,2003-05-01,False,False,155.0,-0.0903225806451613,False,-171.75,554.25
"Education, Health & Social Services",2003Jun,172,2003-06-01,False,False,141.0,0.21985815602836878,False,-171.75,554.25
"Education, Health & Social Services",2003Jul,160,2003-07-01,False,False,172.0,-0.06976744186046513,False,-171.75,554.25
"Education, Health & Social Services",2003Aug,166,2003-08-01,False,False,160.0,0.03750000000000009,False,-171.75,554.25
"Education, Health & Social Services",2003Sep,153,2003-09-01,False,False,166.0,-0.07831325301204817,False,-171.75,554.25
"Education, Health & Social Services",2003Oct,230,2003-10-01,False,False,153.0,0.5032679738562091,False,-171.75,554.25
"Education, Health & Social Services",2003Nov,171,2003-11-01,False,False,230.0,-0.25652173913043474,False,-171.75,554.25
"Education, Health & Social Services",2003Dec,161,2003-12-01,False,False,171.0,-0.05847953216374269,False,-171.75,554.25
"Education, Health & Social Services",2004Jan,155,2004-01-01,False,False,161.0,-0.037267080745341574,False,-171.75,554.25
"Education, Health & Social Services",2004Feb,170,2004-02-01,False,False,155.0,0.09677419354838701,False,-171.75,554.25
"Education, Health & Social Services",2004Mar,180,2004-03-01,False,False,170.0,0.05882352941176472,False,-171.75,554.25
"Education, Health & Social Services",2004Apr,174,2004-04-01,False,False,180.0,-0.033333333333333326,False,-171.75,554.25
"Education, Health & Social Services",2004May,179,2004-05-01,False,False,174.0,0.028735632183908066,False,-171.75,554.25
"Education, Health & Social Services",2004Jun,188,2004-06-01,False,False,179.0,0.05027932960893855,False,-171.75,554.25
"Education, Health & Social Services",2004Jul,173,2004-07-01,False,False,188.0,-0.07978723404255317,False,-171.75,554.25
"Education, Health & Social Services",2004Aug,184,2004-08-01,False,False,173.0,0.06358381502890165,False,-171.75,554.25
"Education, Health & Social Services",2004Sep,149,2004-09-01,False,False,184.0,-0.19021739130434778,False,-171.75,554.25
"Education, Health & Social Services",2004Oct,139,2004-10-01,False,False,149.0,-0.06711409395973156,False,-171.75,554.25
"Education, Health & Social Services",2004Nov,139,2004-11-01,False,False,139.0,0.0,False,-171.75,554.25
"Education, Health & Social Services",2004Dec,165,2004-12-01,False,False,139.0,0.18705035971223016,False,-171.75,554.25
"Education, Health & Social Services",2005Jan,164,2005-01-01,False,False,165.0,-0.0060606060606061,False,-171.75,554.25
"Education, Health & Social Services",2005Feb,126,2005-02-01,False,False,164.0,-0.23170731707317072,False,-171.75,554.25
"Education, Health & Social Services",2005Mar,167,2005-03-01,False,False,126.0,0.32539682539682535,False,-171.75,554.25
"Education, Health & Social Services",2005Apr,176,2005-04-01,False,False,167.0,0.05389221556886237,False,-171.75,554.25
"Education, Health & Social Services",2005May,192,2005-05-01,False,False,176.0,0.09090909090909083,False,-171.75,554.25
"Education, Health & Social Services",2005Jun,166,2005-06-01,False,False,192.0,-0.13541666666666663,False,-171.75,554.25
"Education, Health & Social Services",2005Jul,175,2005-07-01,False,False,166.0,0.054216867469879526,False,-171.75,554.25
"Education, Health & Social Services",2005Aug,188,2005-08-01,False,False,175.0,0.07428571428571429,False,-171.75,554.25
"Education, Health & Social Services",2005Sep,174,2005-09-01,False,False,188.0,-0.07446808510638303,False,-171.75,554.25
"Education, Health & Social Services",2005Oct,210,2005-10-01,False,False,174.0,0.2068965517241379,False,-171.75,554.25
"Education, Health & Social Services",2005Nov,162,2005-11-01,False,False,210.0,-0.22857142857142854,False,-171.75,554.25
"Education, Health & Social Services",2005Dec,148,2005-12-01,False,False,162.0,-0.0864197530864198,False,-171.75,554.25
"Education, Health & Social Services",2006Jan,150,2006-01-01,False,False,148.0,0.013513513513513598,False,-171.75,554.25
"Education, Health & Social Services",2006Feb,156,2006-02-01,False,False,150.0,0.040000000000000036,False,-171.75,554.25
"Education, Health & Social Services",2006Mar,200,2006-03-01,False,False,156.0,0.28205128205128216,False,-171.75,554.25
"Education, Health & Social Services",2006Apr,144,2006-04-01,False,False,200.0,-0.28,False,-171.75,554.25
"Education, Health & Social Services",2006May,175,2006-05-01,False,False,144.0,0.21527777777777768,False,-171.75,554.25
"Education, Health & Social Services",2006Jun,152,2006-06-01,False,False,175.0,-0.13142857142857145,False,-171.75,554.25
"Education, Health & Social Services",2006Jul,158,2006-07-01,False,False,152.0,0.03947368421052633,False,-171.75,554.25
"Education, Health & Social Services",2006Aug,166,2006-08-01,False,False,158.0,0.05063291139240511,False,-171.75,554.25
"Education, Health & Social Services",2006Sep,225,2006-09-01,False,False,166.0,0.35542168674698793,False,-171.75,554.25
"Education, Health & Social Services",2006Oct,201,2006-10-01,False,False,225.0,-0.10666666666666669,False,-171.75,554.25
"Education, Health & Social Services",2006Nov,161,2006-11-01,False,False,201.0,-0.1990049751243781,False,-171.75,554.25
"Education, Health & Social Services",2006Dec,167,2006-12-01,False,False,161.0,0.037267080745341685,False,-171.75,554.25
"Education, Health & Social Services",2007Jan,207,2007-01-01,False,False,167.0,0.23952095808383222,False,-171.75,554.25
"Education, Health & Social Services",2007Feb,185,2007-02-01,False,False,207.0,-0.106280193236715,False,-171.75,554.25
"Education, Health & Social Services",2007Mar,193,2007-03-01,False,False,185.0,0.043243243243243246,False,-171.75,554.25
"Education, Health & Social Services",2007Apr,204,2007-04-01,False,False,193.0,0.05699481865284972,False,-171.75,554.25
"Education, Health & Social Services",2007May,212,2007-05-01,False,False,204.0,0.03921568627450989,False,-171.75,554.25
"Education, Health & Social Services",2007Jun,190,2007-06-01,False,False,212.0,-0.10377358490566035,False,-171.75,554.25
"Education, Health & Social Services",2007Jul,195,2007-07-01,False,False,190.0,0.026315789473684292,False,-171.75,554.25
"Education, Health & Social Services",2007Aug,235,2007-08-01,False,False,195.0,0.20512820512820507,False,-171.75,554.25
"Education, Health & Social Services",2007Sep,172,2007-09-01,False,False,235.0,-0.2680851063829788,False,-171.75,554.25
"Education, Health & Social Services",2007Oct,212,2007-10-01,False,False,172.0,0.2325581395348837,False,-171.75,554.25
"Education, Health & Social Services",2007Nov,193,2007-11-01,False,False,212.0,-0.089622641509434,False,-171.75,554.25
"Education, Health & Social Services",2007Dec,149,2007-12-01,False,False,193.0,-0.227979274611399,False,-171.75,554.25
"Education, Health & Social Services",2008Jan,267,2008-01-01,False,False,149.0,0.7919463087248322,False,-171.75,554.25
"Education, Health & Social Services",2008Feb,151,2008-02-01,False,False,267.0,-0.43445692883895126,False,-171.75,554.25
"Education, Health & Social Services",2008Mar,205,2008-03-01,False,False,151.0,0.35761589403973515,False,-171.75,554.25
"Education, Health & Social Services",2008Apr,197,2008-04-01,False,False,205.0,-0.039024390243902474,False,-171.75,554.25
"Education, Health & Social Services",2008May,246,2008-05-01,False,False,197.0,0.24873096446700504,False,-171.75,554.25
"Education, Health & Social Services",2008Jun,183,2008-06-01,False,False,246.0,-0.25609756097560976,False,-171.75,554.25
"Education, Health & Social Services",2008Jul,243,2008-07-01,False,False,183.0,0.3278688524590163,False,-171.75,554.25
"Education, Health & Social Services",2008Aug,238,2008-08-01,False,False,243.0,-0.020576131687242816,False,-171.75,554.25
"Education, Health & Social Services",2008Sep,230,2008-09-01,False,False,238.0,-0.03361344537815125,False,-171.75,554.25
"Education, Health & Social Services",2008Oct,217,2008-10-01,False,False,230.0,-0.05652173913043479,False,-171.75,554.25
"Education, Health & Social Services",2008Nov,176,2008-11-01,False,False,217.0,-0.18894009216589858,False,-171.75,554.25
"Education, Health & Social Services",2008Dec,145,2008-12-01,False,False,176.0,-0.17613636363636365,False,-171.75,554.25
"Education, Health & Social Services",2009Jan,249,2009-01-01,False,False,145.0,0.7172413793103449,False,-171.75,554.25
"Education, Health & Social Services",2009Feb,253,2009-02-01,False,False,249.0,0.016064257028112428,False,-171.75,554.25
"Education, Health & Social Services",2009Mar,234,2009-03-01,False,False,253.0,-0.07509881422924902,False,-171.75,554.25
"Education, Health & Social Services",2009Apr,240,2009-04-01,False,False,234.0,0.02564102564102555,False,-171.75,554.25
"Education, Health & Social Services",2009May,220,2009-05-01,False,False,240.0,-0.08333333333333337,False,-171.75,554.25
"Education, Health & Social Services",2009Jun,225,2009-06-01,False,False,220.0,0.022727272727272707,False,-171.75,554.25
"Education, Health & Social Services",2009Jul,277,2009-07-01,False,False,225.0,0.23111111111111104,False,-171.75,554.25
"Education, Health & Social Services",2009Aug,244,2009-08-01,False,False,277.0,-0.11913357400722024,False,-171.75,554.25
"Education, Health & Social Services",2009Sep,248,2009-09-01,False,False,244.0,0.016393442622950838,False,-171.75,554.25
"Education, Health & Social Services",2009Oct,256,2009-10-01,False,False,248.0,0.032258064516129004,False,-171.75,554.25
"Education, Health & Social Services",2009Nov,219,2009-11-01,False,False,256.0,-0.14453125,False,-171.75,554.25
"Education, Health & Social Services",2009Dec,225,2009-12-01,False,False,219.0,0.027397260273972712,False,-171.75,554.25
"Education, Health & Social Services",2010Jan,275,2010-01-01,False,False,225.0,0.22222222222222232,False,-171.75,554.25
"Education, Health & Social Services",2010Feb,196,2010-02-01,False,False,275.0,-0.28727272727272724,False,-171.75,554.25
"Education, Health & Social Services",2010Mar,308,2010-03-01,False,False,196.0,0.5714285714285714,False,-171.75,554.25
"Education, Health & Social Services",2010Apr,290,2010-04-01,False,False,308.0,-0.058441558441558406,False,-171.75,554.25
"Education, Health & Social Services",2010May,245,2010-05-01,False,False,290.0,-0.15517241379310343,False,-171.75,554.25
"Education, Health & Social Services",2010Jun,235,2010-06-01,False,False,245.0,-0.04081632653061229,False,-171.75,554.25
"Education, Health & Social Services",2010Jul,240,2010-07-01,False,False,235.0,0.02127659574468077,False,-171.75,554.25
"Education, Health & Social Services",2010Aug,239,2010-08-01,False,False,240.0,-0.004166666666666652,False,-171.75,554.25
"Education, Health & Social Services",2010Sep,260,2010-09-01,False,False,239.0,0.08786610878661083,False,-171.75,554.25
"Education, Health & Social Services",2010Oct,290,2010-10-01,False,False,260.0,0.11538461538461542,False,-171.75,554.25
"Education, Health & Social Services",2010Nov,214,2010-11-01,False,False,290.0,-0.26206896551724135,False,-171.75,554.25
"Education, Health & Social Services",2010Dec,223,2010-12-01,False,False,214.0,0.0420560747663552,False,-171.75,554.25
"Education, Health & Social Services",2011Jan,311,2011-01-01,False,False,223.0,0.3946188340807175,False,-171.75,554.25
"Education, Health & Social Services",2011Feb,221,2011-02-01,False,False,311.0,-0.28938906752411575,False,-171.75,554.25
"Education, Health & Social Services",2011Mar,276,2011-03-01,False,False,221.0,0.248868778280543,False,-171.75,554.25
"Education, Health & Social Services",2011Apr,279,2011-04-01,False,False,276.0,0.010869565217391353,False,-171.75,554.25
"Education, Health & Social Services",2011May,237,2011-05-01,False,False,279.0,-0.15053763440860213,False,-171.75,554.25
"Education, Health & Social Services",2011Jun,239,2011-06-01,False,False,237.0,0.00843881856540074,False,-171.75,554.25
"Education, Health & Social Services",2011Jul,288,2011-07-01,False,False,239.0,0.20502092050209209,False,-171.75,554.25
"Education, Health & Social Services",2011Aug,275,2011-08-01,False,False,288.0,-0.04513888888888884,False,-171.75,554.25
"Education, Health & Social Services",2011Sep,243,2011-09-01,False,False,275.0,-0.11636363636363634,False,-171.75,554.25
"Education, Health & Social Services",2011Oct,286,2011-10-01,False,False,243.0,0.17695473251028804,False,-171.75,554.25
"Education, Health & Social Services",2011Nov,249,2011-11-01,False,False,286.0,-0.12937062937062938,False,-171.75,554.25
"Education, Health & Social Services",2011Dec,198,2011-12-01,False,False,249.0,-0.20481927710843373,False,-171.75,554.25
"Education, Health & Social Services",2012Jan,258,2012-01-01,False,False,198.0,0.303030303030303,False,-171.75,554.25
"Education, Health & Social Services",2012Feb,291,2012-02-01,False,False,258.0,0.12790697674418605,False,-171.75,554.25
"Education, Health & Social Services",2012Mar,283,2012-03-01,False,False,291.0,-0.027491408934707917,False,-171.75,554.25
"Education, Health & Social Services",2012Apr,244,2012-04-01,False,False,283.0,-0.13780918727915192,False,-171.75,554.25
"Education, Health & Social Services",2012May,283,2012-05-01,False,False,244.0,0.1598360655737705,False,-171.75,554.25
"Education, Health & Social Services",2012Jun,275,2012-06-01,False,False,283.0,-0.028268551236749095,False,-171.75,554.25
"Education, Health & Social Services",2012Jul,278,2012-07-01,False,False,275.0,0.01090909090909098,False,-171.75,554.25
"Education, Health & Social Services",2012Aug,283,2012-08-01,False,False,278.0,0.017985611510791477,False,-171.75,554.25
"Education, Health & Social Services",2012Sep,284,2012-09-01,False,False,283.0,0.0035335689045936647,False,-171.75,554.25
"Education, Health & Social Services",2012Oct,333,2012-10-01,False,False,284.0,0.17253521126760574,False,-171.75,554.25
"Education, Health & Social Services",2012Nov,267,2012-11-01,False,False,333.0,-0.19819819819819817,False,-171.75,554.25
"Education, Health & Social Services",2012Dec,239,2012-12-01,False,False,267.0,-0.10486891385767794,False,-171.75,554.25
"Education, Health & Social Services",2013Jan,360,2013-01-01,False,False,239.0,0.506276150627615,False,-171.75,554.25
"Education, Health & Social Services",2013Feb,233,2013-02-01,False,False,360.0,-0.35277777777777775,False,-171.75,554.25
"Education, Health & Social Services",2013Mar,292,2013-03-01,False,False,233.0,0.2532188841201717,False,-171.75,554.25
"Education, Health & Social Services",2013Apr,315,2013-04-01,False,False,292.0,0.07876712328767121,False,-171.75,554.25
"Education, Health & Social Services",2013May,323,2013-05-01,False,False,315.0,0.025396825396825307,False,-171.75,554.25
"Education, Health & Social Services",2013Jun,288,2013-06-01,False,False,323.0,-0.10835913312693501,False,-171.75,554.25
"Education, Health & Social Services",2013Jul,335,2013-07-01,False,False,288.0,0.16319444444444442,False,-171.75,554.25
"Education, Health & Social Services",2013Aug,298,2013-08-01,False,False,335.0,-0.11044776119402988,False,-171.75,554.25
"Education, Health & Social Services",2013Sep,310,2013-09-01,False,False,298.0,0.04026845637583887,False,-171.75,554.25
"Education, Health & Social Services",2013Oct,350,2013-10-01,False,False,310.0,0.12903225806451624,False,-171.75,554.25
"Education, Health & Social Services",2013Nov,300,2013-11-01,False,False,350.0,-0.1428571428571429,False,-171.75,554.25
"Education, Health & Social Services",2013Dec,312,2013-12-01,False,False,300.0,0.040000000000000036,False,-171.75,554.25
"Education, Health & Social Services",2014Jan,345,2014-01-01,False,False,312.0,0.10576923076923084,False,-171.75,554.25
"Education, Health & Social Services",2014Feb,267,2014-02-01,False,False,345.0,-0.22608695652173916,False,-171.75,554.25
"Education, Health & Social Services",2014Mar,346,2014-03-01,False,False,267.0,0.29588014981273414,False,-171.75,554.25
"Education, Health & Social Services",2014Apr,359,2014-04-01,False,False,346.0,0.037572254335260125,False,-171.75,554.25
"Education, Health & Social Services",2014May,371,2014-05-01,False,False,359.0,0.03342618384401108,False,-171.75,554.25
"Education, Health & Social Services",2014Jun,390,2014-06-01,False,False,371.0,0.05121293800539073,False,-171.75,554.25
"Education, Health & Social Services",2014Jul,406,2014-07-01,False,False,390.0,0.0410256410256411,False,-171.75,554.25
"Education, Health & Social Services",2014Aug,385,2014-08-01,False,False,406.0,-0.051724137931034475,False,-171.75,554.25
"Education, Health & Social Services",2014Sep,487,2014-09-01,False,False,385.0,0.264935064935065,False,-171.75,554.25
"Education, Health & Social Services",2014Oct,442,2014-10-01,False,False,487.0,-0.0924024640657084,False,-171.75,554.25
"Education, Health & Social Services",2014Nov,411,2014-11-01,False,False,442.0,-0.07013574660633481,False,-171.75,554.25
"Education, Health & Social Services",2014Dec,355,2014-12-01,False,False,411.0,-0.13625304136253036,False,-171.75,554.25
"Education, Health & Social Services",2015Jan,341,2015-01-01,False,False,355.0,-0.03943661971830981,False,-171.75,554.25
"Education, Health & Social Services",2015Feb,238,2015-02-01,False,False,341.0,-0.3020527859237536,False,-171.75,554.25
"Education, Health & Social Services",2015Mar,329,2015-03-01,False,False,238.0,0.38235294117647056,False,-171.75,554.25
"Education, Health & Social Services",2015Apr,307,2015-04-01,False,False,329.0,-0.06686930091185406,False,-171.75,554.25
"Education, Health & Social Services",2015May,284,2015-05-01,False,False,307.0,-0.07491856677524433,False,-171.75,554.25
"Education, Health & Social Services",2015Jun,288,2015-06-01,False,False,284.0,0.014084507042253502,False,-171.75,554.25
"Education, Health & Social Services",2015Jul,358,2015-07-01,False,False,288.0,0.24305555555555558,False,-171.75,554.25
"Education, Health & Social Services",2015Aug,311,2015-08-01,False,False,358.0,-0.13128491620111726,False,-171.75,554.25
"Education, Health & Social Services",2015Sep,295,2015-09-01,False,False,311.0,-0.05144694533762062,False,-171.75,554.25
"Education, Health & Social Services",2015Oct,369,2015-10-01,False,False,295.0,0.2508474576271187,False,-171.75,554.25
"Education, Health & Social Services",2015Nov,303,2015-11-01,False,False,369.0,-0.17886178861788615,False,-171.75,554.25
"Education, Health & Social Services",2015Dec,255,2015-12-01,False,False,303.0,-0.15841584158415845,False,-171.75,554.25
"Education, Health & Social Services",2016Jan,230,2016-01-01,False,False,255.0,-0.0980392156862745,False,-171.75,554.25
"Education, Health & Social Services",2016Feb,253,2016-02-01,False,False,230.0,0.10000000000000009,False,-171.75,554.25
"Education, Health & Social Services",2016Mar,349,2016-03-01,False,False,253.0,0.37944664031620556,False,-171.75,554.25
"Education, Health & Social Services",2016Apr,331,2016-04-01,False,False,349.0,-0.0515759312320917,False,-171.75,554.25
"Education, Health & Social Services",2016May,250,2016-05-01,False,False,331.0,-0.24471299093655585,False,-171.75,554.25
"Education, Health & Social Services",2016Jun,304,2016-06-01,False,False,250.0,0.21599999999999997,False,-171.75,554.25
"Education, Health & Social Services",2016Jul,284,2016-07-01,False,False,304.0,-0.06578947368421051,False,-171.75,554.25
"Education, Health & Social Services",2016Aug,280,2016-08-01,False,False,284.0,-0.014084507042253502,False,-171.75,554.25
"Education, Health & Social Services",2016Sep,270,2016-09-01,False,False,280.0,-0.0357142857142857,False,-171.75,554.25
"Education, Health & Social Services",2016Oct,285,2016-10-01,False,False,270.0,0.05555555555555558,False,-171.75,554.25
"Education, Health & Social Services",2016Nov,246,2016-11-01,False,False,285.0,-0.13684210526315788,False,-171.75,554.25
"Education, Health & Social Services",2016Dec,242,2016-12-01,False,False,246.0,-0.016260162601625994,False,-171.75,554.25
"Education, Health & Social Services",2017Jan,282,2017-01-01,False,False,242.0,0.165289256198347,False,-171.75,554.25
"Education, Health & Social Services",2017Feb,284,2017-02-01,False,False,282.0,0.007092198581560183,False,-171.75,554.25
"Education, Health & Social Services",2017Mar,298,2017-03-01,False,False,284.0,0.04929577464788726,False,-171.75,554.25
"Education, Health & Social Services",2017Apr,276,2017-04-01,False,False,298.0,-0.0738255033557047,False,-171.75,554.25
"Education, Health & Social Services",2017May,322,2017-05-01,False,False,276.0,0.16666666666666674,False,-171.75,554.25
"Education, Health & Social Services",2017Jun,247,2017-06-01,False,False,322.0,-0.23291925465838514,False,-171.75,554.25
"Education, Health & Social Services",2017Jul,299,2017-07-01,False,False,247.0,0.21052631578947367,False,-171.75,554.25
"Education, Health & Social Services",2017Aug,319,2017-08-01,False,False,299.0,0.06688963210702337,False,-171.75,554.25
"Education, Health & Social Services",2017Sep,267,2017-09-01,False,False,319.0,-0.1630094043887147,False,-171.75,554.25
"Education, Health & Social Services",2017Oct,338,2017-10-01,False,False,267.0,0.26591760299625467,False,-171.75,554.25
"Education, Health & Social Services",2017Nov,315,2017-11-01,False,False,338.0,-0.06804733727810652,False,-171.75,554.25
"Education, Health & Social Services",2017Dec,257,2017-12-01,False,False,315.0,-0.18412698412698414,False,-171.75,554.25
"Education, Health & Social Services",2018Jan,331,2018-01-01,False,False,257.0,0.28793774319066157,False,-171.75,554.25
"Education, Health & Social Services",2018Feb,243,2018-02-01,False,False,331.0,-0.26586102719033233,False,-171.75,554.25
"Education, Health & Social Services",2018Mar,315,2018-03-01,False,False,243.0,0.2962962962962963,False,-171.75,554.25
"Education, Health & Social Services",2018Apr,289,2018-04-01,False,False,315.0,-0.08253968253968258,False,-171.75,554.25
"Education, Health & Social Services",2018May,326,2018-05-01,False,False,289.0,0.12802768166089962,False,-171.75,554.25
"Education, Health & Social Services",2018Jun,265,2018-06-01,False,False,326.0,-0.18711656441717794,False,-171.75,554.25
"Education, Health & Social Services",2018Jul,282,2018-07-01,False,False,265.0,0.0641509433962264,False,-171.75,554.25
"Education, Health & Social Services",2018Aug,328,2018-08-01,False,False,282.0,0.16312056737588643,False,-171.75,554.25
"Education, Health & Social Services",2018Sep,282,2018-09-01,False,False,328.0,-0.1402439024390244,False,-171.75,554.25
"Education, Health & Social Services",2018Oct,306,2018-10-01,False,False,282.0,0.0851063829787233,False,-171.75,554.25
"Education, Health & Social Services",2018Nov,255,2018-11-01,False,False,306.0,-0.16666666666666663,False,-171.75,554.25
"Education, Health & Social Services",2018Dec,178,2018-12-01,False,False,255.0,-0.3019607843137255,False,-171.75,554.25
"Education, Health & Social Services",2019Jan,321,2019-01-01,False,False,178.0,0.803370786516854,False,-171.75,554.25
"Education, Health & Social Services",2019Feb,223,2019-02-01,False,False,321.0,-0.3052959501557633,False,-171.75,554.25
"Education, Health & Social Services",2019Mar,283,2019-03-01,False,False,223.0,0.26905829596412567,False,-171.75,554.25
"Education, Health & Social Services",2019Apr,284,2019-04-01,False,False,283.0,0.0035335689045936647,False,-171.75,554.25
"Education, Health & Social Services",2019May,282,2019-05-01,False,False,284.0,-0.007042253521126751,False,-171.75,554.25
"Education, Health & Social Services",2019Jun,237,2019-06-01,False,False,282.0,-0.15957446808510634,False,-171.75,554.25
"Education, Health & Social Services",2019Jul,288,2019-07-01,False,False,237.0,0.21518987341772156,False,-171.75,554.25
"Education, Health & Social Services",2019Aug,247,2019-08-01,False,False,288.0,-0.14236111111111116,False,-171.75,554.25
"Education, Health & Social Services",2019Sep,288,2019-09-01,False,False,247.0,0.165991902834008,False,-171.75,554.25
"Education, Health & Social Services",2019Oct,275,2019-10-01,False,False,288.0,-0.04513888888888884,False,-171.75,554.25
"Education, Health & Social Services",2019Nov,273,2019-11-01,False,False,275.0,-0.0072727272727273196,False,-171.75,554.25
"Education, Health & Social Services",2019Dec,212,2019-12-01,False,False,273.0,-0.22344322344322343,False,-171.75,554.25
"Education, Health & Social Services",2020Jan,283,2020-01-01,False,False,212.0,0.3349056603773586,False,-171.75,554.25
"Education, Health & Social Services",2020Feb,235,2020-02-01,False,False,283.0,-0.16961130742049468,False,-171.75,554.25
"Education, Health & Social Services",2020Mar,267,2020-03-01,False,False,235.0,0.13617021276595742,False,-171.75,554.25
"Education, Health & Social Services",2020Apr,177,2020-04-01,False,False,267.0,-0.3370786516853933,False,-171.75,554.25
"Education, Health & Social Services",2020May,187,2020-05-01,False,False,177.0,0.05649717514124286,False,-171.75,554.25
"Education, Health & Social Services",2020Jun,235,2020-06-01,False,False,187.0,0.25668449197860954,False,-171.75,554.25
"Education, Health & Social Services",2020Jul,287,2020-07-01,False,False,235.0,0.22127659574468095,False,-171.75,554.25
"Education, Health & Social Services",2020Aug,246,2020-08-01,False,False,287.0,-0.1428571428571429,False,-171.75,554.25
"Education, Health & Social Services",2020Sep,300,2020-09-01,False,False,246.0,0.2195121951219512,False,-171.75,554.25
"Education, Health & Social Services",2020Oct,320,2020-10-01,False,False,300.0,0.06666666666666665,False,-171.75,554.25
"Education, Health & Social Services",2020Nov,299,2020-11-01,False,False,320.0,-0.06562500000000004,False,-171.75,554.25
"Education, Health & Social Services",2020Dec,294,2020-12-01,False,False,299.0,-0.01672240802675584,False,-171.75,554.25
"Education, Health & Social Services",2021Jan,341,2021-01-01,False,False,294.0,0.15986394557823136,False,-171.75,554.25
"Education, Health & Social Services",2021Feb,272,2021-02-01,False,False,341.0,-0.20234604105571852,False,-171.75,554.25
"Education, Health & Social Services",2021Mar,330,2021-03-01,False,False,272.0,0.21323529411764697,False,-171.75,554.25
"Education, Health & Social Services",2021Apr,322,2021-04-01,False,False,330.0,-0.024242424242424288,False,-171.75,554.25
"Education, Health & Social Services",2021May,267,2021-05-01,False,False,322.0,-0.1708074534161491,False,-171.75,554.25
"Education, Health & Social Services",2021Jun,261,2021-06-01,False,False,267.0,-0.022471910112359605,False,-171.75,554.25
"Education, Health & Social Services",2021Jul,262,2021-07-01,False,False,261.0,0.003831417624521105,False,-171.75,554.25
"Education, Health & Social Services",2021Aug,266,2021-08-01,False,False,262.0,0.01526717557251911,False,-171.75,554.25
"Education, Health & Social Services",2021Sep,248,2021-09-01,False,False,266.0,-0.06766917293233088,False,-171.75,554.25
"Education, Health & Social Services",2021Oct,242,2021-10-01,False,False,248.0,-0.024193548387096753,False,-171.75,554.25
"Education, Health & Social Services",2021Nov,247,2021-11-01,False,False,242.0,0.02066115702479343,False,-171.75,554.25
"Education, Health & Social Services",2021Dec,213,2021-12-01,False,False,247.0,-0.13765182186234814,False,-171.75,554.25
"Education, Health & Social Services",2022Jan,223,2022-01-01,False,False,213.0,0.04694835680751175,False,-171.75,554.25
"Education, Health & Social Services",2022Feb,209,2022-02-01,False,False,223.0,-0.06278026905829592,False,-171.75,554.25
"Education, Health & Social Services",2022Mar,236,2022-03-01,False,False,209.0,0.1291866028708133,False,-171.75,554.25
"Education, Health & Social Services",2022Apr,215,2022-04-01,False,False,236.0,-0.08898305084745761,False,-171.75,554.25
"Education, Health & Social Services",2022May,239,2022-05-01,False,False,215.0,0.1116279069767443,False,-171.75,554.25
"Education, Health & Social Services",2022Jun,222,2022-06-01,False,False,239.0,-0.07112970711297073,False,-171.75,554.25
"Education, Health & Social Services",2022Jul,229,2022-07-01,False,False,222.0,0.03153153153153143,False,-171.75,554.25
"Education, Health & Social Services",2022Aug,227,2022-08-01,False,False,229.0,-0.008733624454148492,False,-171.75,554.25
"Education, Health & Social Services",2022Sep,282,2022-09-01,False,False,227.0,0.24229074889867852,False,-171.75,554.25
"Education, Health & Social Services",2022Oct,238,2022-10-01,False,False,282.0,-0.15602836879432624,False,-171.75,554.25
"Education, Health & Social Services",2022Nov,296,2022-11-01,False,False,238.0,0.24369747899159666,False,-171.75,554.25
"Education, Health & Social Services",2022Dec,257,2022-12-01,False,False,296.0,-0.1317567567567568,False,-171.75,554.25
"Education, Health & Social Services",2023Jan,281,2023-01-01,False,False,257.0,0.09338521400778199,False,-171.75,554.25
"Education, Health & Social Services",2023Feb,282,2023-02-01,False,False,281.0,0.003558718861210064,False,-171.75,554.25
"Education, Health & Social Services",2023Mar,335,2023-03-01,False,False,282.0,0.1879432624113475,False,-171.75,554.25
"Education, Health & Social Services",2023Apr,333,2023-04-01,False,False,335.0,-0.005970149253731294,False,-171.75,554.25
"Education, Health & Social Services",2023May,328,2023-05-01,False,False,333.0,-0.01501501501501501,False,-171.75,554.25
"Education, Health & Social Services",2023Jun,274,2023-06-01,False,False,328.0,-0.16463414634146345,False,-171.75,554.25
"Education, Health & Social Services",2023Jul,359,2023-07-01,False,False,274.0,0.3102189781021898,False,-171.75,554.25
"Education, Health & Social Services",2023Aug,338,2023-08-01,False,False,359.0,-0.058495821727019504,False,-171.75,554.25
"Education, Health & Social Services",2023Sep,290,2023-09-01,False,False,338.0,-0.14201183431952658,False,-171.75,554.25
"Education, Health & Social Services",2023Oct,305,2023-10-01,False,False,290.0,0.051724137931034475,False,-171.75,554.25
"Education, Health & Social Services",2023Nov,281,2023-11-01,False,False,305.0,-0.07868852459016396,False,-171.75,554.25
"Education, Health & Social Services",2023Dec,229,2023-12-01,False,False,281.0,-0.1850533807829181,False,-171.75,554.25
"Education, Health & Social Services",2024Jan,346,2024-01-01,False,False,229.0,0.5109170305676856,False,-171.75,554.25
"Education, Health & Social Services",2024Feb,272,2024-02-01,False,False,346.0,-0.21387283236994215,False,-171.75,554.25
"Education, Health & Social Services",2024Mar,364,2024-03-01,False,False,272.0,0.33823529411764697,False,-171.75,554.25
"Education, Health & Social Services",2024Apr,312,2024-04-01,False,False,364.0,-0.1428571428571429,False,-171.75,554.25
"Education, Health & Social Services",2024May,318,2024-05-01,False,False,312.0,0.019230769230769162,False,-171.75,554.25
"Education, Health & Social Services",2024Jun,300,2024-06-01,False,False,318.0,-0.05660377358490565,False,-171.75,554.25
"Education, Health & Social Services",2024Jul,304,2024-07-01,False,False,300.0,0.01333333333333342,False,-171.75,554.25
"Education, Health & Social Services",2024Aug,306,2024-08-01,False,False,304.0,0.006578947368421018,False,-171.75,554.25
"Education, Health & Social Services",2024Sep,265,2024-09-01,False,False,306.0,-0.13398692810457513,False,-171.75,554.25
"Education, Health & Social Services",2024Oct,330,2024-10-01,False,False,265.0,0.24528301886792447,False,-171.75,554.25
"Education, Health & Social Services",2024Nov,298,2024-11-01,False,False,330.0,-0.09696969696969693,False,-171.75,554.25
"Education, Health & Social Services",2024Dec,211,2024-12-01,False,False,298.0,-0.2919463087248322,False,-171.75,554.25
"Education, Health & Social Services",2025Jan,286,2025-01-01,False,False,211.0,0.35545023696682465,False,-171.75,554.25
"Education, Health & Social Services",2025Feb,292,2025-02-01,False,False,286.0,0.020979020979021046,False,-171.75,554.25
"Education, Health & Social Services",2025Mar,369,2025-03-01,False,False,292.0,0.26369863013698636,False,-171.75,554.25
"Education, Health & Social Services",2025Apr,327,2025-04-01,False,False,369.0,-0.11382113821138207,False,-171.75,554.25
"Education, Health & Social Services",2025May,334,2025-05-01,False,False,327.0,0.021406727828746197,False,-171.75,554.25
"Education, Health & Social Services",2025Jun,334,2025-06-01,False,False,334.0,0.0,False,-171.75,554.25
"Education, Health & Social Services",2025Jul,370,2025-07-01,False,False,334.0,0.10778443113772451,False,-171.75,554.25
"Education, Health & Social Services",2025Aug,388,2025-08-01,False,False,370.0,0.048648648648648596,False,-171.75,554.25
"Education, Health & Social Services",2025Sep,376,2025-09-01,False,False,388.0,-0.030927835051546393,False,-171.75,554.25
"Education, Health & Social Services",2025Oct,348,2025-10-01,False,False,376.0,-0.07446808510638303,False,-171.75,554.25
"Education, Health & Social Services",2025Nov,306,2025-11-01,False,False,348.0,-0.12068965517241381,False,-171.75,554.25
"Education, Health & Social Services",2025Dec,329,2025-12-01,False,False,306.0,0.07516339869281041,False,-171.75,554.25
"Education, Health & Social Services",2026Jan,422,2026-01-01,False,False,329.0,0.2826747720364742,False,-171.75,554.25
"Education, Health & Social Services",2026Feb,278,2026-02-01,False,False,422.0,-0.34123222748815163,False,-171.75,554.25
"Education, Health & Social Services",2026Mar,348,2026-03-01,False,False,278.0,0.2517985611510791,False,-171.75,554.25
Finance & Insurance,1990Jan,51,1990-01-01,False,False,,,False,-400.25,985.75
Finance & Insurance,1990Feb,57,1990-02-01,False,False,51.0,0.11764705882352944,False,-400.25,985.75
Finance & Insurance,1990Mar,82,1990-03-01,False,False,57.0,0.4385964912280702,False,-400.25,985.75
Finance & Insurance,1990Apr,70,1990-04-01,False,False,82.0,-0.14634146341463417,False,-400.25,985.75
Finance & Insurance,1990May,73,1990-05-01,False,False,70.0,0.04285714285714293,False,-400.25,985.75
Finance & Insurance,1990Jun,88,1990-06-01,False,False,73.0,0.20547945205479445,False,-400.25,985.75
Finance & Insurance,1990Jul,81,1990-07-01,False,False,88.0,-0.07954545454545459,False,-400.25,985.75
Finance & Insurance,1990Aug,52,1990-08-01,False,False,81.0,-0.3580246913580247,False,-400.25,985.75
Finance & Insurance,1990Sep,74,1990-09-01,False,False,52.0,0.42307692307692313,False,-400.25,985.75
Finance & Insurance,1990Oct,69,1990-10-01,False,False,74.0,-0.06756756756756754,False,-400.25,985.75
Finance & Insurance,1990Nov,61,1990-11-01,False,False,69.0,-0.1159420289855072,False,-400.25,985.75
Finance & Insurance,1990Dec,53,1990-12-01,False,False,61.0,-0.1311475409836066,False,-400.25,985.75
Finance & Insurance,1991Jan,41,1991-01-01,False,False,53.0,-0.2264150943396226,False,-400.25,985.75
Finance & Insurance,1991Feb,37,1991-02-01,False,False,41.0,-0.09756097560975607,False,-400.25,985.75
Finance & Insurance,1991Mar,48,1991-03-01,False,False,37.0,0.29729729729729737,False,-400.25,985.75
Finance & Insurance,1991Apr,59,1991-04-01,False,False,48.0,0.22916666666666674,False,-400.25,985.75
Finance & Insurance,1991May,72,1991-05-01,False,False,59.0,0.22033898305084754,False,-400.25,985.75
Finance & Insurance,1991Jun,62,1991-06-01,False,False,72.0,-0.13888888888888884,False,-400.25,985.75
Finance & Insurance,1991Jul,59,1991-07-01,False,False,62.0,-0.048387096774193505,False,-400.25,985.75
Finance & Insurance,1991Aug,63,1991-08-01,False,False,59.0,0.06779661016949157,False,-400.25,985.75
Finance & Insurance,1991Sep,53,1991-09-01,False,False,63.0,-0.15873015873015872,False,-400.25,985.75
Finance & Insurance,1991Oct,50,1991-10-01,False,False,53.0,-0.05660377358490565,False,-400.25,985.75
Finance & Insurance,1991Nov,53,1991-11-01,False,False,50.0,0.06000000000000005,False,-400.25,985.75
Finance & Insurance,1991Dec,71,1991-12-01,False,False,53.0,0.3396226415094339,False,-400.25,985.75
Finance & Insurance,1992Jan,63,1992-01-01,False,False,71.0,-0.11267605633802813,False,-400.25,985.75
Finance & Insurance,1992Feb,55,1992-02-01,False,False,63.0,-0.12698412698412698,False,-400.25,985.75
Finance & Insurance,1992Mar,79,1992-03-01,False,False,55.0,0.4363636363636363,False,-400.25,985.75
Finance & Insurance,1992Apr,59,1992-04-01,False,False,79.0,-0.25316455696202533,False,-400.25,985.75
Finance & Insurance,1992May,59,1992-05-01,False,False,59.0,0.0,False,-400.25,985.75
Finance & Insurance,1992Jun,68,1992-06-01,False,False,59.0,0.15254237288135597,False,-400.25,985.75
Finance & Insurance,1992Jul,85,1992-07-01,False,False,68.0,0.25,False,-400.25,985.75
Finance & Insurance,1992Aug,76,1992-08-01,False,False,85.0,-0.10588235294117643,False,-400.25,985.75
Finance & Insurance,1992Sep,77,1992-09-01,False,False,76.0,0.013157894736842035,False,-400.25,985.75
Finance & Insurance,1992Oct,82,1992-10-01,False,False,77.0,0.06493506493506485,False,-400.25,985.75
Finance & Insurance,1992Nov,62,1992-11-01,False,False,82.0,-0.24390243902439024,False,-400.25,985.75
Finance & Insurance,1992Dec,86,1992-12-01,False,False,62.0,0.3870967741935485,False,-400.25,985.75
Finance & Insurance,1993Jan,76,1993-01-01,False,False,86.0,-0.11627906976744184,False,-400.25,985.75
Finance & Insurance,1993Feb,86,1993-02-01,False,False,76.0,0.13157894736842102,False,-400.25,985.75
Finance & Insurance,1993Mar,102,1993-03-01,False,False,86.0,0.18604651162790709,False,-400.25,985.75
Finance & Insurance,1993Apr,107,1993-04-01,False,False,102.0,0.0490196078431373,False,-400.25,985.75
Finance & Insurance,1993May,119,1993-05-01,False,False,107.0,0.11214953271028039,False,-400.25,985.75
Finance & Insurance,1993Jun,132,1993-06-01,False,False,119.0,0.10924369747899165,False,-400.25,985.75
Finance & Insurance,1993Jul,137,1993-07-01,False,False,132.0,0.037878787878787845,False,-400.25,985.75
Finance & Insurance,1993Aug,102,1993-08-01,False,False,137.0,-0.25547445255474455,False,-400.25,985.75
Finance & Insurance,1993Sep,111,1993-09-01,False,False,102.0,0.08823529411764697,False,-400.25,985.75
Finance & Insurance,1993Oct,98,1993-10-01,False,False,111.0,-0.11711711711711714,False,-400.25,985.75
Finance & Insurance,1993Nov,116,1993-11-01,False,False,98.0,0.18367346938775508,False,-400.25,985.75
Finance & Insurance,1993Dec,129,1993-12-01,False,False,116.0,0.11206896551724133,False,-400.25,985.75
Finance & Insurance,1994Jan,135,1994-01-01,False,False,129.0,0.04651162790697683,False,-400.25,985.75
Finance & Insurance,1994Feb,101,1994-02-01,False,False,135.0,-0.2518518518518519,False,-400.25,985.75
Finance & Insurance,1994Mar,159,1994-03-01,False,False,101.0,0.5742574257425743,False,-400.25,985.75
Finance & Insurance,1994Apr,117,1994-04-01,False,False,159.0,-0.26415094339622647,False,-400.25,985.75
Finance & Insurance,1994May,136,1994-05-01,False,False,117.0,0.16239316239316248,False,-400.25,985.75
Finance & Insurance,1994Jun,133,1994-06-01,False,False,136.0,-0.022058823529411797,False,-400.25,985.75
Finance & Insurance,1994Jul,132,1994-07-01,False,False,133.0,-0.007518796992481258,False,-400.25,985.75
Finance & Insurance,1994Aug,111,1994-08-01,False,False,132.0,-0.15909090909090906,False,-400.25,985.75
Finance & Insurance,1994Sep,172,1994-09-01,False,False,111.0,0.5495495495495495,False,-400.25,985.75
Finance & Insurance,1994Oct,168,1994-10-01,False,False,172.0,-0.023255813953488413,False,-400.25,985.75
Finance & Insurance,1994Nov,154,1994-11-01,False,False,168.0,-0.08333333333333337,False,-400.25,985.75
Finance & Insurance,1994Dec,137,1994-12-01,False,False,154.0,-0.11038961038961037,False,-400.25,985.75
Finance & Insurance,1995Jan,126,1995-01-01,False,False,137.0,-0.08029197080291972,False,-400.25,985.75
Finance & Insurance,1995Feb,102,1995-02-01,False,False,126.0,-0.19047619047619047,False,-400.25,985.75
Finance & Insurance,1995Mar,105,1995-03-01,False,False,102.0,0.02941176470588225,False,-400.25,985.75
Finance & Insurance,1995Apr,133,1995-04-01,False,False,105.0,0.2666666666666666,False,-400.25,985.75
Finance & Insurance,1995May,133,1995-05-01,False,False,133.0,0.0,False,-400.25,985.75
Finance & Insurance,1995Jun,146,1995-06-01,False,False,133.0,0.09774436090225569,False,-400.25,985.75
Finance & Insurance,1995Jul,152,1995-07-01,False,False,146.0,0.041095890410958846,False,-400.25,985.75
Finance & Insurance,1995Aug,123,1995-08-01,False,False,152.0,-0.1907894736842105,False,-400.25,985.75
Finance & Insurance,1995Sep,144,1995-09-01,False,False,123.0,0.1707317073170731,False,-400.25,985.75
Finance & Insurance,1995Oct,130,1995-10-01,False,False,144.0,-0.09722222222222221,False,-400.25,985.75
Finance & Insurance,1995Nov,126,1995-11-01,False,False,130.0,-0.03076923076923077,False,-400.25,985.75
Finance & Insurance,1995Dec,116,1995-12-01,False,False,126.0,-0.07936507936507942,False,-400.25,985.75
Finance & Insurance,1996Jan,114,1996-01-01,False,False,116.0,-0.017241379310344862,False,-400.25,985.75
Finance & Insurance,1996Feb,116,1996-02-01,False,False,114.0,0.01754385964912286,False,-400.25,985.75
Finance & Insurance,1996Mar,139,1996-03-01,False,False,116.0,0.19827586206896552,False,-400.25,985.75
Finance & Insurance,1996Apr,121,1996-04-01,False,False,139.0,-0.1294964028776978,False,-400.25,985.75
Finance & Insurance,1996May,154,1996-05-01,False,False,121.0,0.2727272727272727,False,-400.25,985.75
Finance & Insurance,1996Jun,129,1996-06-01,False,False,154.0,-0.16233766233766234,False,-400.25,985.75
Finance & Insurance,1996Jul,136,1996-07-01,False,False,129.0,0.054263565891472965,False,-400.25,985.75
Finance & Insurance,1996Aug,121,1996-08-01,False,False,136.0,-0.11029411764705888,False,-400.25,985.75
Finance & Insurance,1996Sep,133,1996-09-01,False,False,121.0,0.09917355371900816,False,-400.25,985.75
Finance & Insurance,1996Oct,116,1996-10-01,False,False,133.0,-0.1278195488721805,False,-400.25,985.75
Finance & Insurance,1996Nov,116,1996-11-01,False,False,116.0,0.0,False,-400.25,985.75
Finance & Insurance,1996Dec,178,1996-12-01,False,False,116.0,0.5344827586206897,False,-400.25,985.75
Finance & Insurance,1997Jan,140,1997-01-01,False,False,178.0,-0.2134831460674157,False,-400.25,985.75
Finance & Insurance,1997Feb,82,1997-02-01,False,False,140.0,-0.41428571428571426,False,-400.25,985.75
Finance & Insurance,1997Mar,148,1997-03-01,False,False,82.0,0.8048780487804879,False,-400.25,985.75
Finance & Insurance,1997Apr,146,1997-04-01,False,False,148.0,-0.013513513513513487,False,-400.25,985.75
Finance & Insurance,1997May,122,1997-05-01,False,False,146.0,-0.1643835616438356,False,-400.25,985.75
Finance & Insurance,1997Jun,123,1997-06-01,False,False,122.0,0.008196721311475308,False,-400.25,985.75
Finance & Insurance,1997Jul,150,1997-07-01,False,False,123.0,0.2195121951219512,False,-400.25,985.75
Finance & Insurance,1997Aug,96,1997-08-01,False,False,150.0,-0.36,False,-400.25,985.75
Finance & Insurance,1997Sep,115,1997-09-01,False,False,96.0,0.19791666666666674,False,-400.25,985.75
Finance & Insurance,1997Oct,95,1997-10-01,False,False,115.0,-0.17391304347826086,False,-400.25,985.75
Finance & Insurance,1997Nov,104,1997-11-01,False,False,95.0,0.09473684210526323,False,-400.25,985.75
Finance & Insurance,1997Dec,94,1997-12-01,False,False,104.0,-0.09615384615384615,False,-400.25,985.75
Finance & Insurance,1998Jan,68,1998-01-01,False,False,94.0,-0.276595744680851,False,-400.25,985.75
Finance & Insurance,1998Feb,64,1998-02-01,False,False,68.0,-0.05882352941176472,False,-400.25,985.75
Finance & Insurance,1998Mar,67,1998-03-01,False,False,64.0,0.046875,False,-400.25,985.75
Finance & Insurance,1998Apr,70,1998-04-01,False,False,67.0,0.04477611940298498,False,-400.25,985.75
Finance & Insurance,1998May,69,1998-05-01,False,False,70.0,-0.014285714285714235,False,-400.25,985.75
Finance & Insurance,1998Jun,54,1998-06-01,False,False,69.0,-0.21739130434782605,False,-400.25,985.75
Finance & Insurance,1998Jul,67,1998-07-01,False,False,54.0,0.2407407407407407,False,-400.25,985.75
Finance & Insurance,1998Aug,66,1998-08-01,False,False,67.0,-0.014925373134328401,False,-400.25,985.75
Finance & Insurance,1998Sep,72,1998-09-01,False,False,66.0,0.09090909090909083,False,-400.25,985.75
Finance & Insurance,1998Oct,90,1998-10-01,False,False,72.0,0.25,False,-400.25,985.75
Finance & Insurance,1998Nov,75,1998-11-01,False,False,90.0,-0.16666666666666663,False,-400.25,985.75
Finance & Insurance,1998Dec,73,1998-12-01,False,False,75.0,-0.026666666666666616,False,-400.25,985.75
Finance & Insurance,1999Jan,63,1999-01-01,False,False,73.0,-0.136986301369863,False,-400.25,985.75
Finance & Insurance,1999Feb,58,1999-02-01,False,False,63.0,-0.07936507936507942,False,-400.25,985.75
Finance & Insurance,1999Mar,77,1999-03-01,False,False,58.0,0.3275862068965518,False,-400.25,985.75
Finance & Insurance,1999Apr,79,1999-04-01,False,False,77.0,0.025974025974025983,False,-400.25,985.75
Finance & Insurance,1999May,85,1999-05-01,False,False,79.0,0.07594936708860756,False,-400.25,985.75
Finance & Insurance,1999Jun,92,1999-06-01,False,False,85.0,0.08235294117647052,False,-400.25,985.75
Finance & Insurance,1999Jul,127,1999-07-01,False,False,92.0,0.38043478260869557,False,-400.25,985.75
Finance & Insurance,1999Aug,110,1999-08-01,False,False,127.0,-0.13385826771653542,False,-400.25,985.75
Finance & Insurance,1999Sep,114,1999-09-01,False,False,110.0,0.036363636363636376,False,-400.25,985.75
Finance & Insurance,1999Oct,116,1999-10-01,False,False,114.0,0.01754385964912286,False,-400.25,985.75
Finance & Insurance,1999Nov,119,1999-11-01,False,False,116.0,0.02586206896551735,False,-400.25,985.75
Finance & Insurance,1999Dec,143,1999-12-01,False,False,119.0,0.2016806722689075,False,-400.25,985.75
Finance & Insurance,2000Jan,121,2000-01-01,False,False,143.0,-0.15384615384615385,False,-400.25,985.75
Finance & Insurance,2000Feb,123,2000-02-01,False,False,121.0,0.016528925619834656,False,-400.25,985.75
Finance & Insurance,2000Mar,171,2000-03-01,False,False,123.0,0.3902439024390243,False,-400.25,985.75
Finance & Insurance,2000Apr,146,2000-04-01,False,False,171.0,-0.14619883040935677,False,-400.25,985.75
Finance & Insurance,2000May,136,2000-05-01,False,False,146.0,-0.06849315068493156,False,-400.25,985.75
Finance & Insurance,2000Jun,185,2000-06-01,False,False,136.0,0.3602941176470589,False,-400.25,985.75
Finance & Insurance,2000Jul,131,2000-07-01,False,False,185.0,-0.2918918918918919,False,-400.25,985.75
Finance & Insurance,2000Aug,123,2000-08-01,False,False,131.0,-0.06106870229007633,False,-400.25,985.75
Finance & Insurance,2000Sep,167,2000-09-01,False,False,123.0,0.3577235772357723,False,-400.25,985.75
Finance & Insurance,2000Oct,139,2000-10-01,False,False,167.0,-0.16766467065868262,False,-400.25,985.75
Finance & Insurance,2000Nov,146,2000-11-01,False,False,139.0,0.050359712230215736,False,-400.25,985.75
Finance & Insurance,2000Dec,157,2000-12-01,False,False,146.0,0.07534246575342474,False,-400.25,985.75
Finance & Insurance,2001Jan,106,2001-01-01,False,False,157.0,-0.32484076433121023,False,-400.25,985.75
Finance & Insurance,2001Feb,100,2001-02-01,False,False,106.0,-0.05660377358490565,False,-400.25,985.75
Finance & Insurance,2001Mar,99,2001-03-01,False,False,100.0,-0.010000000000000009,False,-400.25,985.75
Finance & Insurance,2001Apr,98,2001-04-01,False,False,99.0,-0.010101010101010055,False,-400.25,985.75
Finance & Insurance,2001May,107,2001-05-01,False,False,98.0,0.09183673469387754,False,-400.25,985.75
Finance & Insurance,2001Jun,88,2001-06-01,False,False,107.0,-0.17757009345794394,False,-400.25,985.75
Finance & Insurance,2001Jul,97,2001-07-01,False,False,88.0,0.10227272727272729,False,-400.25,985.75
Finance & Insurance,2001Aug,75,2001-08-01,False,False,97.0,-0.22680412371134018,False,-400.25,985.75
Finance & Insurance,2001Sep,85,2001-09-01,False,False,75.0,0.1333333333333333,False,-400.25,985.75
Finance & Insurance,2001Oct,87,2001-10-01,False,False,85.0,0.0235294117647058,False,-400.25,985.75
Finance & Insurance,2001Nov,96,2001-11-01,False,False,87.0,0.10344827586206895,False,-400.25,985.75
Finance & Insurance,2001Dec,75,2001-12-01,False,False,96.0,-0.21875,False,-400.25,985.75
Finance & Insurance,2002Jan,65,2002-01-01,False,False,75.0,-0.1333333333333333,False,-400.25,985.75
Finance & Insurance,2002Feb,79,2002-02-01,False,False,65.0,0.21538461538461529,False,-400.25,985.75
Finance & Insurance,2002Mar,120,2002-03-01,False,False,79.0,0.518987341772152,False,-400.25,985.75
Finance & Insurance,2002Apr,99,2002-04-01,False,False,120.0,-0.17500000000000004,False,-400.25,985.75
Finance & Insurance,2002May,113,2002-05-01,False,False,99.0,0.14141414141414144,False,-400.25,985.75
Finance & Insurance,2002Jun,86,2002-06-01,False,False,113.0,-0.23893805309734517,False,-400.25,985.75
Finance & Insurance,2002Jul,90,2002-07-01,False,False,86.0,0.04651162790697683,False,-400.25,985.75
Finance & Insurance,2002Aug,93,2002-08-01,False,False,90.0,0.03333333333333344,False,-400.25,985.75
Finance & Insurance,2002Sep,92,2002-09-01,False,False,93.0,-0.010752688172043001,False,-400.25,985.75
Finance & Insurance,2002Oct,102,2002-10-01,False,False,92.0,0.10869565217391308,False,-400.25,985.75
Finance & Insurance,2002Nov,88,2002-11-01,False,False,102.0,-0.13725490196078427,False,-400.25,985.75
Finance & Insurance,2002Dec,97,2002-12-01,False,False,88.0,0.10227272727272729,False,-400.25,985.75
Finance & Insurance,2003Jan,120,2003-01-01,False,False,97.0,0.23711340206185572,False,-400.25,985.75
Finance & Insurance,2003Feb,82,2003-02-01,False,False,120.0,-0.31666666666666665,False,-400.25,985.75
Finance & Insurance,2003Mar,105,2003-03-01,False,False,82.0,0.2804878048780488,False,-400.25,985.75
Finance & Insurance,2003Apr,98,2003-04-01,False,False,105.0,-0.06666666666666665,False,-400.25,985.75
Finance & Insurance,2003May,123,2003-05-01,False,False,98.0,0.2551020408163265,False,-400.25,985.75
Finance & Insurance,2003Jun,129,2003-06-01,False,False,123.0,0.04878048780487809,False,-400.25,985.75
Finance & Insurance,2003Jul,124,2003-07-01,False,False,129.0,-0.03875968992248058,False,-400.25,985.75
Finance & Insurance,2003Aug,134,2003-08-01,False,False,124.0,0.08064516129032251,False,-400.25,985.75
Finance & Insurance,2003Sep,156,2003-09-01,False,False,134.0,0.16417910447761197,False,-400.25,985.75
Finance & Insurance,2003Oct,160,2003-10-01,False,False,156.0,0.02564102564102555,False,-400.25,985.75
Finance & Insurance,2003Nov,152,2003-11-01,False,False,160.0,-0.050000000000000044,False,-400.25,985.75
Finance & Insurance,2003Dec,209,2003-12-01,False,False,152.0,0.375,False,-400.25,985.75
Finance & Insurance,2004Jan,134,2004-01-01,False,False,209.0,-0.3588516746411483,False,-400.25,985.75
Finance & Insurance,2004Feb,173,2004-02-01,False,False,134.0,0.29104477611940305,False,-400.25,985.75
Finance & Insurance,2004Mar,182,2004-03-01,False,False,173.0,0.052023121387283267,False,-400.25,985.75
Finance & Insurance,2004Apr,188,2004-04-01,False,False,182.0,0.03296703296703307,False,-400.25,985.75
Finance & Insurance,2004May,182,2004-05-01,False,False,188.0,-0.03191489361702127,False,-400.25,985.75
Finance & Insurance,2004Jun,175,2004-06-01,False,False,182.0,-0.038461538461538436,False,-400.25,985.75
Finance & Insurance,2004Jul,173,2004-07-01,False,False,175.0,-0.011428571428571455,False,-400.25,985.75
Finance & Insurance,2004Aug,162,2004-08-01,False,False,173.0,-0.06358381502890176,False,-400.25,985.75
Finance & Insurance,2004Sep,197,2004-09-01,False,False,162.0,0.21604938271604945,False,-400.25,985.75
Finance & Insurance,2004Oct,198,2004-10-01,False,False,197.0,0.0050761421319796,False,-400.25,985.75
Finance & Insurance,2004Nov,173,2004-11-01,False,False,198.0,-0.1262626262626263,False,-400.25,985.75
Finance & Insurance,2004Dec,262,2004-12-01,False,False,173.0,0.5144508670520231,False,-400.25,985.75
Finance & Insurance,2005Jan,197,2005-01-01,False,False,262.0,-0.24809160305343514,False,-400.25,985.75
Finance & Insurance,2005Feb,170,2005-02-01,False,False,197.0,-0.13705583756345174,False,-400.25,985.75
Finance & Insurance,2005Mar,195,2005-03-01,False,False,170.0,0.1470588235294117,False,-400.25,985.75
Finance & Insurance,2005Apr,220,2005-04-01,False,False,195.0,0.1282051282051282,False,-400.25,985.75
Finance & Insurance,2005May,197,2005-05-01,False,False,220.0,-0.1045454545454545,False,-400.25,985.75
Finance & Insurance,2005Jun,232,2005-06-01,False,False,197.0,0.17766497461928932,False,-400.25,985.75
Finance & Insurance,2005Jul,184,2005-07-01,False,False,232.0,-0.2068965517241379,False,-400.25,985.75
Finance & Insurance,2005Aug,222,2005-08-01,False,False,184.0,0.2065217391304348,False,-400.25,985.75
Finance & Insurance,2005Sep,221,2005-09-01,False,False,222.0,-0.0045045045045044585,False,-400.25,985.75
Finance & Insurance,2005Oct,241,2005-10-01,False,False,221.0,0.09049773755656099,False,-400.25,985.75
Finance & Insurance,2005Nov,241,2005-11-01,False,False,241.0,0.0,False,-400.25,985.75
Finance & Insurance,2005Dec,268,2005-12-01,False,False,241.0,0.11203319502074693,False,-400.25,985.75
Finance & Insurance,2006Jan,197,2006-01-01,False,False,268.0,-0.2649253731343284,False,-400.25,985.75
Finance & Insurance,2006Feb,198,2006-02-01,False,False,197.0,0.0050761421319796,False,-400.25,985.75
Finance & Insurance,2006Mar,298,2006-03-01,False,False,198.0,0.505050505050505,False,-400.25,985.75
Finance & Insurance,2006Apr,225,2006-04-01,False,False,298.0,-0.24496644295302017,False,-400.25,985.75
Finance & Insurance,2006May,271,2006-05-01,False,False,225.0,0.20444444444444443,False,-400.25,985.75
Finance & Insurance,2006Jun,289,2006-06-01,False,False,271.0,0.06642066420664205,False,-400.25,985.75
Finance & Insurance,2006Jul,240,2006-07-01,False,False,289.0,-0.16955017301038067,False,-400.25,985.75
Finance & Insurance,2006Aug,285,2006-08-01,False,False,240.0,0.1875,False,-400.25,985.75
Finance & Insurance,2006Sep,297,2006-09-01,False,False,285.0,0.042105263157894646,False,-400.25,985.75
Finance & Insurance,2006Oct,318,2006-10-01,False,False,297.0,0.07070707070707072,False,-400.25,985.75
Finance & Insurance,2006Nov,336,2006-11-01,False,False,318.0,0.05660377358490565,False,-400.25,985.75
Finance & Insurance,2006Dec,330,2006-12-01,False,False,336.0,-0.017857142857142905,False,-400.25,985.75
Finance & Insurance,2007Jan,277,2007-01-01,False,False,330.0,-0.16060606060606064,False,-400.25,985.75
Finance & Insurance,2007Feb,240,2007-02-01,False,False,277.0,-0.13357400722021662,False,-400.25,985.75
Finance & Insurance,2007Mar,343,2007-03-01,False,False,240.0,0.4291666666666667,False,-400.25,985.75
Finance & Insurance,2007Apr,352,2007-04-01,False,False,343.0,0.026239067055393583,False,-400.25,985.75
Finance & Insurance,2007May,423,2007-05-01,False,False,352.0,0.20170454545454541,False,-400.25,985.75
Finance & Insurance,2007Jun,457,2007-06-01,False,False,423.0,0.08037825059101644,False,-400.25,985.75
Finance & Insurance,2007Jul,467,2007-07-01,False,False,457.0,0.02188183807439814,False,-400.25,985.75
Finance & Insurance,2007Aug,407,2007-08-01,False,False,467.0,-0.12847965738758027,False,-400.25,985.75
Finance & Insurance,2007Sep,348,2007-09-01,False,False,407.0,-0.144963144963145,False,-400.25,985.75
Finance & Insurance,2007Oct,444,2007-10-01,False,False,348.0,0.27586206896551735,False,-400.25,985.75
Finance & Insurance,2007Nov,419,2007-11-01,False,False,444.0,-0.056306306306306286,False,-400.25,985.75
Finance & Insurance,2007Dec,325,2007-12-01,False,False,419.0,-0.2243436754176611,False,-400.25,985.75
Finance & Insurance,2008Jan,347,2008-01-01,False,False,325.0,0.06769230769230772,False,-400.25,985.75
Finance & Insurance,2008Feb,305,2008-02-01,False,False,347.0,-0.12103746397694526,False,-400.25,985.75
Finance & Insurance,2008Mar,405,2008-03-01,False,False,305.0,0.3278688524590163,False,-400.25,985.75
Finance & Insurance,2008Apr,384,2008-04-01,False,False,405.0,-0.051851851851851816,False,-400.25,985.75
Finance & Insurance,2008May,394,2008-05-01,False,False,384.0,0.02604166666666674,False,-400.25,985.75
Finance & Insurance,2008Jun,337,2008-06-01,False,False,394.0,-0.14467005076142136,False,-400.25,985.75
Finance & Insurance,2008Jul,376,2008-07-01,False,False,337.0,0.11572700296735916,False,-400.25,985.75
Finance & Insurance,2008Aug,342,2008-08-01,False,False,376.0,-0.09042553191489366,False,-400.25,985.75
Finance & Insurance,2008Sep,297,2008-09-01,False,False,342.0,-0.13157894736842102,False,-400.25,985.75
Finance & Insurance,2008Oct,220,2008-10-01,False,False,297.0,-0.2592592592592593,False,-400.25,985.75
Finance & Insurance,2008Nov,195,2008-11-01,False,False,220.0,-0.11363636363636365,False,-400.25,985.75
Finance & Insurance,2008Dec,193,2008-12-01,False,False,195.0,-0.01025641025641022,False,-400.25,985.75
Finance & Insurance,2009Jan,224,2009-01-01,False,False,193.0,0.160621761658031,False,-400.25,985.75
Finance & Insurance,2009Feb,233,2009-02-01,False,False,224.0,0.0401785714285714,False,-400.25,985.75
Finance & Insurance,2009Mar,254,2009-03-01,False,False,233.0,0.09012875536480691,False,-400.25,985.75
Finance & Insurance,2009Apr,249,2009-04-01,False,False,254.0,-0.019685039370078705,False,-400.25,985.75
Finance & Insurance,2009May,252,2009-05-01,False,False,249.0,0.012048192771084265,False,-400.25,985.75
Finance & Insurance,2009Jun,278,2009-06-01,False,False,252.0,0.10317460317460325,False,-400.25,985.75
Finance & Insurance,2009Jul,343,2009-07-01,False,False,278.0,0.23381294964028787,False,-400.25,985.75
Finance & Insurance,2009Aug,287,2009-08-01,False,False,343.0,-0.16326530612244894,False,-400.25,985.75
Finance & Insurance,2009Sep,356,2009-09-01,False,False,287.0,0.24041811846689898,False,-400.25,985.75
Finance & Insurance,2009Oct,323,2009-10-01,False,False,356.0,-0.0926966292134831,False,-400.25,985.75
Finance & Insurance,2009Nov,344,2009-11-01,False,False,323.0,0.06501547987616108,False,-400.25,985.75
Finance & Insurance,2009Dec,370,2009-12-01,False,False,344.0,0.07558139534883712,False,-400.25,985.75
Finance & Insurance,2010Jan,387,2010-01-01,False,False,370.0,0.04594594594594592,False,-400.25,985.75
Finance & Insurance,2010Feb,331,2010-02-01,False,False,387.0,-0.14470284237726094,False,-400.25,985.75
Finance & Insurance,2010Mar,481,2010-03-01,False,False,331.0,0.45317220543806647,False,-400.25,985.75
Finance & Insurance,2010Apr,420,2010-04-01,False,False,481.0,-0.12681912681912677,False,-400.25,985.75
Finance & Insurance,2010May,335,2010-05-01,False,False,420.0,-0.20238095238095233,False,-400.25,985.75
Finance & Insurance,2010Jun,359,2010-06-01,False,False,335.0,0.07164179104477619,False,-400.25,985.75
Finance & Insurance,2010Jul,397,2010-07-01,False,False,359.0,0.1058495821727019,False,-400.25,985.75
Finance & Insurance,2010Aug,427,2010-08-01,False,False,397.0,0.07556675062972285,False,-400.25,985.75
Finance & Insurance,2010Sep,445,2010-09-01,False,False,427.0,0.042154566744730726,False,-400.25,985.75
Finance & Insurance,2010Oct,390,2010-10-01,False,False,445.0,-0.1235955056179775,False,-400.25,985.75
Finance & Insurance,2010Nov,425,2010-11-01,False,False,390.0,0.08974358974358965,False,-400.25,985.75
Finance & Insurance,2010Dec,411,2010-12-01,False,False,425.0,-0.03294117647058825,False,-400.25,985.75
Finance & Insurance,2011Jan,429,2011-01-01,False,False,411.0,0.04379562043795615,False,-400.25,985.75
Finance & Insurance,2011Feb,378,2011-02-01,False,False,429.0,-0.11888111888111885,False,-400.25,985.75
Finance & Insurance,2011Mar,463,2011-03-01,False,False,378.0,0.22486772486772488,False,-400.25,985.75
Finance & Insurance,2011Apr,498,2011-04-01,False,False,463.0,0.07559395248380119,False,-400.25,985.75
Finance & Insurance,2011May,463,2011-05-01,False,False,498.0,-0.07028112449799195,False,-400.25,985.75
Finance & Insurance,2011Jun,464,2011-06-01,False,False,463.0,0.002159827213822796,False,-400.25,985.75
Finance & Insurance,2011Jul,466,2011-07-01,False,False,464.0,0.004310344827586299,False,-400.25,985.75
Finance & Insurance,2011Aug,403,2011-08-01,False,False,466.0,-0.13519313304721026,False,-400.25,985.75
Finance & Insurance,2011Sep,467,2011-09-01,False,False,403.0,0.15880893300248133,False,-400.25,985.75
Finance & Insurance,2011Oct,371,2011-10-01,False,False,467.0,-0.20556745182012848,False,-400.25,985.75
Finance & Insurance,2011Nov,458,2011-11-01,False,False,371.0,0.23450134770889486,False,-400.25,985.75
Finance & Insurance,2011Dec,364,2011-12-01,False,False,458.0,-0.20524017467248912,False,-400.25,985.75
Finance & Insurance,2012Jan,345,2012-01-01,False,False,364.0,-0.052197802197802234,False,-400.25,985.75
Finance & Insurance,2012Feb,498,2012-02-01,False,False,345.0,0.4434782608695653,False,-400.25,985.75
Finance & Insurance,2012Mar,500,2012-03-01,False,False,498.0,0.004016064257028162,False,-400.25,985.75
Finance & Insurance,2012Apr,450,2012-04-01,False,False,500.0,-0.09999999999999998,False,-400.25,985.75
Finance & Insurance,2012May,457,2012-05-01,False,False,450.0,0.015555555555555545,False,-400.25,985.75
Finance & Insurance,2012Jun,428,2012-06-01,False,False,457.0,-0.06345733041575496,False,-400.25,985.75
Finance & Insurance,2012Jul,412,2012-07-01,False,False,428.0,-0.03738317757009346,False,-400.25,985.75
Finance & Insurance,2012Aug,439,2012-08-01,False,False,412.0,0.06553398058252435,False,-400.25,985.75
Finance & Insurance,2012Sep,399,2012-09-01,False,False,439.0,-0.09111617312072895,False,-400.25,985.75
Finance & Insurance,2012Oct,490,2012-10-01,False,False,399.0,0.22807017543859653,False,-400.25,985.75
Finance & Insurance,2012Nov,515,2012-11-01,False,False,490.0,0.05102040816326525,False,-400.25,985.75
Finance & Insurance,2012Dec,398,2012-12-01,False,False,515.0,-0.22718446601941744,False,-400.25,985.75
Finance & Insurance,2013Jan,491,2013-01-01,False,False,398.0,0.23366834170854278,False,-400.25,985.75
Finance & Insurance,2013Feb,389,2013-02-01,False,False,491.0,-0.20773930753564152,False,-400.25,985.75
Finance & Insurance,2013Mar,504,2013-03-01,False,False,389.0,0.2956298200514138,False,-400.25,985.75
Finance & Insurance,2013Apr,529,2013-04-01,False,False,504.0,0.04960317460317465,False,-400.25,985.75
Finance & Insurance,2013May,478,2013-05-01,False,False,529.0,-0.0964083175803403,False,-400.25,985.75
Finance & Insurance,2013Jun,435,2013-06-01,False,False,478.0,-0.08995815899581594,False,-400.25,985.75
Finance & Insurance,2013Jul,466,2013-07-01,False,False,435.0,0.07126436781609202,False,-400.25,985.75
Finance & Insurance,2013Aug,419,2013-08-01,False,False,466.0,-0.10085836909871249,False,-400.25,985.75
Finance & Insurance,2013Sep,377,2013-09-01,False,False,419.0,-0.10023866348448685,False,-400.25,985.75
Finance & Insurance,2013Oct,438,2013-10-01,False,False,377.0,0.1618037135278514,False,-400.25,985.75
Finance & Insurance,2013Nov,419,2013-11-01,False,False,438.0,-0.04337899543378998,False,-400.25,985.75
Finance & Insurance,2013Dec,364,2013-12-01,False,False,419.0,-0.13126491646778038,False,-400.25,985.75
Finance & Insurance,2014Jan,374,2014-01-01,False,False,364.0,0.027472527472527375,False,-400.25,985.75
Finance & Insurance,2014Feb,345,2014-02-01,False,False,374.0,-0.07754010695187163,False,-400.25,985.75
Finance & Insurance,2014Mar,501,2014-03-01,False,False,345.0,0.4521739130434783,False,-400.25,985.75
Finance & Insurance,2014Apr,451,2014-04-01,False,False,501.0,-0.09980039920159678,False,-400.25,985.75
Finance & Insurance,2014May,418,2014-05-01,False,False,451.0,-0.07317073170731703,False,-400.25,985.75
Finance & Insurance,2014Jun,399,2014-06-01,False,False,418.0,-0.045454545454545414,False,-400.25,985.75
Finance & Insurance,2014Jul,416,2014-07-01,False,False,399.0,0.04260651629072676,False,-400.25,985.75
Finance & Insurance,2014Aug,362,2014-08-01,False,False,416.0,-0.1298076923076923,False,-400.25,985.75
Finance & Insurance,2014Sep,429,2014-09-01,False,False,362.0,0.18508287292817682,False,-400.25,985.75
Finance & Insurance,2014Oct,434,2014-10-01,False,False,429.0,0.011655011655011593,False,-400.25,985.75
Finance & Insurance,2014Nov,398,2014-11-01,False,False,434.0,-0.08294930875576034,False,-400.25,985.75
Finance & Insurance,2014Dec,396,2014-12-01,False,False,398.0,-0.005025125628140725,False,-400.25,985.75
Finance & Insurance,2015Jan,354,2015-01-01,False,False,396.0,-0.10606060606060608,False,-400.25,985.75
Finance & Insurance,2015Feb,313,2015-02-01,False,False,354.0,-0.11581920903954801,False,-400.25,985.75
Finance & Insurance,2015Mar,498,2015-03-01,False,False,313.0,0.5910543130990416,False,-400.25,985.75
Finance & Insurance,2015Apr,431,2015-04-01,False,False,498.0,-0.13453815261044177,False,-400.25,985.75
Finance & Insurance,2015May,394,2015-05-01,False,False,431.0,-0.08584686774941996,False,-400.25,985.75
Finance & Insurance,2015Jun,380,2015-06-01,False,False,394.0,-0.035532994923857864,False,-400.25,985.75
Finance & Insurance,2015Jul,405,2015-07-01,False,False,380.0,0.06578947368421062,False,-400.25,985.75
Finance & Insurance,2015Aug,405,2015-08-01,False,False,405.0,0.0,False,-400.25,985.75
Finance & Insurance,2015Sep,404,2015-09-01,False,False,405.0,-0.0024691358024691024,False,-400.25,985.75
Finance & Insurance,2015Oct,393,2015-10-01,False,False,404.0,-0.027227722772277252,False,-400.25,985.75
Finance & Insurance,2015Nov,363,2015-11-01,False,False,393.0,-0.07633587786259544,False,-400.25,985.75
Finance & Insurance,2015Dec,409,2015-12-01,False,False,363.0,0.1267217630853994,False,-400.25,985.75
Finance & Insurance,2016Jan,305,2016-01-01,False,False,409.0,-0.2542787286063569,False,-400.25,985.75
Finance & Insurance,2016Feb,314,2016-02-01,False,False,305.0,0.029508196721311553,False,-400.25,985.75
Finance & Insurance,2016Mar,406,2016-03-01,False,False,314.0,0.29299363057324834,False,-400.25,985.75
Finance & Insurance,2016Apr,327,2016-04-01,False,False,406.0,-0.19458128078817738,False,-400.25,985.75
Finance & Insurance,2016May,411,2016-05-01,False,False,327.0,0.25688073394495414,False,-400.25,985.75
Finance & Insurance,2016Jun,415,2016-06-01,False,False,411.0,0.009732360097323589,False,-400.25,985.75
Finance & Insurance,2016Jul,384,2016-07-01,False,False,415.0,-0.07469879518072287,False,-400.25,985.75
Finance & Insurance,2016Aug,361,2016-08-01,False,False,384.0,-0.05989583333333337,False,-400.25,985.75
Finance & Insurance,2016Sep,420,2016-09-01,False,False,361.0,0.1634349030470914,False,-400.25,985.75
Finance & Insurance,2016Oct,427,2016-10-01,False,False,420.0,0.016666666666666607,False,-400.25,985.75
Finance & Insurance,2016Nov,396,2016-11-01,False,False,427.0,-0.07259953161592503,False,-400.25,985.75
Finance & Insurance,2016Dec,360,2016-12-01,False,False,396.0,-0.09090909090909094,False,-400.25,985.75
Finance & Insurance,2017Jan,297,2017-01-01,False,False,360.0,-0.17500000000000004,False,-400.25,985.75
Finance & Insurance,2017Feb,325,2017-02-01,False,False,297.0,0.09427609427609429,False,-400.25,985.75
Finance & Insurance,2017Mar,460,2017-03-01,False,False,325.0,0.41538461538461546,False,-400.25,985.75
Finance & Insurance,2017Apr,383,2017-04-01,False,False,460.0,-0.16739130434782612,False,-400.25,985.75
Finance & Insurance,2017May,428,2017-05-01,False,False,383.0,0.11749347258485643,False,-400.25,985.75
Finance & Insurance,2017Jun,420,2017-06-01,False,False,428.0,-0.01869158878504673,False,-400.25,985.75
Finance & Insurance,2017Jul,396,2017-07-01,False,False,420.0,-0.05714285714285716,False,-400.25,985.75
Finance & Insurance,2017Aug,495,2017-08-01,False,False,396.0,0.25,False,-400.25,985.75
Finance & Insurance,2017Sep,443,2017-09-01,False,False,495.0,-0.10505050505050506,False,-400.25,985.75
Finance & Insurance,2017Oct,450,2017-10-01,False,False,443.0,0.015801354401805856,False,-400.25,985.75
Finance & Insurance,2017Nov,515,2017-11-01,False,False,450.0,0.14444444444444438,False,-400.25,985.75
Finance & Insurance,2017Dec,403,2017-12-01,False,False,515.0,-0.21747572815533978,False,-400.25,985.75
Finance & Insurance,2018Jan,503,2018-01-01,False,False,403.0,0.24813895781637707,False,-400.25,985.75
Finance & Insurance,2018Feb,390,2018-02-01,False,False,503.0,-0.2246520874751491,False,-400.25,985.75
Finance & Insurance,2018Mar,516,2018-03-01,False,False,390.0,0.32307692307692304,False,-400.25,985.75
Finance & Insurance,2018Apr,469,2018-04-01,False,False,516.0,-0.09108527131782951,False,-400.25,985.75
Finance & Insurance,2018May,519,2018-05-01,False,False,469.0,0.10660980810234544,False,-400.25,985.75
Finance & Insurance,2018Jun,548,2018-06-01,False,False,519.0,0.05587668593448947,False,-400.25,985.75
Finance & Insurance,2018Jul,488,2018-07-01,False,False,548.0,-0.10948905109489049,False,-400.25,985.75
Finance & Insurance,2018Aug,490,2018-08-01,False,False,488.0,0.004098360655737654,False,-400.25,985.75
Finance & Insurance,2018Sep,507,2018-09-01,False,False,490.0,0.03469387755102038,False,-400.25,985.75
Finance & Insurance,2018Oct,525,2018-10-01,False,False,507.0,0.035502958579881616,False,-400.25,985.75
Finance & Insurance,2018Nov,489,2018-11-01,False,False,525.0,-0.06857142857142862,False,-400.25,985.75
Finance & Insurance,2018Dec,422,2018-12-01,False,False,489.0,-0.1370143149284253,False,-400.25,985.75
Finance & Insurance,2019Jan,522,2019-01-01,False,False,422.0,0.23696682464454977,False,-400.25,985.75
Finance & Insurance,2019Feb,358,2019-02-01,False,False,522.0,-0.31417624521072796,False,-400.25,985.75
Finance & Insurance,2019Mar,509,2019-03-01,False,False,358.0,0.4217877094972067,False,-400.25,985.75
Finance & Insurance,2019Apr,509,2019-04-01,False,False,509.0,0.0,False,-400.25,985.75
Finance & Insurance,2019May,514,2019-05-01,False,False,509.0,0.00982318271119853,False,-400.25,985.75
Finance & Insurance,2019Jun,478,2019-06-01,False,False,514.0,-0.07003891050583655,False,-400.25,985.75
Finance & Insurance,2019Jul,585,2019-07-01,False,False,478.0,0.2238493723849373,False,-400.25,985.75
Finance & Insurance,2019Aug,570,2019-08-01,False,False,585.0,-0.02564102564102566,False,-400.25,985.75
Finance & Insurance,2019Sep,590,2019-09-01,False,False,570.0,0.03508771929824572,False,-400.25,985.75
Finance & Insurance,2019Oct,564,2019-10-01,False,False,590.0,-0.04406779661016946,False,-400.25,985.75
Finance & Insurance,2019Nov,679,2019-11-01,False,False,564.0,0.20390070921985815,False,-400.25,985.75
Finance & Insurance,2019Dec,589,2019-12-01,False,False,679.0,-0.13254786450662737,False,-400.25,985.75
Finance & Insurance,2020Jan,530,2020-01-01,False,False,589.0,-0.10016977928692694,False,-400.25,985.75
Finance & Insurance,2020Feb,481,2020-02-01,False,False,530.0,-0.09245283018867922,False,-400.25,985.75
Finance & Insurance,2020Mar,531,2020-03-01,False,False,481.0,0.10395010395010384,False,-400.25,985.75
Finance & Insurance,2020Apr,365,2020-04-01,False,False,531.0,-0.31261770244821097,False,-400.25,985.75
Finance & Insurance,2020May,349,2020-05-01,False,False,365.0,-0.043835616438356206,False,-400.25,985.75
Finance & Insurance,2020Jun,442,2020-06-01,False,False,349.0,0.2664756446991403,False,-400.25,985.75
Finance & Insurance,2020Jul,529,2020-07-01,False,False,442.0,0.19683257918552033,False,-400.25,985.75
Finance & Insurance,2020Aug,474,2020-08-01,False,False,529.0,-0.10396975425330812,False,-400.25,985.75
Finance & Insurance,2020Sep,581,2020-09-01,False,False,474.0,0.2257383966244726,False,-400.25,985.75
Finance & Insurance,2020Oct,592,2020-10-01,False,False,581.0,0.018932874354561147,False,-400.25,985.75
Finance & Insurance,2020Nov,560,2020-11-01,False,False,592.0,-0.05405405405405406,False,-400.25,985.75
Finance & Insurance,2020Dec,568,2020-12-01,False,False,560.0,0.014285714285714235,False,-400.25,985.75
Finance & Insurance,2021Jan,627,2021-01-01,False,False,568.0,0.10387323943661975,False,-400.25,985.75
Finance & Insurance,2021Feb,521,2021-02-01,False,False,627.0,-0.16905901116427435,False,-400.25,985.75
Finance & Insurance,2021Mar,730,2021-03-01,False,False,521.0,0.4011516314779271,False,-400.25,985.75
Finance & Insurance,2021Apr,694,2021-04-01,False,False,730.0,-0.049315068493150704,False,-400.25,985.75
Finance & Insurance,2021May,634,2021-05-01,False,False,694.0,-0.08645533141210371,False,-400.25,985.75
Finance & Insurance,2021Jun,698,2021-06-01,False,False,634.0,0.10094637223974767,False,-400.25,985.75
Finance & Insurance,2021Jul,759,2021-07-01,False,False,698.0,0.08739255014326641,False,-400.25,985.75
Finance & Insurance,2021Aug,708,2021-08-01,False,False,759.0,-0.06719367588932801,False,-400.25,985.75
Finance & Insurance,2021Sep,734,2021-09-01,False,False,708.0,0.03672316384180796,False,-400.25,985.75
Finance & Insurance,2021Oct,720,2021-10-01,False,False,734.0,-0.019073569482288777,False,-400.25,985.75
Finance & Insurance,2021Nov,778,2021-11-01,False,False,720.0,0.08055555555555549,False,-400.25,985.75
Finance & Insurance,2021Dec,746,2021-12-01,False,False,778.0,-0.041131105398457546,False,-400.25,985.75
Finance & Insurance,2022Jan,704,2022-01-01,False,False,746.0,-0.05630026809651478,False,-400.25,985.75
Finance & Insurance,2022Feb,623,2022-02-01,False,False,704.0,-0.11505681818181823,False,-400.25,985.75
Finance & Insurance,2022Mar,720,2022-03-01,False,False,623.0,0.1556982343499198,False,-400.25,985.75
Finance & Insurance,2022Apr,818,2022-04-01,False,False,720.0,0.13611111111111107,False,-400.25,985.75
Finance & Insurance,2022May,610,2022-05-01,False,False,818.0,-0.2542787286063569,False,-400.25,985.75
Finance & Insurance,2022Jun,698,2022-06-01,False,False,610.0,0.1442622950819672,False,-400.25,985.75
Finance & Insurance,2022Jul,736,2022-07-01,False,False,698.0,0.054441260744985565,False,-400.25,985.75
Finance & Insurance,2022Aug,703,2022-08-01,False,False,736.0,-0.044836956521739135,False,-400.25,985.75
Finance & Insurance,2022Sep,723,2022-09-01,False,False,703.0,0.028449502133712556,False,-400.25,985.75
Finance & Insurance,2022Oct,593,2022-10-01,False,False,723.0,-0.17980636237897651,False,-400.25,985.75
Finance & Insurance,2022Nov,703,2022-11-01,False,False,593.0,0.18549747048903886,False,-400.25,985.75
Finance & Insurance,2022Dec,678,2022-12-01,False,False,703.0,-0.03556187766714081,False,-400.25,985.75
Finance & Insurance,2023Jan,529,2023-01-01,False,False,678.0,-0.21976401179941008,False,-400.25,985.75
Finance & Insurance,2023Feb,584,2023-02-01,False,False,529.0,0.10396975425330823,False,-400.25,985.75
Finance & Insurance,2023Mar,754,2023-03-01,False,False,584.0,0.29109589041095885,False,-400.25,985.75
Finance & Insurance,2023Apr,537,2023-04-01,False,False,754.0,-0.2877984084880637,False,-400.25,985.75
Finance & Insurance,2023May,717,2023-05-01,False,False,537.0,0.3351955307262571,False,-400.25,985.75
Finance & Insurance,2023Jun,565,2023-06-01,False,False,717.0,-0.21199442119944212,False,-400.25,985.75
Finance & Insurance,2023Jul,622,2023-07-01,False,False,565.0,0.10088495575221246,False,-400.25,985.75
Finance & Insurance,2023Aug,624,2023-08-01,False,False,622.0,0.003215434083601254,False,-400.25,985.75
Finance & Insurance,2023Sep,528,2023-09-01,False,False,624.0,-0.15384615384615385,False,-400.25,985.75
Finance & Insurance,2023Oct,627,2023-10-01,False,False,528.0,0.1875,False,-400.25,985.75
Finance & Insurance,2023Nov,609,2023-11-01,False,False,627.0,-0.028708133971291905,False,-400.25,985.75
Finance & Insurance,2023Dec,514,2023-12-01,False,False,609.0,-0.15599343185550085,False,-400.25,985.75
Finance & Insurance,2024Jan,545,2024-01-01,False,False,514.0,0.060311284046692615,False,-400.25,985.75
Finance & Insurance,2024Feb,463,2024-02-01,False,False,545.0,-0.15045871559633028,False,-400.25,985.75
Finance & Insurance,2024Mar,540,2024-03-01,False,False,463.0,0.16630669546436283,False,-400.25,985.75
Finance & Insurance,2024Apr,554,2024-04-01,False,False,540.0,0.025925925925925908,False,-400.25,985.75
Finance & Insurance,2024May,625,2024-05-01,False,False,554.0,0.128158844765343,False,-400.25,985.75
Finance & Insurance,2024Jun,509,2024-06-01,False,False,625.0,-0.1856,False,-400.25,985.75
Finance & Insurance,2024Jul,667,2024-07-01,False,False,509.0,0.3104125736738703,False,-400.25,985.75
Finance & Insurance,2024Aug,623,2024-08-01,False,False,667.0,-0.06596701649175407,False,-400.25,985.75
Finance & Insurance,2024Sep,558,2024-09-01,False,False,623.0,-0.1043338683788122,False,-400.25,985.75
Finance & Insurance,2024Oct,594,2024-10-01,False,False,558.0,0.06451612903225801,False,-400.25,985.75
Finance & Insurance,2024Nov,600,2024-11-01,False,False,594.0,0.010101010101010166,False,-400.25,985.75
Finance & Insurance,2024Dec,466,2024-12-01,False,False,600.0,-0.22333333333333338,False,-400.25,985.75
Finance & Insurance,2025Jan,538,2025-01-01,False,False,466.0,0.15450643776824036,False,-400.25,985.75
Finance & Insurance,2025Feb,540,2025-02-01,False,False,538.0,0.0037174721189590088,False,-400.25,985.75
Finance & Insurance,2025Mar,625,2025-03-01,False,False,540.0,0.15740740740740744,False,-400.25,985.75
Finance & Insurance,2025Apr,630,2025-04-01,False,False,625.0,0.008000000000000007,False,-400.25,985.75
Finance & Insurance,2025May,591,2025-05-01,False,False,630.0,-0.06190476190476191,False,-400.25,985.75
Finance & Insurance,2025Jun,516,2025-06-01,False,False,591.0,-0.12690355329949243,False,-400.25,985.75
Finance & Insurance,2025Jul,674,2025-07-01,False,False,516.0,0.306201550387597,False,-400.25,985.75
Finance & Insurance,2025Aug,617,2025-08-01,False,False,674.0,-0.08456973293768544,False,-400.25,985.75
Finance & Insurance,2025Sep,660,2025-09-01,False,False,617.0,0.06969205834683945,False,-400.25,985.75
Finance & Insurance,2025Oct,671,2025-10-01,False,False,660.0,0.016666666666666607,False,-400.25,985.75
Finance & Insurance,2025Nov,613,2025-11-01,False,False,671.0,-0.08643815201192251,False,-400.25,985.75
Finance & Insurance,2025Dec,662,2025-12-01,False,False,613.0,0.07993474714518767,False,-400.25,985.75
Finance & Insurance,2026Jan,608,2026-01-01,False,False,662.0,-0.08157099697885195,False,-400.25,985.75
Finance & Insurance,2026Feb,547,2026-02-01,False,False,608.0,-0.10032894736842102,False,-400.25,985.75
Finance & Insurance,2026Mar,684,2026-03-01,False,False,547.0,0.2504570383912248,False,-400.25,985.75
Food & Beverage Services,1990Jan,52,1990-01-01,False,False,,,False,-83.5,480.5
Food & Beverage Services,1990Feb,74,1990-02-01,False,False,52.0,0.42307692307692313,False,-83.5,480.5
Food & Beverage Services,1990Mar,83,1990-03-01,False,False,74.0,0.12162162162162171,False,-83.5,480.5
Food & Beverage Services,1990Apr,67,1990-04-01,False,False,83.0,-0.19277108433734935,False,-83.5,480.5
Food & Beverage Services,1990May,84,1990-05-01,False,False,67.0,0.25373134328358216,False,-83.5,480.5
Food & Beverage Services,1990Jun,78,1990-06-01,False,False,84.0,-0.0714285714285714,False,-83.5,480.5
Food & Beverage Services,1990Jul,74,1990-07-01,False,False,78.0,-0.05128205128205132,False,-83.5,480.5
Food & Beverage Services,1990Aug,66,1990-08-01,False,False,74.0,-0.10810810810810811,False,-83.5,480.5
Food & Beverage Services,1990Sep,44,1990-09-01,False,False,66.0,-0.33333333333333337,False,-83.5,480.5
Food & Beverage Services,1990Oct,86,1990-10-01,False,False,44.0,0.9545454545454546,False,-83.5,480.5
Food & Beverage Services,1990Nov,62,1990-11-01,False,False,86.0,-0.2790697674418605,False,-83.5,480.5
Food & Beverage Services,1990Dec,56,1990-12-01,False,False,62.0,-0.09677419354838712,False,-83.5,480.5
Food & Beverage Services,1991Jan,73,1991-01-01,False,False,56.0,0.3035714285714286,False,-83.5,480.5
Food & Beverage Services,1991Feb,39,1991-02-01,False,False,73.0,-0.4657534246575342,False,-83.5,480.5
Food & Beverage Services,1991Mar,79,1991-03-01,False,False,39.0,1.0256410256410255,False,-83.5,480.5
Food & Beverage Services,1991Apr,88,1991-04-01,False,False,79.0,0.11392405063291133,False,-83.5,480.5
Food & Beverage Services,1991May,74,1991-05-01,False,False,88.0,-0.15909090909090906,False,-83.5,480.5
Food & Beverage Services,1991Jun,76,1991-06-01,False,False,74.0,0.027027027027026973,False,-83.5,480.5
Food & Beverage Services,1991Jul,97,1991-07-01,False,False,76.0,0.2763157894736843,False,-83.5,480.5
Food & Beverage Services,1991Aug,78,1991-08-01,False,False,97.0,-0.19587628865979378,False,-83.5,480.5
Food & Beverage Services,1991Sep,89,1991-09-01,False,False,78.0,0.14102564102564097,False,-83.5,480.5
Food & Beverage Services,1991Oct,105,1991-10-01,False,False,89.0,0.1797752808988764,False,-83.5,480.5
Food & Beverage Services,1991Nov,71,1991-11-01,False,False,105.0,-0.32380952380952377,False,-83.5,480.5
Food & Beverage Services,1991Dec,60,1991-12-01,False,False,71.0,-0.15492957746478875,False,-83.5,480.5
Food & Beverage Services,1992Jan,86,1992-01-01,False,False,60.0,0.43333333333333335,False,-83.5,480.5
Food & Beverage Services,1992Feb,73,1992-02-01,False,False,86.0,-0.15116279069767447,False,-83.5,480.5
Food & Beverage Services,1992Mar,109,1992-03-01,False,False,73.0,0.4931506849315068,False,-83.5,480.5
Food & Beverage Services,1992Apr,77,1992-04-01,False,False,109.0,-0.29357798165137616,False,-83.5,480.5
Food & Beverage Services,1992May,96,1992-05-01,False,False,77.0,0.24675324675324672,False,-83.5,480.5
Food & Beverage Services,1992Jun,88,1992-06-01,False,False,96.0,-0.08333333333333337,False,-83.5,480.5
Food & Beverage Services,1992Jul,105,1992-07-01,False,False,88.0,0.19318181818181812,False,-83.5,480.5
Food & Beverage Services,1992Aug,83,1992-08-01,False,False,105.0,-0.20952380952380956,False,-83.5,480.5
Food & Beverage Services,1992Sep,85,1992-09-01,False,False,83.0,0.024096385542168752,False,-83.5,480.5
Food & Beverage Services,1992Oct,79,1992-10-01,False,False,85.0,-0.07058823529411762,False,-83.5,480.5
Food & Beverage Services,1992Nov,101,1992-11-01,False,False,79.0,0.2784810126582278,False,-83.5,480.5
Food & Beverage Services,1992Dec,89,1992-12-01,False,False,101.0,-0.1188118811881188,False,-83.5,480.5
Food & Beverage Services,1993Jan,58,1993-01-01,False,False,89.0,-0.348314606741573,False,-83.5,480.5
Food & Beverage Services,1993Feb,99,1993-02-01,False,False,58.0,0.7068965517241379,False,-83.5,480.5
Food & Beverage Services,1993Mar,108,1993-03-01,False,False,99.0,0.09090909090909083,False,-83.5,480.5
Food & Beverage Services,1993Apr,107,1993-04-01,False,False,108.0,-0.0092592592592593,False,-83.5,480.5
Food & Beverage Services,1993May,102,1993-05-01,False,False,107.0,-0.04672897196261683,False,-83.5,480.5
Food & Beverage Services,1993Jun,92,1993-06-01,False,False,102.0,-0.0980392156862745,False,-83.5,480.5
Food & Beverage Services,1993Jul,121,1993-07-01,False,False,92.0,0.3152173913043479,False,-83.5,480.5
Food & Beverage Services,1993Aug,123,1993-08-01,False,False,121.0,0.016528925619834656,False,-83.5,480.5
Food & Beverage Services,1993Sep,110,1993-09-01,False,False,123.0,-0.10569105691056913,False,-83.5,480.5
Food & Beverage Services,1993Oct,96,1993-10-01,False,False,110.0,-0.12727272727272732,False,-83.5,480.5
Food & Beverage Services,1993Nov,109,1993-11-01,False,False,96.0,0.13541666666666674,False,-83.5,480.5
Food & Beverage Services,1993Dec,74,1993-12-01,False,False,109.0,-0.3211009174311926,False,-83.5,480.5
Food & Beverage Services,1994Jan,93,1994-01-01,False,False,74.0,0.2567567567567568,False,-83.5,480.5
Food & Beverage Services,1994Feb,57,1994-02-01,False,False,93.0,-0.3870967741935484,False,-83.5,480.5
Food & Beverage Services,1994Mar,128,1994-03-01,False,False,57.0,1.2456140350877192,False,-83.5,480.5
Food & Beverage Services,1994Apr,101,1994-04-01,False,False,128.0,-0.2109375,False,-83.5,480.5
Food & Beverage Services,1994May,95,1994-05-01,False,False,101.0,-0.05940594059405946,False,-83.5,480.5
Food & Beverage Services,1994Jun,91,1994-06-01,False,False,95.0,-0.04210526315789476,False,-83.5,480.5
Food & Beverage Services,1994Jul,109,1994-07-01,False,False,91.0,0.19780219780219777,False,-83.5,480.5
Food & Beverage Services,1994Aug,116,1994-08-01,False,False,109.0,0.06422018348623859,False,-83.5,480.5
Food & Beverage Services,1994Sep,115,1994-09-01,False,False,116.0,-0.008620689655172376,False,-83.5,480.5
Food & Beverage Services,1994Oct,113,1994-10-01,False,False,115.0,-0.017391304347826098,False,-83.5,480.5
Food & Beverage Services,1994Nov,125,1994-11-01,False,False,113.0,0.10619469026548667,False,-83.5,480.5
Food & Beverage Services,1994Dec,106,1994-12-01,False,False,125.0,-0.15200000000000002,False,-83.5,480.5
Food & Beverage Services,1995Jan,83,1995-01-01,False,False,106.0,-0.21698113207547165,False,-83.5,480.5
Food & Beverage Services,1995Feb,92,1995-02-01,False,False,83.0,0.10843373493975905,False,-83.5,480.5
Food & Beverage Services,1995Mar,108,1995-03-01,False,False,92.0,0.17391304347826098,False,-83.5,480.5
Food & Beverage Services,1995Apr,121,1995-04-01,False,False,108.0,0.12037037037037046,False,-83.5,480.5
Food & Beverage Services,1995May,132,1995-05-01,False,False,121.0,0.09090909090909083,False,-83.5,480.5
Food & Beverage Services,1995Jun,121,1995-06-01,False,False,132.0,-0.08333333333333337,False,-83.5,480.5
Food & Beverage Services,1995Jul,136,1995-07-01,False,False,121.0,0.12396694214876036,False,-83.5,480.5
Food & Beverage Services,1995Aug,148,1995-08-01,False,False,136.0,0.08823529411764697,False,-83.5,480.5
Food & Beverage Services,1995Sep,119,1995-09-01,False,False,148.0,-0.19594594594594594,False,-83.5,480.5
Food & Beverage Services,1995Oct,107,1995-10-01,False,False,119.0,-0.10084033613445376,False,-83.5,480.5
Food & Beverage Services,1995Nov,128,1995-11-01,False,False,107.0,0.19626168224299056,False,-83.5,480.5
Food & Beverage Services,1995Dec,93,1995-12-01,False,False,128.0,-0.2734375,False,-83.5,480.5
Food & Beverage Services,1996Jan,98,1996-01-01,False,False,93.0,0.053763440860215006,False,-83.5,480.5
Food & Beverage Services,1996Feb,102,1996-02-01,False,False,98.0,0.04081632653061229,False,-83.5,480.5
Food & Beverage Services,1996Mar,159,1996-03-01,False,False,102.0,0.5588235294117647,False,-83.5,480.5
Food & Beverage Services,1996Apr,128,1996-04-01,False,False,159.0,-0.19496855345911945,False,-83.5,480.5
Food & Beverage Services,1996May,133,1996-05-01,False,False,128.0,0.0390625,False,-83.5,480.5
Food & Beverage Services,1996Jun,110,1996-06-01,False,False,133.0,-0.17293233082706772,False,-83.5,480.5
Food & Beverage Services,1996Jul,140,1996-07-01,False,False,110.0,0.2727272727272727,False,-83.5,480.5
Food & Beverage Services,1996Aug,126,1996-08-01,False,False,140.0,-0.09999999999999998,False,-83.5,480.5
Food & Beverage Services,1996Sep,150,1996-09-01,False,False,126.0,0.19047619047619047,False,-83.5,480.5
Food & Beverage Services,1996Oct,141,1996-10-01,False,False,150.0,-0.06000000000000005,False,-83.5,480.5
Food & Beverage Services,1996Nov,137,1996-11-01,False,False,141.0,-0.028368794326241176,False,-83.5,480.5
Food & Beverage Services,1996Dec,99,1996-12-01,False,False,137.0,-0.2773722627737226,False,-83.5,480.5
Food & Beverage Services,1997Jan,98,1997-01-01,False,False,99.0,-0.010101010101010055,False,-83.5,480.5
Food & Beverage Services,1997Feb,95,1997-02-01,False,False,98.0,-0.030612244897959218,False,-83.5,480.5
Food & Beverage Services,1997Mar,142,1997-03-01,False,False,95.0,0.49473684210526314,False,-83.5,480.5
Food & Beverage Services,1997Apr,160,1997-04-01,False,False,142.0,0.12676056338028174,False,-83.5,480.5
Food & Beverage Services,1997May,128,1997-05-01,False,False,160.0,-0.19999999999999996,False,-83.5,480.5
Food & Beverage Services,1997Jun,130,1997-06-01,False,False,128.0,0.015625,False,-83.5,480.5
Food & Beverage Services,1997Jul,122,1997-07-01,False,False,130.0,-0.06153846153846154,False,-83.5,480.5
Food & Beverage Services,1997Aug,105,1997-08-01,False,False,122.0,-0.139344262295082,False,-83.5,480.5
Food & Beverage Services,1997Sep,135,1997-09-01,False,False,105.0,0.2857142857142858,False,-83.5,480.5
Food & Beverage Services,1997Oct,130,1997-10-01,False,False,135.0,-0.03703703703703709,False,-83.5,480.5
Food & Beverage Services,1997Nov,118,1997-11-01,False,False,130.0,-0.09230769230769231,False,-83.5,480.5
Food & Beverage Services,1997Dec,100,1997-12-01,False,False,118.0,-0.15254237288135597,False,-83.5,480.5
Food & Beverage Services,1998Jan,79,1998-01-01,False,False,100.0,-0.20999999999999996,False,-83.5,480.5
Food & Beverage Services,1998Feb,100,1998-02-01,False,False,79.0,0.26582278481012667,False,-83.5,480.5
Food & Beverage Services,1998Mar,121,1998-03-01,False,False,100.0,0.20999999999999996,False,-83.5,480.5
Food & Beverage Services,1998Apr,114,1998-04-01,False,False,121.0,-0.05785123966942152,False,-83.5,480.5
Food & Beverage Services,1998May,118,1998-05-01,False,False,114.0,0.03508771929824572,False,-83.5,480.5
Food & Beverage Services,1998Jun,115,1998-06-01,False,False,118.0,-0.025423728813559365,False,-83.5,480.5
Food & Beverage Services,1998Jul,141,1998-07-01,False,False,115.0,0.22608695652173916,False,-83.5,480.5
Food & Beverage Services,1998Aug,131,1998-08-01,False,False,141.0,-0.07092198581560283,False,-83.5,480.5
Food & Beverage Services,1998Sep,129,1998-09-01,False,False,131.0,-0.01526717557251911,False,-83.5,480.5
Food & Beverage Services,1998Oct,133,1998-10-01,False,False,129.0,0.03100775193798455,False,-83.5,480.5
Food & Beverage Services,1998Nov,110,1998-11-01,False,False,133.0,-0.17293233082706772,False,-83.5,480.5
Food & Beverage Services,1998Dec,135,1998-12-01,False,False,110.0,0.2272727272727273,False,-83.5,480.5
Food & Beverage Services,1999Jan,104,1999-01-01,False,False,135.0,-0.22962962962962963,False,-83.5,480.5
Food & Beverage Services,1999Feb,88,1999-02-01,False,False,104.0,-0.15384615384615385,False,-83.5,480.5
Food & Beverage Services,1999Mar,131,1999-03-01,False,False,88.0,0.48863636363636354,False,-83.5,480.5
Food & Beverage Services,1999Apr,144,1999-04-01,False,False,131.0,0.0992366412213741,False,-83.5,480.5
Food & Beverage Services,1999May,152,1999-05-01,False,False,144.0,0.05555555555555558,False,-83.5,480.5
Food & Beverage Services,1999Jun,125,1999-06-01,False,False,152.0,-0.17763157894736847,False,-83.5,480.5
Food & Beverage Services,1999Jul,154,1999-07-01,False,False,125.0,0.23199999999999998,False,-83.5,480.5
Food & Beverage Services,1999Aug,129,1999-08-01,False,False,154.0,-0.16233766233766234,False,-83.5,480.5
Food & Beverage Services,1999Sep,154,1999-09-01,False,False,129.0,0.193798449612403,False,-83.5,480.5
Food & Beverage Services,1999Oct,155,1999-10-01,False,False,154.0,0.006493506493506551,False,-83.5,480.5
Food & Beverage Services,1999Nov,103,1999-11-01,False,False,155.0,-0.3354838709677419,False,-83.5,480.5
Food & Beverage Services,1999Dec,103,1999-12-01,False,False,103.0,0.0,False,-83.5,480.5
Food & Beverage Services,2000Jan,101,2000-01-01,False,False,103.0,-0.01941747572815533,False,-83.5,480.5
Food & Beverage Services,2000Feb,95,2000-02-01,False,False,101.0,-0.05940594059405946,False,-83.5,480.5
Food & Beverage Services,2000Mar,115,2000-03-01,False,False,95.0,0.21052631578947367,False,-83.5,480.5
Food & Beverage Services,2000Apr,118,2000-04-01,False,False,115.0,0.026086956521739202,False,-83.5,480.5
Food & Beverage Services,2000May,133,2000-05-01,False,False,118.0,0.12711864406779672,False,-83.5,480.5
Food & Beverage Services,2000Jun,142,2000-06-01,False,False,133.0,0.06766917293233088,False,-83.5,480.5
Food & Beverage Services,2000Jul,127,2000-07-01,False,False,142.0,-0.10563380281690138,False,-83.5,480.5
Food & Beverage Services,2000Aug,112,2000-08-01,False,False,127.0,-0.11811023622047245,False,-83.5,480.5
Food & Beverage Services,2000Sep,142,2000-09-01,False,False,112.0,0.2678571428571428,False,-83.5,480.5
Food & Beverage Services,2000Oct,125,2000-10-01,False,False,142.0,-0.11971830985915488,False,-83.5,480.5
Food & Beverage Services,2000Nov,118,2000-11-01,False,False,125.0,-0.05600000000000005,False,-83.5,480.5
Food & Beverage Services,2000Dec,108,2000-12-01,False,False,118.0,-0.0847457627118644,False,-83.5,480.5
Food & Beverage Services,2001Jan,111,2001-01-01,False,False,108.0,0.02777777777777768,False,-83.5,480.5
Food & Beverage Services,2001Feb,118,2001-02-01,False,False,111.0,0.06306306306306309,False,-83.5,480.5
Food & Beverage Services,2001Mar,140,2001-03-01,False,False,118.0,0.18644067796610164,False,-83.5,480.5
Food & Beverage Services,2001Apr,145,2001-04-01,False,False,140.0,0.03571428571428581,False,-83.5,480.5
Food & Beverage Services,2001May,170,2001-05-01,False,False,145.0,0.17241379310344818,False,-83.5,480.5
Food & Beverage Services,2001Jun,171,2001-06-01,False,False,170.0,0.00588235294117645,False,-83.5,480.5
Food & Beverage Services,2001Jul,191,2001-07-01,False,False,171.0,0.11695906432748537,False,-83.5,480.5
Food & Beverage Services,2001Aug,189,2001-08-01,False,False,191.0,-0.010471204188481686,False,-83.5,480.5
Food & Beverage Services,2001Sep,166,2001-09-01,False,False,189.0,-0.12169312169312174,False,-83.5,480.5
Food & Beverage Services,2001Oct,191,2001-10-01,False,False,166.0,0.1506024096385543,False,-83.5,480.5
Food & Beverage Services,2001Nov,148,2001-11-01,False,False,191.0,-0.22513089005235598,False,-83.5,480.5
Food & Beverage Services,2001Dec,103,2001-12-01,False,False,148.0,-0.30405405405405406,False,-83.5,480.5
Food & Beverage Services,2002Jan,134,2002-01-01,False,False,103.0,0.30097087378640786,False,-83.5,480.5
Food & Beverage Services,2002Feb,98,2002-02-01,False,False,134.0,-0.26865671641791045,False,-83.5,480.5
Food & Beverage Services,2002Mar,166,2002-03-01,False,False,98.0,0.6938775510204083,False,-83.5,480.5
Food & Beverage Services,2002Apr,169,2002-04-01,False,False,166.0,0.01807228915662651,False,-83.5,480.5
Food & Beverage Services,2002May,165,2002-05-01,False,False,169.0,-0.023668639053254448,False,-83.5,480.5
Food & Beverage Services,2002Jun,123,2002-06-01,False,False,165.0,-0.2545454545454545,False,-83.5,480.5
Food & Beverage Services,2002Jul,178,2002-07-01,False,False,123.0,0.44715447154471555,False,-83.5,480.5
Food & Beverage Services,2002Aug,187,2002-08-01,False,False,178.0,0.050561797752809,False,-83.5,480.5
Food & Beverage Services,2002Sep,171,2002-09-01,False,False,187.0,-0.08556149732620322,False,-83.5,480.5
Food & Beverage Services,2002Oct,177,2002-10-01,False,False,171.0,0.03508771929824572,False,-83.5,480.5
Food & Beverage Services,2002Nov,172,2002-11-01,False,False,177.0,-0.02824858757062143,False,-83.5,480.5
Food & Beverage Services,2002Dec,133,2002-12-01,False,False,172.0,-0.2267441860465116,False,-83.5,480.5
Food & Beverage Services,2003Jan,125,2003-01-01,False,False,133.0,-0.06015037593984962,False,-83.5,480.5
Food & Beverage Services,2003Feb,122,2003-02-01,False,False,125.0,-0.02400000000000002,False,-83.5,480.5
Food & Beverage Services,2003Mar,161,2003-03-01,False,False,122.0,0.319672131147541,False,-83.5,480.5
Food & Beverage Services,2003Apr,159,2003-04-01,False,False,161.0,-0.012422360248447228,False,-83.5,480.5
Food & Beverage Services,2003May,158,2003-05-01,False,False,159.0,-0.0062893081761006275,False,-83.5,480.5
Food & Beverage Services,2003Jun,165,2003-06-01,False,False,158.0,0.044303797468354444,False,-83.5,480.5
Food & Beverage Services,2003Jul,195,2003-07-01,False,False,165.0,0.18181818181818188,False,-83.5,480.5
Food & Beverage Services,2003Aug,181,2003-08-01,False,False,195.0,-0.07179487179487176,False,-83.5,480.5
Food & Beverage Services,2003Sep,201,2003-09-01,False,False,181.0,0.11049723756906071,False,-83.5,480.5
Food & Beverage Services,2003Oct,228,2003-10-01,False,False,201.0,0.13432835820895517,False,-83.5,480.5
Food & Beverage Services,2003Nov,153,2003-11-01,False,False,228.0,-0.32894736842105265,False,-83.5,480.5
Food & Beverage Services,2003Dec,198,2003-12-01,False,False,153.0,0.2941176470588236,False,-83.5,480.5
Food & Beverage Services,2004Jan,124,2004-01-01,False,False,198.0,-0.3737373737373737,False,-83.5,480.5
Food & Beverage Services,2004Feb,189,2004-02-01,False,False,124.0,0.5241935483870968,False,-83.5,480.5
Food & Beverage Services,2004Mar,196,2004-03-01,False,False,189.0,0.03703703703703698,False,-83.5,480.5
Food & Beverage Services,2004Apr,191,2004-04-01,False,False,196.0,-0.025510204081632626,False,-83.5,480.5
Food & Beverage Services,2004May,198,2004-05-01,False,False,191.0,0.03664921465968596,False,-83.5,480.5
Food & Beverage Services,2004Jun,188,2004-06-01,False,False,198.0,-0.0505050505050505,False,-83.5,480.5
Food & Beverage Services,2004Jul,241,2004-07-01,False,False,188.0,0.28191489361702127,False,-83.5,480.5
Food & Beverage Services,2004Aug,179,2004-08-01,False,False,241.0,-0.2572614107883817,False,-83.5,480.5
Food & Beverage Services,2004Sep,183,2004-09-01,False,False,179.0,0.022346368715083775,False,-83.5,480.5
Food & Beverage Services,2004Oct,195,2004-10-01,False,False,183.0,0.06557377049180335,False,-83.5,480.5
Food & Beverage Services,2004Nov,180,2004-11-01,False,False,195.0,-0.07692307692307687,False,-83.5,480.5
Food & Beverage Services,2004Dec,181,2004-12-01,False,False,180.0,0.005555555555555536,False,-83.5,480.5
Food & Beverage Services,2005Jan,164,2005-01-01,False,False,181.0,-0.09392265193370164,False,-83.5,480.5
Food & Beverage Services,2005Feb,115,2005-02-01,False,False,164.0,-0.2987804878048781,False,-83.5,480.5
Food & Beverage Services,2005Mar,225,2005-03-01,False,False,115.0,0.9565217391304348,False,-83.5,480.5
Food & Beverage Services,2005Apr,196,2005-04-01,False,False,225.0,-0.12888888888888894,False,-83.5,480.5
Food & Beverage Services,2005May,165,2005-05-01,False,False,196.0,-0.15816326530612246,False,-83.5,480.5
Food & Beverage Services,2005Jun,190,2005-06-01,False,False,165.0,0.1515151515151516,False,-83.5,480.5
Food & Beverage Services,2005Jul,235,2005-07-01,False,False,190.0,0.23684210526315796,False,-83.5,480.5
Food & Beverage Services,2005Aug,209,2005-08-01,False,False,235.0,-0.11063829787234047,False,-83.5,480.5
Food & Beverage Services,2005Sep,230,2005-09-01,False,False,209.0,0.1004784688995215,False,-83.5,480.5
Food & Beverage Services,2005Oct,218,2005-10-01,False,False,230.0,-0.05217391304347829,False,-83.5,480.5
Food & Beverage Services,2005Nov,190,2005-11-01,False,False,218.0,-0.12844036697247707,False,-83.5,480.5
Food & Beverage Services,2005Dec,151,2005-12-01,False,False,190.0,-0.20526315789473681,False,-83.5,480.5
Food & Beverage Services,2006Jan,136,2006-01-01,False,False,151.0,-0.09933774834437081,False,-83.5,480.5
Food & Beverage Services,2006Feb,173,2006-02-01,False,False,136.0,0.2720588235294117,False,-83.5,480.5
Food & Beverage Services,2006Mar,274,2006-03-01,False,False,173.0,0.5838150289017341,False,-83.5,480.5
Food & Beverage Services,2006Apr,240,2006-04-01,False,False,274.0,-0.12408759124087587,False,-83.5,480.5
Food & Beverage Services,2006May,213,2006-05-01,False,False,240.0,-0.11250000000000004,False,-83.5,480.5
Food & Beverage Services,2006Jun,225,2006-06-01,False,False,213.0,0.05633802816901401,False,-83.5,480.5
Food & Beverage Services,2006Jul,179,2006-07-01,False,False,225.0,-0.20444444444444443,False,-83.5,480.5
Food & Beverage Services,2006Aug,221,2006-08-01,False,False,179.0,0.23463687150837997,False,-83.5,480.5
Food & Beverage Services,2006Sep,218,2006-09-01,False,False,221.0,-0.013574660633484115,False,-83.5,480.5
Food & Beverage Services,2006Oct,240,2006-10-01,False,False,218.0,0.10091743119266061,False,-83.5,480.5
Food & Beverage Services,2006Nov,218,2006-11-01,False,False,240.0,-0.09166666666666667,False,-83.5,480.5
Food & Beverage Services,2006Dec,166,2006-12-01,False,False,218.0,-0.23853211009174313,False,-83.5,480.5
Food & Beverage Services,2007Jan,244,2007-01-01,False,False,166.0,0.4698795180722892,False,-83.5,480.5
Food & Beverage Services,2007Feb,176,2007-02-01,False,False,244.0,-0.2786885245901639,False,-83.5,480.5
Food & Beverage Services,2007Mar,293,2007-03-01,False,False,176.0,0.6647727272727273,False,-83.5,480.5
Food & Beverage Services,2007Apr,258,2007-04-01,False,False,293.0,-0.11945392491467577,False,-83.5,480.5
Food & Beverage Services,2007May,262,2007-05-01,False,False,258.0,0.015503875968992276,False,-83.5,480.5
Food & Beverage Services,2007Jun,256,2007-06-01,False,False,262.0,-0.022900763358778664,False,-83.5,480.5
Food & Beverage Services,2007Jul,270,2007-07-01,False,False,256.0,0.0546875,False,-83.5,480.5
Food & Beverage Services,2007Aug,248,2007-08-01,False,False,270.0,-0.08148148148148149,False,-83.5,480.5
Food & Beverage Services,2007Sep,218,2007-09-01,False,False,248.0,-0.12096774193548387,False,-83.5,480.5
Food & Beverage Services,2007Oct,336,2007-10-01,False,False,218.0,0.5412844036697249,False,-83.5,480.5
Food & Beverage Services,2007Nov,224,2007-11-01,False,False,336.0,-0.33333333333333337,False,-83.5,480.5
Food & Beverage Services,2007Dec,186,2007-12-01,False,False,224.0,-0.1696428571428571,False,-83.5,480.5
Food & Beverage Services,2008Jan,261,2008-01-01,False,False,186.0,0.403225806451613,False,-83.5,480.5
Food & Beverage Services,2008Feb,187,2008-02-01,False,False,261.0,-0.28352490421455934,False,-83.5,480.5
Food & Beverage Services,2008Mar,267,2008-03-01,False,False,187.0,0.427807486631016,False,-83.5,480.5
Food & Beverage Services,2008Apr,278,2008-04-01,False,False,267.0,0.04119850187265928,False,-83.5,480.5
Food & Beverage Services,2008May,230,2008-05-01,False,False,278.0,-0.17266187050359716,False,-83.5,480.5
Food & Beverage Services,2008Jun,234,2008-06-01,False,False,230.0,0.017391304347825987,False,-83.5,480.5
Food & Beverage Services,2008Jul,272,2008-07-01,False,False,234.0,0.16239316239316248,False,-83.5,480.5
Food & Beverage Services,2008Aug,247,2008-08-01,False,False,272.0,-0.09191176470588236,False,-83.5,480.5
Food & Beverage Services,2008Sep,230,2008-09-01,False,False,247.0,-0.06882591093117407,False,-83.5,480.5
Food & Beverage Services,2008Oct,240,2008-10-01,False,False,230.0,0.04347826086956519,False,-83.5,480.5
Food & Beverage Services,2008Nov,237,2008-11-01,False,False,240.0,-0.012499999999999956,False,-83.5,480.5
Food & Beverage Services,2008Dec,152,2008-12-01,False,False,237.0,-0.3586497890295358,False,-83.5,480.5
Food & Beverage Services,2009Jan,244,2009-01-01,False,False,152.0,0.605263157894737,False,-83.5,480.5
Food & Beverage Services,2009Feb,245,2009-02-01,False,False,244.0,0.004098360655737654,False,-83.5,480.5
Food & Beverage Services,2009Mar,305,2009-03-01,False,False,245.0,0.24489795918367352,False,-83.5,480.5
Food & Beverage Services,2009Apr,249,2009-04-01,False,False,305.0,-0.18360655737704923,False,-83.5,480.5
Food & Beverage Services,2009May,249,2009-05-01,False,False,249.0,0.0,False,-83.5,480.5
Food & Beverage Services,2009Jun,284,2009-06-01,False,False,249.0,0.1405622489959839,False,-83.5,480.5
Food & Beverage Services,2009Jul,265,2009-07-01,False,False,284.0,-0.06690140845070425,False,-83.5,480.5
Food & Beverage Services,2009Aug,259,2009-08-01,False,False,265.0,-0.02264150943396226,False,-83.5,480.5
Food & Beverage Services,2009Sep,244,2009-09-01,False,False,259.0,-0.05791505791505791,False,-83.5,480.5
Food & Beverage Services,2009Oct,242,2009-10-01,False,False,244.0,-0.008196721311475419,False,-83.5,480.5
Food & Beverage Services,2009Nov,225,2009-11-01,False,False,242.0,-0.07024793388429751,False,-83.5,480.5
Food & Beverage Services,2009Dec,205,2009-12-01,False,False,225.0,-0.0888888888888889,False,-83.5,480.5
Food & Beverage Services,2010Jan,246,2010-01-01,False,False,205.0,0.19999999999999996,False,-83.5,480.5
Food & Beverage Services,2010Feb,173,2010-02-01,False,False,246.0,-0.2967479674796748,False,-83.5,480.5
Food & Beverage Services,2010Mar,271,2010-03-01,False,False,173.0,0.5664739884393064,False,-83.5,480.5
Food & Beverage Services,2010Apr,299,2010-04-01,False,False,271.0,0.10332103321033204,False,-83.5,480.5
Food & Beverage Services,2010May,239,2010-05-01,False,False,299.0,-0.2006688963210702,False,-83.5,480.5
Food & Beverage Services,2010Jun,251,2010-06-01,False,False,239.0,0.05020920502092041,False,-83.5,480.5
Food & Beverage Services,2010Jul,249,2010-07-01,False,False,251.0,-0.007968127490039834,False,-83.5,480.5
Food & Beverage Services,2010Aug,261,2010-08-01,False,False,249.0,0.04819277108433728,False,-83.5,480.5
Food & Beverage Services,2010Sep,227,2010-09-01,False,False,261.0,-0.13026819923371646,False,-83.5,480.5
Food & Beverage Services,2010Oct,256,2010-10-01,False,False,227.0,0.12775330396475781,False,-83.5,480.5
Food & Beverage Services,2010Nov,245,2010-11-01,False,False,256.0,-0.04296875,False,-83.5,480.5
Food & Beverage Services,2010Dec,242,2010-12-01,False,False,245.0,-0.01224489795918371,False,-83.5,480.5
Food & Beverage Services,2011Jan,227,2011-01-01,False,False,242.0,-0.06198347107438018,False,-83.5,480.5
Food & Beverage Services,2011Feb,211,2011-02-01,False,False,227.0,-0.07048458149779735,False,-83.5,480.5
Food & Beverage Services,2011Mar,265,2011-03-01,False,False,211.0,0.2559241706161137,False,-83.5,480.5
Food & Beverage Services,2011Apr,273,2011-04-01,False,False,265.0,0.030188679245283012,False,-83.5,480.5
Food & Beverage Services,2011May,269,2011-05-01,False,False,273.0,-0.0146520146520146,False,-83.5,480.5
Food & Beverage Services,2011Jun,248,2011-06-01,False,False,269.0,-0.0780669144981413,False,-83.5,480.5
Food & Beverage Services,2011Jul,279,2011-07-01,False,False,248.0,0.125,False,-83.5,480.5
Food & Beverage Services,2011Aug,210,2011-08-01,False,False,279.0,-0.24731182795698925,False,-83.5,480.5
Food & Beverage Services,2011Sep,247,2011-09-01,False,False,210.0,0.17619047619047623,False,-83.5,480.5
Food & Beverage Services,2011Oct,225,2011-10-01,False,False,247.0,-0.08906882591093113,False,-83.5,480.5
Food & Beverage Services,2011Nov,232,2011-11-01,False,False,225.0,0.03111111111111109,False,-83.5,480.5
Food & Beverage Services,2011Dec,192,2011-12-01,False,False,232.0,-0.1724137931034483,False,-83.5,480.5
Food & Beverage Services,2012Jan,204,2012-01-01,False,False,192.0,0.0625,False,-83.5,480.5
Food & Beverage Services,2012Feb,249,2012-02-01,False,False,204.0,0.22058823529411775,False,-83.5,480.5
Food & Beverage Services,2012Mar,292,2012-03-01,False,False,249.0,0.17269076305220876,False,-83.5,480.5
Food & Beverage Services,2012Apr,264,2012-04-01,False,False,292.0,-0.09589041095890416,False,-83.5,480.5
Food & Beverage Services,2012May,291,2012-05-01,False,False,264.0,0.10227272727272729,False,-83.5,480.5
Food & Beverage Services,2012Jun,234,2012-06-01,False,False,291.0,-0.19587628865979378,False,-83.5,480.5
Food & Beverage Services,2012Jul,246,2012-07-01,False,False,234.0,0.05128205128205132,False,-83.5,480.5
Food & Beverage Services,2012Aug,260,2012-08-01,False,False,246.0,0.05691056910569103,False,-83.5,480.5
Food & Beverage Services,2012Sep,225,2012-09-01,False,False,260.0,-0.13461538461538458,False,-83.5,480.5
Food & Beverage Services,2012Oct,228,2012-10-01,False,False,225.0,0.01333333333333342,False,-83.5,480.5
Food & Beverage Services,2012Nov,220,2012-11-01,False,False,228.0,-0.03508771929824561,False,-83.5,480.5
Food & Beverage Services,2012Dec,192,2012-12-01,False,False,220.0,-0.12727272727272732,False,-83.5,480.5
Food & Beverage Services,2013Jan,236,2013-01-01,False,False,192.0,0.22916666666666674,False,-83.5,480.5
Food & Beverage Services,2013Feb,170,2013-02-01,False,False,236.0,-0.2796610169491526,False,-83.5,480.5
Food & Beverage Services,2013Mar,220,2013-03-01,False,False,170.0,0.2941176470588236,False,-83.5,480.5
Food & Beverage Services,2013Apr,299,2013-04-01,False,False,220.0,0.3590909090909091,False,-83.5,480.5
Food & Beverage Services,2013May,268,2013-05-01,False,False,299.0,-0.10367892976588633,False,-83.5,480.5
Food & Beverage Services,2013Jun,241,2013-06-01,False,False,268.0,-0.10074626865671643,False,-83.5,480.5
Food & Beverage Services,2013Jul,270,2013-07-01,False,False,241.0,0.1203319502074689,False,-83.5,480.5
Food & Beverage Services,2013Aug,256,2013-08-01,False,False,270.0,-0.051851851851851816,False,-83.5,480.5
Food & Beverage Services,2013Sep,216,2013-09-01,False,False,256.0,-0.15625,False,-83.5,480.5
Food & Beverage Services,2013Oct,259,2013-10-01,False,False,216.0,0.19907407407407418,False,-83.5,480.5
Food & Beverage Services,2013Nov,232,2013-11-01,False,False,259.0,-0.10424710424710426,False,-83.5,480.5
Food & Beverage Services,2013Dec,212,2013-12-01,False,False,232.0,-0.08620689655172409,False,-83.5,480.5
Food & Beverage Services,2014Jan,222,2014-01-01,False,False,212.0,0.04716981132075482,False,-83.5,480.5
Food & Beverage Services,2014Feb,194,2014-02-01,False,False,222.0,-0.12612612612612617,False,-83.5,480.5
Food & Beverage Services,2014Mar,308,2014-03-01,False,False,194.0,0.5876288659793814,False,-83.5,480.5
Food & Beverage Services,2014Apr,295,2014-04-01,False,False,308.0,-0.04220779220779225,False,-83.5,480.5
Food & Beverage Services,2014May,258,2014-05-01,False,False,295.0,-0.12542372881355934,False,-83.5,480.5
Food & Beverage Services,2014Jun,264,2014-06-01,False,False,258.0,0.023255813953488413,False,-83.5,480.5
Food & Beverage Services,2014Jul,290,2014-07-01,False,False,264.0,0.0984848484848484,False,-83.5,480.5
Food & Beverage Services,2014Aug,318,2014-08-01,False,False,290.0,0.096551724137931,False,-83.5,480.5
Food & Beverage Services,2014Sep,316,2014-09-01,False,False,318.0,-0.0062893081761006275,False,-83.5,480.5
Food & Beverage Services,2014Oct,339,2014-10-01,False,False,316.0,0.07278481012658222,False,-83.5,480.5
Food & Beverage Services,2014Nov,291,2014-11-01,False,False,339.0,-0.1415929203539823,False,-83.5,480.5
Food & Beverage Services,2014Dec,272,2014-12-01,False,False,291.0,-0.06529209621993126,False,-83.5,480.5
Food & Beverage Services,2015Jan,257,2015-01-01,False,False,272.0,-0.05514705882352944,False,-83.5,480.5
Food & Beverage Services,2015Feb,201,2015-02-01,False,False,257.0,-0.2178988326848249,False,-83.5,480.5
Food & Beverage Services,2015Mar,296,2015-03-01,False,False,201.0,0.47263681592039797,False,-83.5,480.5
Food & Beverage Services,2015Apr,257,2015-04-01,False,False,296.0,-0.1317567567567568,False,-83.5,480.5
Food & Beverage Services,2015May,280,2015-05-01,False,False,257.0,0.08949416342412442,False,-83.5,480.5
Food & Beverage Services,2015Jun,260,2015-06-01,False,False,280.0,-0.0714285714285714,False,-83.5,480.5
Food & Beverage Services,2015Jul,265,2015-07-01,False,False,260.0,0.019230769230769162,False,-83.5,480.5
Food & Beverage Services,2015Aug,245,2015-08-01,False,False,265.0,-0.07547169811320753,False,-83.5,480.5
Food & Beverage Services,2015Sep,238,2015-09-01,False,False,245.0,-0.02857142857142858,False,-83.5,480.5
Food & Beverage Services,2015Oct,324,2015-10-01,False,False,238.0,0.3613445378151261,False,-83.5,480.5
Food & Beverage Services,2015Nov,231,2015-11-01,False,False,324.0,-0.2870370370370371,False,-83.5,480.5
Food & Beverage Services,2015Dec,180,2015-12-01,False,False,231.0,-0.22077922077922074,False,-83.5,480.5
Food & Beverage Services,2016Jan,249,2016-01-01,False,False,180.0,0.3833333333333333,False,-83.5,480.5
Food & Beverage Services,2016Feb,206,2016-02-01,False,False,249.0,-0.17269076305220887,False,-83.5,480.5
Food & Beverage Services,2016Mar,263,2016-03-01,False,False,206.0,0.2766990291262137,False,-83.5,480.5
Food & Beverage Services,2016Apr,289,2016-04-01,False,False,263.0,0.09885931558935357,False,-83.5,480.5
Food & Beverage Services,2016May,267,2016-05-01,False,False,289.0,-0.07612456747404839,False,-83.5,480.5
Food & Beverage Services,2016Jun,244,2016-06-01,False,False,267.0,-0.08614232209737827,False,-83.5,480.5
Food & Beverage Services,2016Jul,247,2016-07-01,False,False,244.0,0.012295081967213184,False,-83.5,480.5
Food & Beverage Services,2016Aug,249,2016-08-01,False,False,247.0,0.00809716599190291,False,-83.5,480.5
Food & Beverage Services,2016Sep,274,2016-09-01,False,False,249.0,0.10040160642570273,False,-83.5,480.5
Food & Beverage Services,2016Oct,242,2016-10-01,False,False,274.0,-0.11678832116788318,False,-83.5,480.5
Food & Beverage Services,2016Nov,236,2016-11-01,False,False,242.0,-0.024793388429752095,False,-83.5,480.5
Food & Beverage Services,2016Dec,202,2016-12-01,False,False,236.0,-0.14406779661016944,False,-83.5,480.5
Food & Beverage Services,2017Jan,200,2017-01-01,False,False,202.0,-0.00990099009900991,False,-83.5,480.5
Food & Beverage Services,2017Feb,233,2017-02-01,False,False,200.0,0.16500000000000004,False,-83.5,480.5
Food & Beverage Services,2017Mar,310,2017-03-01,False,False,233.0,0.33047210300429186,False,-83.5,480.5
Food & Beverage Services,2017Apr,264,2017-04-01,False,False,310.0,-0.1483870967741936,False,-83.5,480.5
Food & Beverage Services,2017May,282,2017-05-01,False,False,264.0,0.06818181818181812,False,-83.5,480.5
Food & Beverage Services,2017Jun,272,2017-06-01,False,False,282.0,-0.03546099290780147,False,-83.5,480.5
Food & Beverage Services,2017Jul,306,2017-07-01,False,False,272.0,0.125,False,-83.5,480.5
Food & Beverage Services,2017Aug,312,2017-08-01,False,False,306.0,0.019607843137254832,False,-83.5,480.5
Food & Beverage Services,2017Sep,276,2017-09-01,False,False,312.0,-0.11538461538461542,False,-83.5,480.5
Food & Beverage Services,2017Oct,296,2017-10-01,False,False,276.0,0.07246376811594213,False,-83.5,480.5
Food & Beverage Services,2017Nov,322,2017-11-01,False,False,296.0,0.08783783783783794,False,-83.5,480.5
Food & Beverage Services,2017Dec,225,2017-12-01,False,False,322.0,-0.3012422360248447,False,-83.5,480.5
Food & Beverage Services,2018Jan,282,2018-01-01,False,False,225.0,0.2533333333333334,False,-83.5,480.5
Food & Beverage Services,2018Feb,216,2018-02-01,False,False,282.0,-0.23404255319148937,False,-83.5,480.5
Food & Beverage Services,2018Mar,305,2018-03-01,False,False,216.0,0.412037037037037,False,-83.5,480.5
Food & Beverage Services,2018Apr,286,2018-04-01,False,False,305.0,-0.06229508196721312,False,-83.5,480.5
Food & Beverage Services,2018May,334,2018-05-01,False,False,286.0,0.16783216783216792,False,-83.5,480.5
Food & Beverage Services,2018Jun,299,2018-06-01,False,False,334.0,-0.10479041916167664,False,-83.5,480.5
Food & Beverage Services,2018Jul,310,2018-07-01,False,False,299.0,0.03678929765886285,False,-83.5,480.5
Food & Beverage Services,2018Aug,301,2018-08-01,False,False,310.0,-0.029032258064516148,False,-83.5,480.5
Food & Beverage Services,2018Sep,269,2018-09-01,False,False,301.0,-0.10631229235880402,False,-83.5,480.5
Food & Beverage Services,2018Oct,289,2018-10-01,False,False,269.0,0.07434944237918217,False,-83.5,480.5
Food & Beverage Services,2018Nov,251,2018-11-01,False,False,289.0,-0.13148788927335642,False,-83.5,480.5
Food & Beverage Services,2018Dec,199,2018-12-01,False,False,251.0,-0.2071713147410359,False,-83.5,480.5
Food & Beverage Services,2019Jan,263,2019-01-01,False,False,199.0,0.3216080402010051,False,-83.5,480.5
Food & Beverage Services,2019Feb,183,2019-02-01,False,False,263.0,-0.30418250950570347,False,-83.5,480.5
Food & Beverage Services,2019Mar,281,2019-03-01,False,False,183.0,0.53551912568306,False,-83.5,480.5
Food & Beverage Services,2019Apr,288,2019-04-01,False,False,281.0,0.02491103202846978,False,-83.5,480.5
Food & Beverage Services,2019May,255,2019-05-01,False,False,288.0,-0.11458333333333337,False,-83.5,480.5
Food & Beverage Services,2019Jun,222,2019-06-01,False,False,255.0,-0.12941176470588234,False,-83.5,480.5
Food & Beverage Services,2019Jul,275,2019-07-01,False,False,222.0,0.23873873873873874,False,-83.5,480.5
Food & Beverage Services,2019Aug,261,2019-08-01,False,False,275.0,-0.050909090909090904,False,-83.5,480.5
Food & Beverage Services,2019Sep,282,2019-09-01,False,False,261.0,0.08045977011494254,False,-83.5,480.5
Food & Beverage Services,2019Oct,253,2019-10-01,False,False,282.0,-0.1028368794326241,False,-83.5,480.5
Food & Beverage Services,2019Nov,241,2019-11-01,False,False,253.0,-0.04743083003952564,False,-83.5,480.5
Food & Beverage Services,2019Dec,181,2019-12-01,False,False,241.0,-0.24896265560165975,False,-83.5,480.5
Food & Beverage Services,2020Jan,196,2020-01-01,False,False,181.0,0.08287292817679548,False,-83.5,480.5
Food & Beverage Services,2020Feb,204,2020-02-01,False,False,196.0,0.04081632653061229,False,-83.5,480.5
Food & Beverage Services,2020Mar,216,2020-03-01,False,False,204.0,0.05882352941176472,False,-83.5,480.5
Food & Beverage Services,2020Apr,138,2020-04-01,False,False,216.0,-0.36111111111111116,False,-83.5,480.5
Food & Beverage Services,2020May,135,2020-05-01,False,False,138.0,-0.021739130434782594,False,-83.5,480.5
Food & Beverage Services,2020Jun,237,2020-06-01,False,False,135.0,0.7555555555555555,False,-83.5,480.5
Food & Beverage Services,2020Jul,315,2020-07-01,False,False,237.0,0.3291139240506329,False,-83.5,480.5
Food & Beverage Services,2020Aug,336,2020-08-01,False,False,315.0,0.06666666666666665,False,-83.5,480.5
Food & Beverage Services,2020Sep,366,2020-09-01,False,False,336.0,0.08928571428571419,False,-83.5,480.5
Food & Beverage Services,2020Oct,428,2020-10-01,False,False,366.0,0.1693989071038251,False,-83.5,480.5
Food & Beverage Services,2020Nov,359,2020-11-01,False,False,428.0,-0.16121495327102808,False,-83.5,480.5
Food & Beverage Services,2020Dec,355,2020-12-01,False,False,359.0,-0.011142061281337101,False,-83.5,480.5
Food & Beverage Services,2021Jan,424,2021-01-01,False,False,355.0,0.19436619718309855,False,-83.5,480.5
Food & Beverage Services,2021Feb,298,2021-02-01,False,False,424.0,-0.2971698113207547,False,-83.5,480.5
Food & Beverage Services,2021Mar,444,2021-03-01,False,False,298.0,0.48993288590604034,False,-83.5,480.5
Food & Beverage Services,2021Apr,400,2021-04-01,False,False,444.0,-0.09909909909909909,False,-83.5,480.5
Food & Beverage Services,2021May,296,2021-05-01,False,False,400.0,-0.26,False,-83.5,480.5
Food & Beverage Services,2021Jun,293,2021-06-01,False,False,296.0,-0.010135135135135087,False,-83.5,480.5
Food & Beverage Services,2021Jul,306,2021-07-01,False,False,293.0,0.04436860068259385,False,-83.5,480.5
Food & Beverage Services,2021Aug,288,2021-08-01,False,False,306.0,-0.05882352941176472,False,-83.5,480.5
Food & Beverage Services,2021Sep,334,2021-09-01,False,False,288.0,0.15972222222222232,False,-83.5,480.5
Food & Beverage Services,2021Oct,312,2021-10-01,False,False,334.0,-0.06586826347305386,False,-83.5,480.5
Food & Beverage Services,2021Nov,271,2021-11-01,False,False,312.0,-0.1314102564102564,False,-83.5,480.5
Food & Beverage Services,2021Dec,268,2021-12-01,False,False,271.0,-0.011070110701106972,False,-83.5,480.5
Food & Beverage Services,2022Jan,272,2022-01-01,False,False,268.0,0.014925373134328401,False,-83.5,480.5
Food & Beverage Services,2022Feb,234,2022-02-01,False,False,272.0,-0.13970588235294112,False,-83.5,480.5
Food & Beverage Services,2022Mar,310,2022-03-01,False,False,234.0,0.32478632478632474,False,-83.5,480.5
Food & Beverage Services,2022Apr,301,2022-04-01,False,False,310.0,-0.029032258064516148,False,-83.5,480.5
Food & Beverage Services,2022May,260,2022-05-01,False,False,301.0,-0.1362126245847176,False,-83.5,480.5
Food & Beverage Services,2022Jun,303,2022-06-01,False,False,260.0,0.16538461538461546,False,-83.5,480.5
Food & Beverage Services,2022Jul,302,2022-07-01,False,False,303.0,-0.0033003300330033403,False,-83.5,480.5
Food & Beverage Services,2022Aug,295,2022-08-01,False,False,302.0,-0.023178807947019875,False,-83.5,480.5
Food & Beverage Services,2022Sep,322,2022-09-01,False,False,295.0,0.09152542372881345,False,-83.5,480.5
Food & Beverage Services,2022Oct,289,2022-10-01,False,False,322.0,-0.10248447204968947,False,-83.5,480.5
Food & Beverage Services,2022Nov,233,2022-11-01,False,False,289.0,-0.19377162629757783,False,-83.5,480.5
Food & Beverage Services,2022Dec,214,2022-12-01,False,False,233.0,-0.08154506437768239,False,-83.5,480.5
Food & Beverage Services,2023Jan,221,2023-01-01,False,False,214.0,0.032710280373831724,False,-83.5,480.5
Food & Beverage Services,2023Feb,318,2023-02-01,False,False,221.0,0.43891402714932126,False,-83.5,480.5
Food & Beverage Services,2023Mar,354,2023-03-01,False,False,318.0,0.1132075471698113,False,-83.5,480.5
Food & Beverage Services,2023Apr,312,2023-04-01,False,False,354.0,-0.11864406779661019,False,-83.5,480.5
Food & Beverage Services,2023May,372,2023-05-01,False,False,312.0,0.1923076923076923,False,-83.5,480.5
Food & Beverage Services,2023Jun,313,2023-06-01,False,False,372.0,-0.15860215053763438,False,-83.5,480.5
Food & Beverage Services,2023Jul,323,2023-07-01,False,False,313.0,0.03194888178913735,False,-83.5,480.5
Food & Beverage Services,2023Aug,361,2023-08-01,False,False,323.0,0.11764705882352944,False,-83.5,480.5
Food & Beverage Services,2023Sep,283,2023-09-01,False,False,361.0,-0.21606648199445988,False,-83.5,480.5
Food & Beverage Services,2023Oct,322,2023-10-01,False,False,283.0,0.13780918727915203,False,-83.5,480.5
Food & Beverage Services,2023Nov,278,2023-11-01,False,False,322.0,-0.1366459627329193,False,-83.5,480.5
Food & Beverage Services,2023Dec,212,2023-12-01,False,False,278.0,-0.237410071942446,False,-83.5,480.5
Food & Beverage Services,2024Jan,334,2024-01-01,False,False,212.0,0.5754716981132075,False,-83.5,480.5
Food & Beverage Services,2024Feb,237,2024-02-01,False,False,334.0,-0.2904191616766467,False,-83.5,480.5
Food & Beverage Services,2024Mar,340,2024-03-01,False,False,237.0,0.4345991561181435,False,-83.5,480.5
Food & Beverage Services,2024Apr,332,2024-04-01,False,False,340.0,-0.02352941176470591,False,-83.5,480.5
Food & Beverage Services,2024May,331,2024-05-01,False,False,332.0,-0.003012048192771122,False,-83.5,480.5
Food & Beverage Services,2024Jun,310,2024-06-01,False,False,331.0,-0.06344410876132933,False,-83.5,480.5
Food & Beverage Services,2024Jul,373,2024-07-01,False,False,310.0,0.2032258064516128,False,-83.5,480.5
Food & Beverage Services,2024Aug,372,2024-08-01,False,False,373.0,-0.002680965147453085,False,-83.5,480.5
Food & Beverage Services,2024Sep,327,2024-09-01,False,False,372.0,-0.12096774193548387,False,-83.5,480.5
Food & Beverage Services,2024Oct,358,2024-10-01,False,False,327.0,0.09480122324159024,False,-83.5,480.5
Food & Beverage Services,2024Nov,269,2024-11-01,False,False,358.0,-0.24860335195530725,False,-83.5,480.5
Food & Beverage Services,2024Dec,212,2024-12-01,False,False,269.0,-0.21189591078066916,False,-83.5,480.5
Food & Beverage Services,2025Jan,303,2025-01-01,False,False,212.0,0.429245283018868,False,-83.5,480.5
Food & Beverage Services,2025Feb,313,2025-02-01,False,False,303.0,0.03300330033003296,False,-83.5,480.5
Food & Beverage Services,2025Mar,356,2025-03-01,False,False,313.0,0.13738019169329063,False,-83.5,480.5
Food & Beverage Services,2025Apr,370,2025-04-01,False,False,356.0,0.0393258426966292,False,-83.5,480.5
Food & Beverage Services,2025May,322,2025-05-01,False,False,370.0,-0.12972972972972974,False,-83.5,480.5
Food & Beverage Services,2025Jun,312,2025-06-01,False,False,322.0,-0.03105590062111796,False,-83.5,480.5
Food & Beverage Services,2025Jul,363,2025-07-01,False,False,312.0,0.16346153846153855,False,-83.5,480.5
Food & Beverage Services,2025Aug,402,2025-08-01,False,False,363.0,0.1074380165289257,False,-83.5,480.5
Food & Beverage Services,2025Sep,367,2025-09-01,False,False,402.0,-0.08706467661691542,False,-83.5,480.5
Food & Beverage Services,2025Oct,347,2025-10-01,False,False,367.0,-0.05449591280653954,False,-83.5,480.5
Food & Beverage Services,2025Nov,308,2025-11-01,False,False,347.0,-0.11239193083573484,False,-83.5,480.5
Food & Beverage Services,2025Dec,340,2025-12-01,False,False,308.0,0.10389610389610393,False,-83.5,480.5
Food & Beverage Services,2026Jan,373,2026-01-01,False,False,340.0,0.09705882352941186,False,-83.5,480.5
Food & Beverage Services,2026Feb,258,2026-02-01,False,False,373.0,-0.30831099195710454,False,-83.5,480.5
Food & Beverage Services,2026Mar,416,2026-03-01,False,False,258.0,0.6124031007751938,False,-83.5,480.5
Information & Communications,1990Jan,24,1990-01-01,False,False,,,False,-401.25,1044.75
Information & Communications,1990Feb,49,1990-02-01,False,False,24.0,1.0416666666666665,False,-401.25,1044.75
Information & Communications,1990Mar,61,1990-03-01,False,False,49.0,0.24489795918367352,False,-401.25,1044.75
Information & Communications,1990Apr,39,1990-04-01,False,False,61.0,-0.360655737704918,False,-401.25,1044.75
Information & Communications,1990May,47,1990-05-01,False,False,39.0,0.20512820512820507,False,-401.25,1044.75
Information & Communications,1990Jun,37,1990-06-01,False,False,47.0,-0.21276595744680848,False,-401.25,1044.75
Information & Communications,1990Jul,54,1990-07-01,False,False,37.0,0.45945945945945943,False,-401.25,1044.75
Information & Communications,1990Aug,49,1990-08-01,False,False,54.0,-0.09259259259259256,False,-401.25,1044.75
Information & Communications,1990Sep,55,1990-09-01,False,False,49.0,0.12244897959183665,False,-401.25,1044.75
Information & Communications,1990Oct,50,1990-10-01,False,False,55.0,-0.09090909090909094,False,-401.25,1044.75
Information & Communications,1990Nov,42,1990-11-01,False,False,50.0,-0.16000000000000003,False,-401.25,1044.75
Information & Communications,1990Dec,35,1990-12-01,False,False,42.0,-0.16666666666666663,False,-401.25,1044.75
Information & Communications,1991Jan,52,1991-01-01,False,False,35.0,0.48571428571428577,False,-401.25,1044.75
Information & Communications,1991Feb,33,1991-02-01,False,False,52.0,-0.3653846153846154,False,-401.25,1044.75
Information & Communications,1991Mar,64,1991-03-01,False,False,33.0,0.9393939393939394,False,-401.25,1044.75
Information & Communications,1991Apr,56,1991-04-01,False,False,64.0,-0.125,False,-401.25,1044.75
Information & Communications,1991May,54,1991-05-01,False,False,56.0,-0.0357142857142857,False,-401.25,1044.75
Information & Communications,1991Jun,51,1991-06-01,False,False,54.0,-0.05555555555555558,False,-401.25,1044.75
Information & Communications,1991Jul,65,1991-07-01,False,False,51.0,0.27450980392156854,False,-401.25,1044.75
Information & Communications,1991Aug,62,1991-08-01,False,False,65.0,-0.0461538461538461,False,-401.25,1044.75
Information & Communications,1991Sep,50,1991-09-01,False,False,62.0,-0.19354838709677424,False,-401.25,1044.75
Information & Communications,1991Oct,63,1991-10-01,False,False,50.0,0.26,False,-401.25,1044.75
Information & Communications,1991Nov,46,1991-11-01,False,False,63.0,-0.2698412698412699,False,-401.25,1044.75
Information & Communications,1991Dec,47,1991-12-01,False,False,46.0,0.021739130434782705,False,-401.25,1044.75
Information & Communications,1992Jan,54,1992-01-01,False,False,47.0,0.14893617021276606,False,-401.25,1044.75
Information & Communications,1992Feb,47,1992-02-01,False,False,54.0,-0.12962962962962965,False,-401.25,1044.75
Information & Communications,1992Mar,67,1992-03-01,False,False,47.0,0.42553191489361697,False,-401.25,1044.75
Information & Communications,1992Apr,41,1992-04-01,False,False,67.0,-0.3880597014925373,False,-401.25,1044.75
Information & Communications,1992May,52,1992-05-01,False,False,41.0,0.2682926829268293,False,-401.25,1044.75
Information & Communications,1992Jun,64,1992-06-01,False,False,52.0,0.23076923076923084,False,-401.25,1044.75
Information & Communications,1992Jul,70,1992-07-01,False,False,64.0,0.09375,False,-401.25,1044.75
Information & Communications,1992Aug,70,1992-08-01,False,False,70.0,0.0,False,-401.25,1044.75
Information & Communications,1992Sep,62,1992-09-01,False,False,70.0,-0.11428571428571432,False,-401.25,1044.75
Information & Communications,1992Oct,59,1992-10-01,False,False,62.0,-0.048387096774193505,False,-401.25,1044.75
Information & Communications,1992Nov,58,1992-11-01,False,False,59.0,-0.016949152542372836,False,-401.25,1044.75
Information & Communications,1992Dec,61,1992-12-01,False,False,58.0,0.051724137931034475,False,-401.25,1044.75
Information & Communications,1993Jan,59,1993-01-01,False,False,61.0,-0.032786885245901676,False,-401.25,1044.75
Information & Communications,1993Feb,56,1993-02-01,False,False,59.0,-0.05084745762711862,False,-401.25,1044.75
Information & Communications,1993Mar,88,1993-03-01,False,False,56.0,0.5714285714285714,False,-401.25,1044.75
Information & Communications,1993Apr,72,1993-04-01,False,False,88.0,-0.18181818181818177,False,-401.25,1044.75
Information & Communications,1993May,83,1993-05-01,False,False,72.0,0.15277777777777768,False,-401.25,1044.75
Information & Communications,1993Jun,71,1993-06-01,False,False,83.0,-0.14457831325301207,False,-401.25,1044.75
Information & Communications,1993Jul,91,1993-07-01,False,False,71.0,0.2816901408450705,False,-401.25,1044.75
Information & Communications,1993Aug,54,1993-08-01,False,False,91.0,-0.4065934065934066,False,-401.25,1044.75
Information & Communications,1993Sep,59,1993-09-01,False,False,54.0,0.09259259259259256,False,-401.25,1044.75
Information & Communications,1993Oct,81,1993-10-01,False,False,59.0,0.3728813559322033,False,-401.25,1044.75
Information & Communications,1993Nov,59,1993-11-01,False,False,81.0,-0.2716049382716049,False,-401.25,1044.75
Information & Communications,1993Dec,72,1993-12-01,False,False,59.0,0.22033898305084754,False,-401.25,1044.75
Information & Communications,1994Jan,64,1994-01-01,False,False,72.0,-0.11111111111111116,False,-401.25,1044.75
Information & Communications,1994Feb,67,1994-02-01,False,False,64.0,0.046875,False,-401.25,1044.75
Information & Communications,1994Mar,73,1994-03-01,False,False,67.0,0.08955223880597019,False,-401.25,1044.75
Information & Communications,1994Apr,82,1994-04-01,False,False,73.0,0.12328767123287676,False,-401.25,1044.75
Information & Communications,1994May,74,1994-05-01,False,False,82.0,-0.09756097560975607,False,-401.25,1044.75
Information & Communications,1994Jun,78,1994-06-01,False,False,74.0,0.054054054054053946,False,-401.25,1044.75
Information & Communications,1994Jul,58,1994-07-01,False,False,78.0,-0.2564102564102564,False,-401.25,1044.75
Information & Communications,1994Aug,88,1994-08-01,False,False,58.0,0.5172413793103448,False,-401.25,1044.75
Information & Communications,1994Sep,67,1994-09-01,False,False,88.0,-0.23863636363636365,False,-401.25,1044.75
Information & Communications,1994Oct,84,1994-10-01,False,False,67.0,0.25373134328358216,False,-401.25,1044.75
Information & Communications,1994Nov,74,1994-11-01,False,False,84.0,-0.11904761904761907,False,-401.25,1044.75
Information & Communications,1994Dec,83,1994-12-01,False,False,74.0,0.12162162162162171,False,-401.25,1044.75
Information & Communications,1995Jan,83,1995-01-01,False,False,83.0,0.0,False,-401.25,1044.75
Information & Communications,1995Feb,93,1995-02-01,False,False,83.0,0.12048192771084332,False,-401.25,1044.75
Information & Communications,1995Mar,82,1995-03-01,False,False,93.0,-0.11827956989247312,False,-401.25,1044.75
Information & Communications,1995Apr,74,1995-04-01,False,False,82.0,-0.09756097560975607,False,-401.25,1044.75
Information & Communications,1995May,76,1995-05-01,False,False,74.0,0.027027027027026973,False,-401.25,1044.75
Information & Communications,1995Jun,93,1995-06-01,False,False,76.0,0.2236842105263157,False,-401.25,1044.75
Information & Communications,1995Jul,87,1995-07-01,False,False,93.0,-0.06451612903225812,False,-401.25,1044.75
Information & Communications,1995Aug,92,1995-08-01,False,False,87.0,0.05747126436781613,False,-401.25,1044.75
Information & Communications,1995Sep,75,1995-09-01,False,False,92.0,-0.18478260869565222,False,-401.25,1044.75
Information & Communications,1995Oct,98,1995-10-01,False,False,75.0,0.30666666666666664,False,-401.25,1044.75
Information & Communications,1995Nov,89,1995-11-01,False,False,98.0,-0.09183673469387754,False,-401.25,1044.75
Information & Communications,1995Dec,88,1995-12-01,False,False,89.0,-0.011235955056179803,False,-401.25,1044.75
Information & Communications,1996Jan,94,1996-01-01,False,False,88.0,0.06818181818181812,False,-401.25,1044.75
Information & Communications,1996Feb,83,1996-02-01,False,False,94.0,-0.11702127659574468,False,-401.25,1044.75
Information & Communications,1996Mar,105,1996-03-01,False,False,83.0,0.2650602409638554,False,-401.25,1044.75
Information & Communications,1996Apr,82,1996-04-01,False,False,105.0,-0.21904761904761905,False,-401.25,1044.75
Information & Communications,1996May,110,1996-05-01,False,False,82.0,0.3414634146341464,False,-401.25,1044.75
Information & Communications,1996Jun,108,1996-06-01,False,False,110.0,-0.018181818181818188,False,-401.25,1044.75
Information & Communications,1996Jul,120,1996-07-01,False,False,108.0,0.11111111111111116,False,-401.25,1044.75
Information & Communications,1996Aug,106,1996-08-01,False,False,120.0,-0.1166666666666667,False,-401.25,1044.75
Information & Communications,1996Sep,124,1996-09-01,False,False,106.0,0.16981132075471694,False,-401.25,1044.75
Information & Communications,1996Oct,124,1996-10-01,False,False,124.0,0.0,False,-401.25,1044.75
Information & Communications,1996Nov,121,1996-11-01,False,False,124.0,-0.024193548387096753,False,-401.25,1044.75
Information & Communications,1996Dec,128,1996-12-01,False,False,121.0,0.05785123966942152,False,-401.25,1044.75
Information & Communications,1997Jan,138,1997-01-01,False,False,128.0,0.078125,False,-401.25,1044.75
Information & Communications,1997Feb,107,1997-02-01,False,False,138.0,-0.2246376811594203,False,-401.25,1044.75
Information & Communications,1997Mar,137,1997-03-01,False,False,107.0,0.28037383177570097,False,-401.25,1044.75
Information & Communications,1997Apr,131,1997-04-01,False,False,137.0,-0.04379562043795615,False,-401.25,1044.75
Information & Communications,1997May,110,1997-05-01,False,False,131.0,-0.16030534351145043,False,-401.25,1044.75
Information & Communications,1997Jun,117,1997-06-01,False,False,110.0,0.06363636363636371,False,-401.25,1044.75
Information & Communications,1997Jul,138,1997-07-01,False,False,117.0,0.17948717948717952,False,-401.25,1044.75
Information & Communications,1997Aug,119,1997-08-01,False,False,138.0,-0.1376811594202898,False,-401.25,1044.75
Information & Communications,1997Sep,140,1997-09-01,False,False,119.0,0.17647058823529416,False,-401.25,1044.75
Information & Communications,1997Oct,118,1997-10-01,False,False,140.0,-0.15714285714285714,False,-401.25,1044.75
Information & Communications,1997Nov,98,1997-11-01,False,False,118.0,-0.1694915254237288,False,-401.25,1044.75
Information & Communications,1997Dec,114,1997-12-01,False,False,98.0,0.16326530612244894,False,-401.25,1044.75
Information & Communications,1998Jan,94,1998-01-01,False,False,114.0,-0.17543859649122806,False,-401.25,1044.75
Information & Communications,1998Feb,108,1998-02-01,False,False,94.0,0.14893617021276606,False,-401.25,1044.75
Information & Communications,1998Mar,129,1998-03-01,False,False,108.0,0.19444444444444442,False,-401.25,1044.75
Information & Communications,1998Apr,124,1998-04-01,False,False,129.0,-0.03875968992248058,False,-401.25,1044.75
Information & Communications,1998May,130,1998-05-01,False,False,124.0,0.048387096774193505,False,-401.25,1044.75
Information & Communications,1998Jun,134,1998-06-01,False,False,130.0,0.03076923076923066,False,-401.25,1044.75
Information & Communications,1998Jul,127,1998-07-01,False,False,134.0,-0.052238805970149294,False,-401.25,1044.75
Information & Communications,1998Aug,117,1998-08-01,False,False,127.0,-0.07874015748031493,False,-401.25,1044.75
Information & Communications,1998Sep,120,1998-09-01,False,False,117.0,0.02564102564102555,False,-401.25,1044.75
Information & Communications,1998Oct,155,1998-10-01,False,False,120.0,0.29166666666666674,False,-401.25,1044.75
Information & Communications,1998Nov,114,1998-11-01,False,False,155.0,-0.2645161290322581,False,-401.25,1044.75
Information & Communications,1998Dec,129,1998-12-01,False,False,114.0,0.13157894736842102,False,-401.25,1044.75
Information & Communications,1999Jan,151,1999-01-01,False,False,129.0,0.1705426356589148,False,-401.25,1044.75
Information & Communications,1999Feb,124,1999-02-01,False,False,151.0,-0.17880794701986757,False,-401.25,1044.75
Information & Communications,1999Mar,180,1999-03-01,False,False,124.0,0.4516129032258065,False,-401.25,1044.75
Information & Communications,1999Apr,184,1999-04-01,False,False,180.0,0.022222222222222143,False,-401.25,1044.75
Information & Communications,1999May,219,1999-05-01,False,False,184.0,0.1902173913043479,False,-401.25,1044.75
Information & Communications,1999Jun,209,1999-06-01,False,False,219.0,-0.045662100456621,False,-401.25,1044.75
Information & Communications,1999Jul,260,1999-07-01,False,False,209.0,0.2440191387559809,False,-401.25,1044.75
Information & Communications,1999Aug,195,1999-08-01,False,False,260.0,-0.25,False,-401.25,1044.75
Information & Communications,1999Sep,252,1999-09-01,False,False,195.0,0.2923076923076924,False,-401.25,1044.75
Information & Communications,1999Oct,277,1999-10-01,False,False,252.0,0.0992063492063493,False,-401.25,1044.75
Information & Communications,1999Nov,258,1999-11-01,False,False,277.0,-0.06859205776173283,False,-401.25,1044.75
Information & Communications,1999Dec,303,1999-12-01,False,False,258.0,0.17441860465116288,False,-401.25,1044.75
Information & Communications,2000Jan,304,2000-01-01,False,False,303.0,0.0033003300330032292,False,-401.25,1044.75
Information & Communications,2000Feb,358,2000-02-01,False,False,304.0,0.17763157894736836,False,-401.25,1044.75
Information & Communications,2000Mar,506,2000-03-01,False,False,358.0,0.4134078212290502,False,-401.25,1044.75
Information & Communications,2000Apr,419,2000-04-01,False,False,506.0,-0.17193675889328064,False,-401.25,1044.75
Information & Communications,2000May,379,2000-05-01,False,False,419.0,-0.09546539379474939,False,-401.25,1044.75
Information & Communications,2000Jun,348,2000-06-01,False,False,379.0,-0.08179419525065967,False,-401.25,1044.75
Information & Communications,2000Jul,345,2000-07-01,False,False,348.0,-0.008620689655172376,False,-401.25,1044.75
Information & Communications,2000Aug,286,2000-08-01,False,False,345.0,-0.17101449275362324,False,-401.25,1044.75
Information & Communications,2000Sep,260,2000-09-01,False,False,286.0,-0.09090909090909094,False,-401.25,1044.75
Information & Communications,2000Oct,239,2000-10-01,False,False,260.0,-0.08076923076923082,False,-401.25,1044.75
Information & Communications,2000Nov,231,2000-11-01,False,False,239.0,-0.03347280334728031,False,-401.25,1044.75
Information & Communications,2000Dec,209,2000-12-01,False,False,231.0,-0.09523809523809523,False,-401.25,1044.75
Information & Communications,2001Jan,184,2001-01-01,False,False,209.0,-0.11961722488038273,False,-401.25,1044.75
Information & Communications,2001Feb,219,2001-02-01,False,False,184.0,0.1902173913043479,False,-401.25,1044.75
Information & Communications,2001Mar,210,2001-03-01,False,False,219.0,-0.04109589041095896,False,-401.25,1044.75
Information & Communications,2001Apr,180,2001-04-01,False,False,210.0,-0.1428571428571429,False,-401.25,1044.75
Information & Communications,2001May,177,2001-05-01,False,False,180.0,-0.01666666666666672,False,-401.25,1044.75
Information & Communications,2001Jun,175,2001-06-01,False,False,177.0,-0.011299435028248594,False,-401.25,1044.75
Information & Communications,2001Jul,189,2001-07-01,False,False,175.0,0.08000000000000007,False,-401.25,1044.75
Information & Communications,2001Aug,199,2001-08-01,False,False,189.0,0.05291005291005302,False,-401.25,1044.75
Information & Communications,2001Sep,178,2001-09-01,False,False,199.0,-0.10552763819095479,False,-401.25,1044.75
Information & Communications,2001Oct,218,2001-10-01,False,False,178.0,0.2247191011235956,False,-401.25,1044.75
Information & Communications,2001Nov,157,2001-11-01,False,False,218.0,-0.2798165137614679,False,-401.25,1044.75
Information & Communications,2001Dec,164,2001-12-01,False,False,157.0,0.04458598726114649,False,-401.25,1044.75
Information & Communications,2002Jan,213,2002-01-01,False,False,164.0,0.2987804878048781,False,-401.25,1044.75
Information & Communications,2002Feb,200,2002-02-01,False,False,213.0,-0.06103286384976525,False,-401.25,1044.75
Information & Communications,2002Mar,228,2002-03-01,False,False,200.0,0.1399999999999999,False,-401.25,1044.75
Information & Communications,2002Apr,221,2002-04-01,False,False,228.0,-0.030701754385964897,False,-401.25,1044.75
Information & Communications,2002May,212,2002-05-01,False,False,221.0,-0.040723981900452455,False,-401.25,1044.75
Information & Communications,2002Jun,204,2002-06-01,False,False,212.0,-0.037735849056603765,False,-401.25,1044.75
Information & Communications,2002Jul,220,2002-07-01,False,False,204.0,0.07843137254901955,False,-401.25,1044.75
Information & Communications,2002Aug,218,2002-08-01,False,False,220.0,-0.009090909090909038,False,-401.25,1044.75
Information & Communications,2002Sep,207,2002-09-01,False,False,218.0,-0.050458715596330306,False,-401.25,1044.75
Information & Communications,2002Oct,237,2002-10-01,False,False,207.0,0.14492753623188404,False,-401.25,1044.75
Information & Communications,2002Nov,179,2002-11-01,False,False,237.0,-0.24472573839662448,False,-401.25,1044.75
Information & Communications,2002Dec,144,2002-12-01,False,False,179.0,-0.1955307262569832,False,-401.25,1044.75
Information & Communications,2003Jan,166,2003-01-01,False,False,144.0,0.15277777777777768,False,-401.25,1044.75
Information & Communications,2003Feb,179,2003-02-01,False,False,166.0,0.07831325301204828,False,-401.25,1044.75
Information & Communications,2003Mar,231,2003-03-01,False,False,179.0,0.2905027932960893,False,-401.25,1044.75
Information & Communications,2003Apr,190,2003-04-01,False,False,231.0,-0.17748917748917747,False,-401.25,1044.75
Information & Communications,2003May,198,2003-05-01,False,False,190.0,0.042105263157894646,False,-401.25,1044.75
Information & Communications,2003Jun,229,2003-06-01,False,False,198.0,0.15656565656565657,False,-401.25,1044.75
Information & Communications,2003Jul,256,2003-07-01,False,False,229.0,0.11790393013100431,False,-401.25,1044.75
Information & Communications,2003Aug,240,2003-08-01,False,False,256.0,-0.0625,False,-401.25,1044.75
Information & Communications,2003Sep,247,2003-09-01,False,False,240.0,0.029166666666666563,False,-401.25,1044.75
Information & Communications,2003Oct,232,2003-10-01,False,False,247.0,-0.06072874493927127,False,-401.25,1044.75
Information & Communications,2003Nov,180,2003-11-01,False,False,232.0,-0.22413793103448276,False,-401.25,1044.75
Information & Communications,2003Dec,185,2003-12-01,False,False,180.0,0.02777777777777768,False,-401.25,1044.75
Information & Communications,2004Jan,195,2004-01-01,False,False,185.0,0.054054054054053946,False,-401.25,1044.75
Information & Communications,2004Feb,206,2004-02-01,False,False,195.0,0.05641025641025643,False,-401.25,1044.75
Information & Communications,2004Mar,236,2004-03-01,False,False,206.0,0.14563106796116498,False,-401.25,1044.75
Information & Communications,2004Apr,193,2004-04-01,False,False,236.0,-0.18220338983050843,False,-401.25,1044.75
Information & Communications,2004May,218,2004-05-01,False,False,193.0,0.1295336787564767,False,-401.25,1044.75
Information & Communications,2004Jun,196,2004-06-01,False,False,218.0,-0.1009174311926605,False,-401.25,1044.75
Information & Communications,2004Jul,234,2004-07-01,False,False,196.0,0.19387755102040827,False,-401.25,1044.75
Information & Communications,2004Aug,193,2004-08-01,False,False,234.0,-0.17521367521367526,False,-401.25,1044.75
Information & Communications,2004Sep,177,2004-09-01,False,False,193.0,-0.08290155440414504,False,-401.25,1044.75
Information & Communications,2004Oct,229,2004-10-01,False,False,177.0,0.29378531073446323,False,-401.25,1044.75
Information & Communications,2004Nov,138,2004-11-01,False,False,229.0,-0.3973799126637555,False,-401.25,1044.75
Information & Communications,2004Dec,184,2004-12-01,False,False,138.0,0.33333333333333326,False,-401.25,1044.75
Information & Communications,2005Jan,194,2005-01-01,False,False,184.0,0.05434782608695654,False,-401.25,1044.75
Information & Communications,2005Feb,142,2005-02-01,False,False,194.0,-0.2680412371134021,False,-401.25,1044.75
Information & Communications,2005Mar,196,2005-03-01,False,False,142.0,0.380281690140845,False,-401.25,1044.75
Information & Communications,2005Apr,205,2005-04-01,False,False,196.0,0.04591836734693877,False,-401.25,1044.75
Information & Communications,2005May,217,2005-05-01,False,False,205.0,0.05853658536585371,False,-401.25,1044.75
Information & Communications,2005Jun,225,2005-06-01,False,False,217.0,0.03686635944700467,False,-401.25,1044.75
Information & Communications,2005Jul,234,2005-07-01,False,False,225.0,0.040000000000000036,False,-401.25,1044.75
Information & Communications,2005Aug,241,2005-08-01,False,False,234.0,0.029914529914529808,False,-401.25,1044.75
Information & Communications,2005Sep,236,2005-09-01,False,False,241.0,-0.020746887966805017,False,-401.25,1044.75
Information & Communications,2005Oct,221,2005-10-01,False,False,236.0,-0.06355932203389836,False,-401.25,1044.75
Information & Communications,2005Nov,228,2005-11-01,False,False,221.0,0.03167420814479649,False,-401.25,1044.75
Information & Communications,2005Dec,222,2005-12-01,False,False,228.0,-0.02631578947368418,False,-401.25,1044.75
Information & Communications,2006Jan,198,2006-01-01,False,False,222.0,-0.10810810810810811,False,-401.25,1044.75
Information & Communications,2006Feb,217,2006-02-01,False,False,198.0,0.09595959595959602,False,-401.25,1044.75
Information & Communications,2006Mar,280,2006-03-01,False,False,217.0,0.29032258064516125,False,-401.25,1044.75
Information & Communications,2006Apr,218,2006-04-01,False,False,280.0,-0.22142857142857142,False,-401.25,1044.75
Information & Communications,2006May,266,2006-05-01,False,False,218.0,0.22018348623853212,False,-401.25,1044.75
Information & Communications,2006Jun,254,2006-06-01,False,False,266.0,-0.045112781954887216,False,-401.25,1044.75
Information & Communications,2006Jul,241,2006-07-01,False,False,254.0,-0.051181102362204745,False,-401.25,1044.75
Information & Communications,2006Aug,257,2006-08-01,False,False,241.0,0.06639004149377592,False,-401.25,1044.75
Information & Communications,2006Sep,275,2006-09-01,False,False,257.0,0.07003891050583655,False,-401.25,1044.75
Information & Communications,2006Oct,258,2006-10-01,False,False,275.0,-0.06181818181818177,False,-401.25,1044.75
Information & Communications,2006Nov,240,2006-11-01,False,False,258.0,-0.06976744186046513,False,-401.25,1044.75
Information & Communications,2006Dec,196,2006-12-01,False,False,240.0,-0.18333333333333335,False,-401.25,1044.75
Information & Communications,2007Jan,266,2007-01-01,False,False,196.0,0.3571428571428572,False,-401.25,1044.75
Information & Communications,2007Feb,204,2007-02-01,False,False,266.0,-0.23308270676691734,False,-401.25,1044.75
Information & Communications,2007Mar,255,2007-03-01,False,False,204.0,0.25,False,-401.25,1044.75
Information & Communications,2007Apr,253,2007-04-01,False,False,255.0,-0.007843137254901933,False,-401.25,1044.75
Information & Communications,2007May,246,2007-05-01,False,False,253.0,-0.02766798418972327,False,-401.25,1044.75
Information & Communications,2007Jun,237,2007-06-01,False,False,246.0,-0.03658536585365857,False,-401.25,1044.75
Information & Communications,2007Jul,260,2007-07-01,False,False,237.0,0.09704641350210963,False,-401.25,1044.75
Information & Communications,2007Aug,250,2007-08-01,False,False,260.0,-0.038461538461538436,False,-401.25,1044.75
Information & Communications,2007Sep,198,2007-09-01,False,False,250.0,-0.20799999999999996,False,-401.25,1044.75
Information & Communications,2007Oct,277,2007-10-01,False,False,198.0,0.398989898989899,False,-401.25,1044.75
Information & Communications,2007Nov,213,2007-11-01,False,False,277.0,-0.2310469314079422,False,-401.25,1044.75
Information & Communications,2007Dec,195,2007-12-01,False,False,213.0,-0.08450704225352113,False,-401.25,1044.75
Information & Communications,2008Jan,287,2008-01-01,False,False,195.0,0.4717948717948719,False,-401.25,1044.75
Information & Communications,2008Feb,199,2008-02-01,False,False,287.0,-0.3066202090592335,False,-401.25,1044.75
Information & Communications,2008Mar,223,2008-03-01,False,False,199.0,0.12060301507537696,False,-401.25,1044.75
Information & Communications,2008Apr,252,2008-04-01,False,False,223.0,0.13004484304932729,False,-401.25,1044.75
Information & Communications,2008May,265,2008-05-01,False,False,252.0,0.051587301587301626,False,-401.25,1044.75
Information & Communications,2008Jun,224,2008-06-01,False,False,265.0,-0.15471698113207544,False,-401.25,1044.75
Information & Communications,2008Jul,284,2008-07-01,False,False,224.0,0.2678571428571428,False,-401.25,1044.75
Information & Communications,2008Aug,270,2008-08-01,False,False,284.0,-0.04929577464788737,False,-401.25,1044.75
Information & Communications,2008Sep,236,2008-09-01,False,False,270.0,-0.12592592592592589,False,-401.25,1044.75
Information & Communications,2008Oct,259,2008-10-01,False,False,236.0,0.09745762711864403,False,-401.25,1044.75
Information & Communications,2008Nov,219,2008-11-01,False,False,259.0,-0.15444015444015446,False,-401.25,1044.75
Information & Communications,2008Dec,160,2008-12-01,False,False,219.0,-0.26940639269406397,False,-401.25,1044.75
Information & Communications,2009Jan,253,2009-01-01,False,False,160.0,0.58125,False,-401.25,1044.75
Information & Communications,2009Feb,263,2009-02-01,False,False,253.0,0.03952569169960474,False,-401.25,1044.75
Information & Communications,2009Mar,315,2009-03-01,False,False,263.0,0.19771863117870714,False,-401.25,1044.75
Information & Communications,2009Apr,237,2009-04-01,False,False,315.0,-0.24761904761904763,False,-401.25,1044.75
Information & Communications,2009May,262,2009-05-01,False,False,237.0,0.10548523206751059,False,-401.25,1044.75
Information & Communications,2009Jun,303,2009-06-01,False,False,262.0,0.1564885496183206,False,-401.25,1044.75
Information & Communications,2009Jul,297,2009-07-01,False,False,303.0,-0.01980198019801982,False,-401.25,1044.75
Information & Communications,2009Aug,252,2009-08-01,False,False,297.0,-0.1515151515151515,False,-401.25,1044.75
Information & Communications,2009Sep,263,2009-09-01,False,False,252.0,0.04365079365079372,False,-401.25,1044.75
Information & Communications,2009Oct,294,2009-10-01,False,False,263.0,0.11787072243346008,False,-401.25,1044.75
Information & Communications,2009Nov,208,2009-11-01,False,False,294.0,-0.2925170068027211,False,-401.25,1044.75
Information & Communications,2009Dec,223,2009-12-01,False,False,208.0,0.07211538461538458,False,-401.25,1044.75
Information & Communications,2010Jan,268,2010-01-01,False,False,223.0,0.2017937219730941,False,-401.25,1044.75
Information & Communications,2010Feb,267,2010-02-01,False,False,268.0,-0.003731343283582045,False,-401.25,1044.75
Information & Communications,2010Mar,314,2010-03-01,False,False,267.0,0.17602996254681647,False,-401.25,1044.75
Information & Communications,2010Apr,319,2010-04-01,False,False,314.0,0.015923566878981,False,-401.25,1044.75
Information & Communications,2010May,312,2010-05-01,False,False,319.0,-0.021943573667711602,False,-401.25,1044.75
Information & Communications,2010Jun,302,2010-06-01,False,False,312.0,-0.03205128205128205,False,-401.25,1044.75
Information & Communications,2010Jul,293,2010-07-01,False,False,302.0,-0.0298013245033113,False,-401.25,1044.75
Information & Communications,2010Aug,296,2010-08-01,False,False,293.0,0.010238907849829282,False,-401.25,1044.75
Information & Communications,2010Sep,297,2010-09-01,False,False,296.0,0.0033783783783782884,False,-401.25,1044.75
Information & Communications,2010Oct,288,2010-10-01,False,False,297.0,-0.030303030303030276,False,-401.25,1044.75
Information & Communications,2010Nov,273,2010-11-01,False,False,288.0,-0.05208333333333337,False,-401.25,1044.75
Information & Communications,2010Dec,321,2010-12-01,False,False,273.0,0.17582417582417587,False,-401.25,1044.75
Information & Communications,2011Jan,344,2011-01-01,False,False,321.0,0.07165109034267902,False,-401.25,1044.75
Information & Communications,2011Feb,283,2011-02-01,False,False,344.0,-0.17732558139534882,False,-401.25,1044.75
Information & Communications,2011Mar,356,2011-03-01,False,False,283.0,0.25795053003533575,False,-401.25,1044.75
Information & Communications,2011Apr,309,2011-04-01,False,False,356.0,-0.1320224719101124,False,-401.25,1044.75
Information & Communications,2011May,306,2011-05-01,False,False,309.0,-0.009708737864077666,False,-401.25,1044.75
Information & Communications,2011Jun,333,2011-06-01,False,False,306.0,0.08823529411764697,False,-401.25,1044.75
Information & Communications,2011Jul,342,2011-07-01,False,False,333.0,0.027027027027026973,False,-401.25,1044.75
Information & Communications,2011Aug,353,2011-08-01,False,False,342.0,0.032163742690058506,False,-401.25,1044.75
Information & Communications,2011Sep,318,2011-09-01,False,False,353.0,-0.09915014164305946,False,-401.25,1044.75
Information & Communications,2011Oct,293,2011-10-01,False,False,318.0,-0.07861635220125784,False,-401.25,1044.75
Information & Communications,2011Nov,313,2011-11-01,False,False,293.0,0.06825938566552892,False,-401.25,1044.75
Information & Communications,2011Dec,326,2011-12-01,False,False,313.0,0.04153354632587858,False,-401.25,1044.75
Information & Communications,2012Jan,294,2012-01-01,False,False,326.0,-0.09815950920245398,False,-401.25,1044.75
Information & Communications,2012Feb,356,2012-02-01,False,False,294.0,0.2108843537414966,False,-401.25,1044.75
Information & Communications,2012Mar,360,2012-03-01,False,False,356.0,0.011235955056179803,False,-401.25,1044.75
Information & Communications,2012Apr,356,2012-04-01,False,False,360.0,-0.011111111111111072,False,-401.25,1044.75
Information & Communications,2012May,365,2012-05-01,False,False,356.0,0.02528089887640439,False,-401.25,1044.75
Information & Communications,2012Jun,337,2012-06-01,False,False,365.0,-0.0767123287671233,False,-401.25,1044.75
Information & Communications,2012Jul,361,2012-07-01,False,False,337.0,0.07121661721068251,False,-401.25,1044.75
Information & Communications,2012Aug,400,2012-08-01,False,False,361.0,0.10803324099723,False,-401.25,1044.75
Information & Communications,2012Sep,328,2012-09-01,False,False,400.0,-0.18000000000000005,False,-401.25,1044.75
Information & Communications,2012Oct,344,2012-10-01,False,False,328.0,0.04878048780487809,False,-401.25,1044.75
Information & Communications,2012Nov,335,2012-11-01,False,False,344.0,-0.026162790697674465,False,-401.25,1044.75
Information & Communications,2012Dec,309,2012-12-01,False,False,335.0,-0.07761194029850749,False,-401.25,1044.75
Information & Communications,2013Jan,369,2013-01-01,False,False,309.0,0.1941747572815533,False,-401.25,1044.75
Information & Communications,2013Feb,308,2013-02-01,False,False,369.0,-0.16531165311653118,False,-401.25,1044.75
Information & Communications,2013Mar,439,2013-03-01,False,False,308.0,0.4253246753246753,False,-401.25,1044.75
Information & Communications,2013Apr,438,2013-04-01,False,False,439.0,-0.002277904328018221,False,-401.25,1044.75
Information & Communications,2013May,441,2013-05-01,False,False,438.0,0.006849315068493178,False,-401.25,1044.75
Information & Communications,2013Jun,409,2013-06-01,False,False,441.0,-0.07256235827664403,False,-401.25,1044.75
Information & Communications,2013Jul,479,2013-07-01,False,False,409.0,0.17114914425427874,False,-401.25,1044.75
Information & Communications,2013Aug,459,2013-08-01,False,False,479.0,-0.04175365344467641,False,-401.25,1044.75
Information & Communications,2013Sep,459,2013-09-01,False,False,459.0,0.0,False,-401.25,1044.75
Information & Communications,2013Oct,422,2013-10-01,False,False,459.0,-0.08061002178649235,False,-401.25,1044.75
Information & Communications,2013Nov,398,2013-11-01,False,False,422.0,-0.056872037914691975,False,-401.25,1044.75
Information & Communications,2013Dec,407,2013-12-01,False,False,398.0,0.022613065326633208,False,-401.25,1044.75
Information & Communications,2014Jan,445,2014-01-01,False,False,407.0,0.09336609336609336,False,-401.25,1044.75
Information & Communications,2014Feb,426,2014-02-01,False,False,445.0,-0.04269662921348316,False,-401.25,1044.75
Information & Communications,2014Mar,559,2014-03-01,False,False,426.0,0.312206572769953,False,-401.25,1044.75
Information & Communications,2014Apr,526,2014-04-01,False,False,559.0,-0.05903398926654746,False,-401.25,1044.75
Information & Communications,2014May,577,2014-05-01,False,False,526.0,0.09695817490494307,False,-401.25,1044.75
Information & Communications,2014Jun,691,2014-06-01,False,False,577.0,0.197573656845754,False,-401.25,1044.75
Information & Communications,2014Jul,620,2014-07-01,False,False,691.0,-0.10274963820549932,False,-401.25,1044.75
Information & Communications,2014Aug,657,2014-08-01,False,False,620.0,0.05967741935483861,False,-401.25,1044.75
Information & Communications,2014Sep,731,2014-09-01,False,False,657.0,0.11263318112633192,False,-401.25,1044.75
Information & Communications,2014Oct,720,2014-10-01,False,False,731.0,-0.015047879616963078,False,-401.25,1044.75
Information & Communications,2014Nov,631,2014-11-01,False,False,720.0,-0.12361111111111112,False,-401.25,1044.75
Information & Communications,2014Dec,567,2014-12-01,False,False,631.0,-0.10142630744849446,False,-401.25,1044.75
Information & Communications,2015Jan,449,2015-01-01,False,False,567.0,-0.20811287477954143,False,-401.25,1044.75
Information & Communications,2015Feb,364,2015-02-01,False,False,449.0,-0.18930957683741645,False,-401.25,1044.75
Information & Communications,2015Mar,470,2015-03-01,False,False,364.0,0.2912087912087913,False,-401.25,1044.75
Information & Communications,2015Apr,517,2015-04-01,False,False,470.0,0.10000000000000009,False,-401.25,1044.75
Information & Communications,2015May,424,2015-05-01,False,False,517.0,-0.17988394584139267,False,-401.25,1044.75
Information & Communications,2015Jun,448,2015-06-01,False,False,424.0,0.05660377358490565,False,-401.25,1044.75
Information & Communications,2015Jul,488,2015-07-01,False,False,448.0,0.08928571428571419,False,-401.25,1044.75
Information & Communications,2015Aug,431,2015-08-01,False,False,488.0,-0.11680327868852458,False,-401.25,1044.75
Information & Communications,2015Sep,499,2015-09-01,False,False,431.0,0.15777262180974483,False,-401.25,1044.75
Information & Communications,2015Oct,550,2015-10-01,False,False,499.0,0.10220440881763526,False,-401.25,1044.75
Information & Communications,2015Nov,390,2015-11-01,False,False,550.0,-0.2909090909090909,False,-401.25,1044.75
Information & Communications,2015Dec,367,2015-12-01,False,False,390.0,-0.05897435897435899,False,-401.25,1044.75
Information & Communications,2016Jan,359,2016-01-01,False,False,367.0,-0.021798365122615793,False,-401.25,1044.75
Information & Communications,2016Feb,387,2016-02-01,False,False,359.0,0.07799442896935926,False,-401.25,1044.75
Information & Communications,2016Mar,533,2016-03-01,False,False,387.0,0.37726098191214463,False,-401.25,1044.75
Information & Communications,2016Apr,534,2016-04-01,False,False,533.0,0.0018761726078799779,False,-401.25,1044.75
Information & Communications,2016May,446,2016-05-01,False,False,534.0,-0.16479400749063666,False,-401.25,1044.75
Information & Communications,2016Jun,466,2016-06-01,False,False,446.0,0.04484304932735417,False,-401.25,1044.75
Information & Communications,2016Jul,429,2016-07-01,False,False,466.0,-0.07939914163090134,False,-401.25,1044.75
Information & Communications,2016Aug,385,2016-08-01,False,False,429.0,-0.10256410256410253,False,-401.25,1044.75
Information & Communications,2016Sep,473,2016-09-01,False,False,385.0,0.22857142857142865,False,-401.25,1044.75
Information & Communications,2016Oct,450,2016-10-01,False,False,473.0,-0.04862579281183932,False,-401.25,1044.75
Information & Communications,2016Nov,413,2016-11-01,False,False,450.0,-0.0822222222222222,False,-401.25,1044.75
Information & Communications,2016Dec,376,2016-12-01,False,False,413.0,-0.08958837772397099,False,-401.25,1044.75
Information & Communications,2017Jan,399,2017-01-01,False,False,376.0,0.061170212765957466,False,-401.25,1044.75
Information & Communications,2017Feb,394,2017-02-01,False,False,399.0,-0.01253132832080206,False,-401.25,1044.75
Information & Communications,2017Mar,484,2017-03-01,False,False,394.0,0.2284263959390862,False,-401.25,1044.75
Information & Communications,2017Apr,383,2017-04-01,False,False,484.0,-0.20867768595041325,False,-401.25,1044.75
Information & Communications,2017May,460,2017-05-01,False,False,383.0,0.2010443864229765,False,-401.25,1044.75
Information & Communications,2017Jun,460,2017-06-01,False,False,460.0,0.0,False,-401.25,1044.75
Information & Communications,2017Jul,520,2017-07-01,False,False,460.0,0.13043478260869557,False,-401.25,1044.75
Information & Communications,2017Aug,457,2017-08-01,False,False,520.0,-0.12115384615384617,False,-401.25,1044.75
Information & Communications,2017Sep,494,2017-09-01,False,False,457.0,0.08096280087527363,False,-401.25,1044.75
Information & Communications,2017Oct,476,2017-10-01,False,False,494.0,-0.036437246963562764,False,-401.25,1044.75
Information & Communications,2017Nov,521,2017-11-01,False,False,476.0,0.09453781512605053,False,-401.25,1044.75
Information & Communications,2017Dec,432,2017-12-01,False,False,521.0,-0.17082533589251436,False,-401.25,1044.75
Information & Communications,2018Jan,686,2018-01-01,False,False,432.0,0.587962962962963,False,-401.25,1044.75
Information & Communications,2018Feb,698,2018-02-01,False,False,686.0,0.017492711370262315,False,-401.25,1044.75
Information & Communications,2018Mar,726,2018-03-01,False,False,698.0,0.04011461318051568,False,-401.25,1044.75
Information & Communications,2018Apr,695,2018-04-01,False,False,726.0,-0.04269972451790638,False,-401.25,1044.75
Information & Communications,2018May,767,2018-05-01,False,False,695.0,0.10359712230215834,False,-401.25,1044.75
Information & Communications,2018Jun,698,2018-06-01,False,False,767.0,-0.08996088657105605,False,-401.25,1044.75
Information & Communications,2018Jul,865,2018-07-01,False,False,698.0,0.23925501432664764,False,-401.25,1044.75
Information & Communications,2018Aug,840,2018-08-01,False,False,865.0,-0.028901734104046284,False,-401.25,1044.75
Information & Communications,2018Sep,581,2018-09-01,False,False,840.0,-0.30833333333333335,False,-401.25,1044.75
Information & Communications,2018Oct,641,2018-10-01,False,False,581.0,0.10327022375215145,False,-401.25,1044.75
Information & Communications,2018Nov,571,2018-11-01,False,False,641.0,-0.109204368174727,False,-401.25,1044.75
Information & Communications,2018Dec,427,2018-12-01,False,False,571.0,-0.2521891418563923,False,-401.25,1044.75
Information & Communications,2019Jan,562,2019-01-01,False,False,427.0,0.31615925058548,False,-401.25,1044.75
Information & Communications,2019Feb,422,2019-02-01,False,False,562.0,-0.24911032028469748,False,-401.25,1044.75
Information & Communications,2019Mar,548,2019-03-01,False,False,422.0,0.2985781990521328,False,-401.25,1044.75
Information & Communications,2019Apr,559,2019-04-01,False,False,548.0,0.02007299270072993,False,-401.25,1044.75
Information & Communications,2019May,555,2019-05-01,False,False,559.0,-0.007155635062611854,False,-401.25,1044.75
Information & Communications,2019Jun,525,2019-06-01,False,False,555.0,-0.05405405405405406,False,-401.25,1044.75
Information & Communications,2019Jul,668,2019-07-01,False,False,525.0,0.2723809523809524,False,-401.25,1044.75
Information & Communications,2019Aug,594,2019-08-01,False,False,668.0,-0.1107784431137725,False,-401.25,1044.75
Information & Communications,2019Sep,645,2019-09-01,False,False,594.0,0.08585858585858586,False,-401.25,1044.75
Information & Communications,2019Oct,626,2019-10-01,False,False,645.0,-0.029457364341085257,False,-401.25,1044.75
Information & Communications,2019Nov,623,2019-11-01,False,False,626.0,-0.004792332268370614,False,-401.25,1044.75
Information & Communications,2019Dec,507,2019-12-01,False,False,623.0,-0.1861958266452648,False,-401.25,1044.75
Information & Communications,2020Jan,547,2020-01-01,False,False,507.0,0.07889546351084809,False,-401.25,1044.75
Information & Communications,2020Feb,491,2020-02-01,False,False,547.0,-0.10237659963436929,False,-401.25,1044.75
Information & Communications,2020Mar,488,2020-03-01,False,False,491.0,-0.006109979633401208,False,-401.25,1044.75
Information & Communications,2020Apr,444,2020-04-01,False,False,488.0,-0.0901639344262295,False,-401.25,1044.75
Information & Communications,2020May,420,2020-05-01,False,False,444.0,-0.05405405405405406,False,-401.25,1044.75
Information & Communications,2020Jun,617,2020-06-01,False,False,420.0,0.46904761904761916,False,-401.25,1044.75
Information & Communications,2020Jul,595,2020-07-01,False,False,617.0,-0.03565640194489461,False,-401.25,1044.75
Information & Communications,2020Aug,703,2020-08-01,False,False,595.0,0.18151260504201683,False,-401.25,1044.75
Information & Communications,2020Sep,608,2020-09-01,False,False,703.0,-0.1351351351351351,False,-401.25,1044.75
Information & Communications,2020Oct,611,2020-10-01,False,False,608.0,0.004934210526315708,False,-401.25,1044.75
Information & Communications,2020Nov,578,2020-11-01,False,False,611.0,-0.054009819967266726,False,-401.25,1044.75
Information & Communications,2020Dec,558,2020-12-01,False,False,578.0,-0.03460207612456745,False,-401.25,1044.75
Information & Communications,2021Jan,565,2021-01-01,False,False,558.0,0.012544802867383575,False,-401.25,1044.75
Information & Communications,2021Feb,470,2021-02-01,False,False,565.0,-0.16814159292035402,False,-401.25,1044.75
Information & Communications,2021Mar,727,2021-03-01,False,False,470.0,0.5468085106382978,False,-401.25,1044.75
Information & Communications,2021Apr,661,2021-04-01,False,False,727.0,-0.0907840440165062,False,-401.25,1044.75
Information & Communications,2021May,602,2021-05-01,False,False,661.0,-0.08925869894099847,False,-401.25,1044.75
Information & Communications,2021Jun,686,2021-06-01,False,False,602.0,0.13953488372093026,False,-401.25,1044.75
Information & Communications,2021Jul,621,2021-07-01,False,False,686.0,-0.09475218658892126,False,-401.25,1044.75
Information & Communications,2021Aug,588,2021-08-01,False,False,621.0,-0.0531400966183575,False,-401.25,1044.75
Information & Communications,2021Sep,658,2021-09-01,False,False,588.0,0.11904761904761907,False,-401.25,1044.75
Information & Communications,2021Oct,632,2021-10-01,False,False,658.0,-0.03951367781155013,False,-401.25,1044.75
Information & Communications,2021Nov,831,2021-11-01,False,False,632.0,0.3148734177215189,False,-401.25,1044.75
Information & Communications,2021Dec,828,2021-12-01,False,False,831.0,-0.0036101083032491488,False,-401.25,1044.75
Information & Communications,2022Jan,760,2022-01-01,False,False,828.0,-0.08212560386473433,False,-401.25,1044.75
Information & Communications,2022Feb,729,2022-02-01,False,False,760.0,-0.04078947368421049,False,-401.25,1044.75
Information & Communications,2022Mar,858,2022-03-01,False,False,729.0,0.17695473251028804,False,-401.25,1044.75
Information & Communications,2022Apr,729,2022-04-01,False,False,858.0,-0.1503496503496503,False,-401.25,1044.75
Information & Communications,2022May,734,2022-05-01,False,False,729.0,0.006858710562414272,False,-401.25,1044.75
Information & Communications,2022Jun,763,2022-06-01,False,False,734.0,0.03950953678474112,False,-401.25,1044.75
Information & Communications,2022Jul,723,2022-07-01,False,False,763.0,-0.05242463958060284,False,-401.25,1044.75
Information & Communications,2022Aug,856,2022-08-01,False,False,723.0,0.1839557399723375,False,-401.25,1044.75
Information & Communications,2022Sep,743,2022-09-01,False,False,856.0,-0.1320093457943925,False,-401.25,1044.75
Information & Communications,2022Oct,691,2022-10-01,False,False,743.0,-0.06998654104979807,False,-401.25,1044.75
Information & Communications,2022Nov,777,2022-11-01,False,False,691.0,0.12445730824891466,False,-401.25,1044.75
Information & Communications,2022Dec,693,2022-12-01,False,False,777.0,-0.10810810810810811,False,-401.25,1044.75
Information & Communications,2023Jan,703,2023-01-01,False,False,693.0,0.01443001443001446,False,-401.25,1044.75
Information & Communications,2023Feb,764,2023-02-01,False,False,703.0,0.0867709815078237,False,-401.25,1044.75
Information & Communications,2023Mar,885,2023-03-01,False,False,764.0,0.15837696335078544,False,-401.25,1044.75
Information & Communications,2023Apr,755,2023-04-01,False,False,885.0,-0.14689265536723162,False,-401.25,1044.75
Information & Communications,2023May,890,2023-05-01,False,False,755.0,0.17880794701986757,False,-401.25,1044.75
Information & Communications,2023Jun,824,2023-06-01,False,False,890.0,-0.07415730337078652,False,-401.25,1044.75
Information & Communications,2023Jul,869,2023-07-01,False,False,824.0,0.05461165048543681,False,-401.25,1044.75
Information & Communications,2023Aug,900,2023-08-01,False,False,869.0,0.03567318757192184,False,-401.25,1044.75
Information & Communications,2023Sep,742,2023-09-01,False,False,900.0,-0.17555555555555558,False,-401.25,1044.75
Information & Communications,2023Oct,690,2023-10-01,False,False,742.0,-0.07008086253369272,False,-401.25,1044.75
Information & Communications,2023Nov,632,2023-11-01,False,False,690.0,-0.08405797101449275,False,-401.25,1044.75
Information & Communications,2023Dec,751,2023-12-01,False,False,632.0,0.18829113924050622,False,-401.25,1044.75
Information & Communications,2024Jan,830,2024-01-01,False,False,751.0,0.10519307589880156,False,-401.25,1044.75
Information & Communications,2024Feb,670,2024-02-01,False,False,830.0,-0.19277108433734935,False,-401.25,1044.75
Information & Communications,2024Mar,853,2024-03-01,False,False,670.0,0.27313432835820906,False,-401.25,1044.75
Information & Communications,2024Apr,867,2024-04-01,False,False,853.0,0.016412661195779554,False,-401.25,1044.75
Information & Communications,2024May,927,2024-05-01,False,False,867.0,0.0692041522491349,False,-401.25,1044.75
Information & Communications,2024Jun,823,2024-06-01,False,False,927.0,-0.11218985976267526,False,-401.25,1044.75
Information & Communications,2024Jul,904,2024-07-01,False,False,823.0,0.09842041312272176,False,-401.25,1044.75
Information & Communications,2024Aug,837,2024-08-01,False,False,904.0,-0.07411504424778759,False,-401.25,1044.75
Information & Communications,2024Sep,778,2024-09-01,False,False,837.0,-0.07048984468339303,False,-401.25,1044.75
Information & Communications,2024Oct,854,2024-10-01,False,False,778.0,0.09768637532133684,False,-401.25,1044.75
Information & Communications,2024Nov,808,2024-11-01,False,False,854.0,-0.05386416861826693,False,-401.25,1044.75
Information & Communications,2024Dec,545,2024-12-01,False,False,808.0,-0.32549504950495045,False,-401.25,1044.75
Information & Communications,2025Jan,743,2025-01-01,False,False,545.0,0.3633027522935779,False,-401.25,1044.75
Information & Communications,2025Feb,846,2025-02-01,False,False,743.0,0.1386271870794078,False,-401.25,1044.75
Information & Communications,2025Mar,833,2025-03-01,False,False,846.0,-0.015366430260047248,False,-401.25,1044.75
Information & Communications,2025Apr,791,2025-04-01,False,False,833.0,-0.050420168067226934,False,-401.25,1044.75
Information & Communications,2025May,887,2025-05-01,False,False,791.0,0.1213653603034135,False,-401.25,1044.75
Information & Communications,2025Jun,743,2025-06-01,False,False,887.0,-0.1623449830890643,False,-401.25,1044.75
Information & Communications,2025Jul,906,2025-07-01,False,False,743.0,0.21938088829071334,False,-401.25,1044.75
Information & Communications,2025Aug,924,2025-08-01,False,False,906.0,0.019867549668874274,False,-401.25,1044.75
Information & Communications,2025Sep,887,2025-09-01,False,False,924.0,-0.04004329004328999,False,-401.25,1044.75
Information & Communications,2025Oct,844,2025-10-01,False,False,887.0,-0.04847801578354005,False,-401.25,1044.75
Information & Communications,2025Nov,774,2025-11-01,False,False,844.0,-0.08293838862559244,False,-401.25,1044.75
Information & Communications,2025Dec,813,2025-12-01,False,False,774.0,0.050387596899224896,False,-401.25,1044.75
Information & Communications,2026Jan,966,2026-01-01,False,False,813.0,0.18819188191881908,False,-401.25,1044.75
Information & Communications,2026Feb,696,2026-02-01,False,False,966.0,-0.2795031055900621,False,-401.25,1044.75
Information & Communications,2026Mar,1107,2026-03-01,False,False,696.0,0.5905172413793103,True,-401.25,1044.75
Manufacturing,1990Jan,168,1990-01-01,False,False,,,False,97.75,279.75
Manufacturing,1990Feb,212,1990-02-01,False,False,168.0,0.26190476190476186,False,97.75,279.75
Manufacturing,1990Mar,248,1990-03-01,False,False,212.0,0.16981132075471694,False,97.75,279.75
Manufacturing,1990Apr,175,1990-04-01,False,False,248.0,-0.2943548387096774,False,97.75,279.75
Manufacturing,1990May,237,1990-05-01,False,False,175.0,0.3542857142857143,False,97.75,279.75
Manufacturing,1990Jun,191,1990-06-01,False,False,237.0,-0.19409282700421937,False,97.75,279.75
Manufacturing,1990Jul,181,1990-07-01,False,False,191.0,-0.05235602094240843,False,97.75,279.75
Manufacturing,1990Aug,206,1990-08-01,False,False,181.0,0.13812154696132595,False,97.75,279.75
Manufacturing,1990Sep,193,1990-09-01,False,False,206.0,-0.06310679611650483,False,97.75,279.75
Manufacturing,1990Oct,195,1990-10-01,False,False,193.0,0.010362694300518172,False,97.75,279.75
Manufacturing,1990Nov,196,1990-11-01,False,False,195.0,0.00512820512820511,False,97.75,279.75
Manufacturing,1990Dec,148,1990-12-01,False,False,196.0,-0.24489795918367352,False,97.75,279.75
Manufacturing,1991Jan,190,1991-01-01,False,False,148.0,0.28378378378378377,False,97.75,279.75
Manufacturing,1991Feb,147,1991-02-01,False,False,190.0,-0.22631578947368425,False,97.75,279.75
Manufacturing,1991Mar,207,1991-03-01,False,False,147.0,0.40816326530612246,False,97.75,279.75
Manufacturing,1991Apr,234,1991-04-01,False,False,207.0,0.13043478260869557,False,97.75,279.75
Manufacturing,1991May,217,1991-05-01,False,False,234.0,-0.07264957264957261,False,97.75,279.75
Manufacturing,1991Jun,202,1991-06-01,False,False,217.0,-0.06912442396313367,False,97.75,279.75
Manufacturing,1991Jul,246,1991-07-01,False,False,202.0,0.2178217821782178,False,97.75,279.75
Manufacturing,1991Aug,182,1991-08-01,False,False,246.0,-0.26016260162601623,False,97.75,279.75
Manufacturing,1991Sep,184,1991-09-01,False,False,182.0,0.01098901098901095,False,97.75,279.75
Manufacturing,1991Oct,185,1991-10-01,False,False,184.0,0.005434782608695565,False,97.75,279.75
Manufacturing,1991Nov,190,1991-11-01,False,False,185.0,0.027027027027026973,False,97.75,279.75
Manufacturing,1991Dec,154,1991-12-01,False,False,190.0,-0.18947368421052635,False,97.75,279.75
Manufacturing,1992Jan,183,1992-01-01,False,False,154.0,0.1883116883116882,False,97.75,279.75
Manufacturing,1992Feb,177,1992-02-01,False,False,183.0,-0.032786885245901676,False,97.75,279.75
Manufacturing,1992Mar,207,1992-03-01,False,False,177.0,0.1694915254237288,False,97.75,279.75
Manufacturing,1992Apr,217,1992-04-01,False,False,207.0,0.048309178743961345,False,97.75,279.75
Manufacturing,1992May,190,1992-05-01,False,False,217.0,-0.12442396313364057,False,97.75,279.75
Manufacturing,1992Jun,203,1992-06-01,False,False,190.0,0.06842105263157894,False,97.75,279.75
Manufacturing,1992Jul,220,1992-07-01,False,False,203.0,0.08374384236453203,False,97.75,279.75
Manufacturing,1992Aug,158,1992-08-01,False,False,220.0,-0.28181818181818186,False,97.75,279.75
Manufacturing,1992Sep,192,1992-09-01,False,False,158.0,0.21518987341772156,False,97.75,279.75
Manufacturing,1992Oct,217,1992-10-01,False,False,192.0,0.13020833333333326,False,97.75,279.75
Manufacturing,1992Nov,174,1992-11-01,False,False,217.0,-0.1981566820276498,False,97.75,279.75
Manufacturing,1992Dec,146,1992-12-01,False,False,174.0,-0.16091954022988508,False,97.75,279.75
Manufacturing,1993Jan,164,1993-01-01,False,False,146.0,0.12328767123287676,False,97.75,279.75
Manufacturing,1993Feb,215,1993-02-01,False,False,164.0,0.3109756097560976,False,97.75,279.75
Manufacturing,1993Mar,268,1993-03-01,False,False,215.0,0.24651162790697678,False,97.75,279.75
Manufacturing,1993Apr,201,1993-04-01,False,False,268.0,-0.25,False,97.75,279.75
Manufacturing,1993May,219,1993-05-01,False,False,201.0,0.08955223880597019,False,97.75,279.75
Manufacturing,1993Jun,209,1993-06-01,False,False,219.0,-0.045662100456621,False,97.75,279.75
Manufacturing,1993Jul,204,1993-07-01,False,False,209.0,-0.02392344497607657,False,97.75,279.75
Manufacturing,1993Aug,228,1993-08-01,False,False,204.0,0.11764705882352944,False,97.75,279.75
Manufacturing,1993Sep,208,1993-09-01,False,False,228.0,-0.08771929824561409,False,97.75,279.75
Manufacturing,1993Oct,205,1993-10-01,False,False,208.0,-0.014423076923076872,False,97.75,279.75
Manufacturing,1993Nov,147,1993-11-01,False,False,205.0,-0.2829268292682927,False,97.75,279.75
Manufacturing,1993Dec,172,1993-12-01,False,False,147.0,0.17006802721088432,False,97.75,279.75
Manufacturing,1994Jan,166,1994-01-01,False,False,172.0,-0.03488372093023251,False,97.75,279.75
Manufacturing,1994Feb,179,1994-02-01,False,False,166.0,0.07831325301204828,False,97.75,279.75
Manufacturing,1994Mar,251,1994-03-01,False,False,179.0,0.4022346368715084,False,97.75,279.75
Manufacturing,1994Apr,230,1994-04-01,False,False,251.0,-0.08366533864541836,False,97.75,279.75
Manufacturing,1994May,200,1994-05-01,False,False,230.0,-0.13043478260869568,False,97.75,279.75
Manufacturing,1994Jun,195,1994-06-01,False,False,200.0,-0.025000000000000022,False,97.75,279.75
Manufacturing,1994Jul,205,1994-07-01,False,False,195.0,0.05128205128205132,False,97.75,279.75
Manufacturing,1994Aug,215,1994-08-01,False,False,205.0,0.04878048780487809,False,97.75,279.75
Manufacturing,1994Sep,190,1994-09-01,False,False,215.0,-0.11627906976744184,False,97.75,279.75
Manufacturing,1994Oct,193,1994-10-01,False,False,190.0,0.015789473684210575,False,97.75,279.75
Manufacturing,1994Nov,173,1994-11-01,False,False,193.0,-0.10362694300518138,False,97.75,279.75
Manufacturing,1994Dec,168,1994-12-01,False,False,173.0,-0.028901734104046284,False,97.75,279.75
Manufacturing,1995Jan,145,1995-01-01,False,False,168.0,-0.13690476190476186,False,97.75,279.75
Manufacturing,1995Feb,207,1995-02-01,False,False,145.0,0.4275862068965517,False,97.75,279.75
Manufacturing,1995Mar,299,1995-03-01,False,False,207.0,0.4444444444444444,True,97.75,279.75
Manufacturing,1995Apr,244,1995-04-01,False,False,299.0,-0.18394648829431437,False,97.75,279.75
Manufacturing,1995May,192,1995-05-01,False,False,244.0,-0.21311475409836067,False,97.75,279.75
Manufacturing,1995Jun,210,1995-06-01,False,False,192.0,0.09375,False,97.75,279.75
Manufacturing,1995Jul,194,1995-07-01,False,False,210.0,-0.07619047619047614,False,97.75,279.75
Manufacturing,1995Aug,197,1995-08-01,False,False,194.0,0.015463917525773141,False,97.75,279.75
Manufacturing,1995Sep,174,1995-09-01,False,False,197.0,-0.11675126903553301,False,97.75,279.75
Manufacturing,1995Oct,164,1995-10-01,False,False,174.0,-0.05747126436781613,False,97.75,279.75
Manufacturing,1995Nov,200,1995-11-01,False,False,164.0,0.2195121951219512,False,97.75,279.75
Manufacturing,1995Dec,155,1995-12-01,False,False,200.0,-0.22499999999999998,False,97.75,279.75
Manufacturing,1996Jan,191,1996-01-01,False,False,155.0,0.23225806451612896,False,97.75,279.75
Manufacturing,1996Feb,156,1996-02-01,False,False,191.0,-0.18324607329842935,False,97.75,279.75
Manufacturing,1996Mar,222,1996-03-01,False,False,156.0,0.42307692307692313,False,97.75,279.75
Manufacturing,1996Apr,191,1996-04-01,False,False,222.0,-0.13963963963963966,False,97.75,279.75
Manufacturing,1996May,230,1996-05-01,False,False,191.0,0.20418848167539272,False,97.75,279.75
Manufacturing,1996Jun,196,1996-06-01,False,False,230.0,-0.14782608695652177,False,97.75,279.75
Manufacturing,1996Jul,228,1996-07-01,False,False,196.0,0.16326530612244894,False,97.75,279.75
Manufacturing,1996Aug,181,1996-08-01,False,False,228.0,-0.20614035087719296,False,97.75,279.75
Manufacturing,1996Sep,189,1996-09-01,False,False,181.0,0.04419889502762442,False,97.75,279.75
Manufacturing,1996Oct,198,1996-10-01,False,False,189.0,0.04761904761904767,False,97.75,279.75
Manufacturing,1996Nov,184,1996-11-01,False,False,198.0,-0.07070707070707072,False,97.75,279.75
Manufacturing,1996Dec,143,1996-12-01,False,False,184.0,-0.22282608695652173,False,97.75,279.75
Manufacturing,1997Jan,186,1997-01-01,False,False,143.0,0.3006993006993006,False,97.75,279.75
Manufacturing,1997Feb,142,1997-02-01,False,False,186.0,-0.23655913978494625,False,97.75,279.75
Manufacturing,1997Mar,206,1997-03-01,False,False,142.0,0.45070422535211274,False,97.75,279.75
Manufacturing,1997Apr,213,1997-04-01,False,False,206.0,0.03398058252427183,False,97.75,279.75
Manufacturing,1997May,166,1997-05-01,False,False,213.0,-0.22065727699530513,False,97.75,279.75
Manufacturing,1997Jun,163,1997-06-01,False,False,166.0,-0.01807228915662651,False,97.75,279.75
Manufacturing,1997Jul,202,1997-07-01,False,False,163.0,0.23926380368098155,False,97.75,279.75
Manufacturing,1997Aug,171,1997-08-01,False,False,202.0,-0.1534653465346535,False,97.75,279.75
Manufacturing,1997Sep,169,1997-09-01,False,False,171.0,-0.011695906432748537,False,97.75,279.75
Manufacturing,1997Oct,188,1997-10-01,False,False,169.0,0.11242603550295849,False,97.75,279.75
Manufacturing,1997Nov,149,1997-11-01,False,False,188.0,-0.20744680851063835,False,97.75,279.75
Manufacturing,1997Dec,147,1997-12-01,False,False,149.0,-0.01342281879194629,False,97.75,279.75
Manufacturing,1998Jan,105,1998-01-01,False,False,147.0,-0.2857142857142857,False,97.75,279.75
Manufacturing,1998Feb,185,1998-02-01,False,False,105.0,0.7619047619047619,False,97.75,279.75
Manufacturing,1998Mar,201,1998-03-01,False,False,185.0,0.08648648648648649,False,97.75,279.75
Manufacturing,1998Apr,176,1998-04-01,False,False,201.0,-0.12437810945273631,False,97.75,279.75
Manufacturing,1998May,153,1998-05-01,False,False,176.0,-0.13068181818181823,False,97.75,279.75
Manufacturing,1998Jun,168,1998-06-01,False,False,153.0,0.0980392156862746,False,97.75,279.75
Manufacturing,1998Jul,162,1998-07-01,False,False,168.0,-0.0357142857142857,False,97.75,279.75
Manufacturing,1998Aug,141,1998-08-01,False,False,162.0,-0.12962962962962965,False,97.75,279.75
Manufacturing,1998Sep,154,1998-09-01,False,False,141.0,0.09219858156028371,False,97.75,279.75
Manufacturing,1998Oct,173,1998-10-01,False,False,154.0,0.12337662337662336,False,97.75,279.75
Manufacturing,1998Nov,174,1998-11-01,False,False,173.0,0.005780346820809301,False,97.75,279.75
Manufacturing,1998Dec,166,1998-12-01,False,False,174.0,-0.04597701149425293,False,97.75,279.75
Manufacturing,1999Jan,146,1999-01-01,False,False,166.0,-0.12048192771084343,False,97.75,279.75
Manufacturing,1999Feb,127,1999-02-01,False,False,146.0,-0.13013698630136983,False,97.75,279.75
Manufacturing,1999Mar,206,1999-03-01,False,False,127.0,0.6220472440944882,False,97.75,279.75
Manufacturing,1999Apr,208,1999-04-01,False,False,206.0,0.009708737864077666,False,97.75,279.75
Manufacturing,1999May,195,1999-05-01,False,False,208.0,-0.0625,False,97.75,279.75
Manufacturing,1999Jun,183,1999-06-01,False,False,195.0,-0.06153846153846154,False,97.75,279.75
Manufacturing,1999Jul,182,1999-07-01,False,False,183.0,-0.005464480874316946,False,97.75,279.75
Manufacturing,1999Aug,168,1999-08-01,False,False,182.0,-0.07692307692307687,False,97.75,279.75
Manufacturing,1999Sep,175,1999-09-01,False,False,168.0,0.04166666666666674,False,97.75,279.75
Manufacturing,1999Oct,182,1999-10-01,False,False,175.0,0.040000000000000036,False,97.75,279.75
Manufacturing,1999Nov,153,1999-11-01,False,False,182.0,-0.15934065934065933,False,97.75,279.75
Manufacturing,1999Dec,180,1999-12-01,False,False,153.0,0.17647058823529416,False,97.75,279.75
Manufacturing,2000Jan,169,2000-01-01,False,False,180.0,-0.061111111111111116,False,97.75,279.75
Manufacturing,2000Feb,175,2000-02-01,False,False,169.0,0.035502958579881616,False,97.75,279.75
Manufacturing,2000Mar,239,2000-03-01,False,False,175.0,0.36571428571428566,False,97.75,279.75
Manufacturing,2000Apr,232,2000-04-01,False,False,239.0,-0.029288702928870314,False,97.75,279.75
Manufacturing,2000May,230,2000-05-01,False,False,232.0,-0.008620689655172376,False,97.75,279.75
Manufacturing,2000Jun,246,2000-06-01,False,False,230.0,0.06956521739130439,False,97.75,279.75
Manufacturing,2000Jul,243,2000-07-01,False,False,246.0,-0.012195121951219523,False,97.75,279.75
Manufacturing,2000Aug,224,2000-08-01,False,False,243.0,-0.07818930041152261,False,97.75,279.75
Manufacturing,2000Sep,188,2000-09-01,False,False,224.0,-0.1607142857142857,False,97.75,279.75
Manufacturing,2000Oct,166,2000-10-01,False,False,188.0,-0.11702127659574468,False,97.75,279.75
Manufacturing,2000Nov,149,2000-11-01,False,False,166.0,-0.10240963855421692,False,97.75,279.75
Manufacturing,2000Dec,124,2000-12-01,False,False,149.0,-0.16778523489932884,False,97.75,279.75
Manufacturing,2001Jan,121,2001-01-01,False,False,124.0,-0.024193548387096753,False,97.75,279.75
Manufacturing,2001Feb,152,2001-02-01,False,False,121.0,0.25619834710743805,False,97.75,279.75
Manufacturing,2001Mar,157,2001-03-01,False,False,152.0,0.03289473684210531,False,97.75,279.75
Manufacturing,2001Apr,183,2001-04-01,False,False,157.0,0.16560509554140124,False,97.75,279.75
Manufacturing,2001May,195,2001-05-01,False,False,183.0,0.06557377049180335,False,97.75,279.75
Manufacturing,2001Jun,170,2001-06-01,False,False,195.0,-0.1282051282051282,False,97.75,279.75
Manufacturing,2001Jul,175,2001-07-01,False,False,170.0,0.02941176470588225,False,97.75,279.75
Manufacturing,2001Aug,209,2001-08-01,False,False,175.0,0.1942857142857144,False,97.75,279.75
Manufacturing,2001Sep,193,2001-09-01,False,False,209.0,-0.07655502392344493,False,97.75,279.75
Manufacturing,2001Oct,153,2001-10-01,False,False,193.0,-0.20725388601036265,False,97.75,279.75
Manufacturing,2001Nov,185,2001-11-01,False,False,153.0,0.20915032679738554,False,97.75,279.75
Manufacturing,2001Dec,137,2001-12-01,False,False,185.0,-0.2594594594594595,False,97.75,279.75
Manufacturing,2002Jan,142,2002-01-01,False,False,137.0,0.03649635036496357,False,97.75,279.75
Manufacturing,2002Feb,123,2002-02-01,False,False,142.0,-0.1338028169014085,False,97.75,279.75
Manufacturing,2002Mar,163,2002-03-01,False,False,123.0,0.3252032520325203,False,97.75,279.75
Manufacturing,2002Apr,138,2002-04-01,False,False,163.0,-0.15337423312883436,False,97.75,279.75
Manufacturing,2002May,156,2002-05-01,False,False,138.0,0.13043478260869557,False,97.75,279.75
Manufacturing,2002Jun,151,2002-06-01,False,False,156.0,-0.03205128205128205,False,97.75,279.75
Manufacturing,2002Jul,153,2002-07-01,False,False,151.0,0.013245033112582849,False,97.75,279.75
Manufacturing,2002Aug,133,2002-08-01,False,False,153.0,-0.130718954248366,False,97.75,279.75
Manufacturing,2002Sep,130,2002-09-01,False,False,133.0,-0.022556390977443663,False,97.75,279.75
Manufacturing,2002Oct,155,2002-10-01,False,False,130.0,0.1923076923076923,False,97.75,279.75
Manufacturing,2002Nov,128,2002-11-01,False,False,155.0,-0.17419354838709677,False,97.75,279.75
Manufacturing,2002Dec,106,2002-12-01,False,False,128.0,-0.171875,False,97.75,279.75
Manufacturing,2003Jan,102,2003-01-01,False,False,106.0,-0.037735849056603765,False,97.75,279.75
Manufacturing,2003Feb,109,2003-02-01,False,False,102.0,0.06862745098039214,False,97.75,279.75
Manufacturing,2003Mar,158,2003-03-01,False,False,109.0,0.4495412844036697,False,97.75,279.75
Manufacturing,2003Apr,156,2003-04-01,False,False,158.0,-0.012658227848101222,False,97.75,279.75
Manufacturing,2003May,138,2003-05-01,False,False,156.0,-0.11538461538461542,False,97.75,279.75
Manufacturing,2003Jun,125,2003-06-01,False,False,138.0,-0.09420289855072461,False,97.75,279.75
Manufacturing,2003Jul,134,2003-07-01,False,False,125.0,0.07200000000000006,False,97.75,279.75
Manufacturing,2003Aug,128,2003-08-01,False,False,134.0,-0.04477611940298509,False,97.75,279.75
Manufacturing,2003Sep,160,2003-09-01,False,False,128.0,0.25,False,97.75,279.75
Manufacturing,2003Oct,123,2003-10-01,False,False,160.0,-0.23124999999999996,False,97.75,279.75
Manufacturing,2003Nov,125,2003-11-01,False,False,123.0,0.016260162601626105,False,97.75,279.75
Manufacturing,2003Dec,110,2003-12-01,False,False,125.0,-0.12,False,97.75,279.75
Manufacturing,2004Jan,91,2004-01-01,False,False,110.0,-0.17272727272727273,True,97.75,279.75
Manufacturing,2004Feb,134,2004-02-01,False,False,91.0,0.4725274725274726,False,97.75,279.75
Manufacturing,2004Mar,152,2004-03-01,False,False,134.0,0.13432835820895517,False,97.75,279.75
Manufacturing,2004Apr,162,2004-04-01,False,False,152.0,0.06578947368421062,False,97.75,279.75
Manufacturing,2004May,174,2004-05-01,False,False,162.0,0.07407407407407418,False,97.75,279.75
Manufacturing,2004Jun,138,2004-06-01,False,False,174.0,-0.2068965517241379,False,97.75,279.75
Manufacturing,2004Jul,138,2004-07-01,False,False,138.0,0.0,False,97.75,279.75
Manufacturing,2004Aug,132,2004-08-01,False,False,138.0,-0.04347826086956519,False,97.75,279.75
Manufacturing,2004Sep,157,2004-09-01,False,False,132.0,0.18939393939393945,False,97.75,279.75
Manufacturing,2004Oct,151,2004-10-01,False,False,157.0,-0.03821656050955413,False,97.75,279.75
Manufacturing,2004Nov,143,2004-11-01,False,False,151.0,-0.052980132450331174,False,97.75,279.75
Manufacturing,2004Dec,146,2004-12-01,False,False,143.0,0.020979020979021046,False,97.75,279.75
Manufacturing,2005Jan,155,2005-01-01,False,False,146.0,0.06164383561643838,False,97.75,279.75
Manufacturing,2005Feb,110,2005-02-01,False,False,155.0,-0.29032258064516125,False,97.75,279.75
Manufacturing,2005Mar,162,2005-03-01,False,False,110.0,0.47272727272727266,False,97.75,279.75
Manufacturing,2005Apr,178,2005-04-01,False,False,162.0,0.09876543209876543,False,97.75,279.75
Manufacturing,2005May,191,2005-05-01,False,False,178.0,0.0730337078651686,False,97.75,279.75
Manufacturing,2005Jun,172,2005-06-01,False,False,191.0,-0.09947643979057597,False,97.75,279.75
Manufacturing,2005Jul,181,2005-07-01,False,False,172.0,0.05232558139534893,False,97.75,279.75
Manufacturing,2005Aug,166,2005-08-01,False,False,181.0,-0.08287292817679559,False,97.75,279.75
Manufacturing,2005Sep,178,2005-09-01,False,False,166.0,0.07228915662650603,False,97.75,279.75
Manufacturing,2005Oct,184,2005-10-01,False,False,178.0,0.03370786516853941,False,97.75,279.75
Manufacturing,2005Nov,134,2005-11-01,False,False,184.0,-0.2717391304347826,False,97.75,279.75
Manufacturing,2005Dec,165,2005-12-01,False,False,134.0,0.23134328358208944,False,97.75,279.75
Manufacturing,2006Jan,159,2006-01-01,False,False,165.0,-0.036363636363636376,False,97.75,279.75
Manufacturing,2006Feb,162,2006-02-01,False,False,159.0,0.018867924528301883,False,97.75,279.75
Manufacturing,2006Mar,224,2006-03-01,False,False,162.0,0.382716049382716,False,97.75,279.75
Manufacturing,2006Apr,193,2006-04-01,False,False,224.0,-0.1383928571428571,False,97.75,279.75
Manufacturing,2006May,209,2006-05-01,False,False,193.0,0.08290155440414515,False,97.75,279.75
Manufacturing,2006Jun,178,2006-06-01,False,False,209.0,-0.14832535885167464,False,97.75,279.75
Manufacturing,2006Jul,194,2006-07-01,False,False,178.0,0.0898876404494382,False,97.75,279.75
Manufacturing,2006Aug,210,2006-08-01,False,False,194.0,0.08247422680412364,False,97.75,279.75
Manufacturing,2006Sep,207,2006-09-01,False,False,210.0,-0.014285714285714235,False,97.75,279.75
Manufacturing,2006Oct,179,2006-10-01,False,False,207.0,-0.13526570048309183,False,97.75,279.75
Manufacturing,2006Nov,182,2006-11-01,False,False,179.0,0.016759776536312776,False,97.75,279.75
Manufacturing,2006Dec,184,2006-12-01,False,False,182.0,0.01098901098901095,False,97.75,279.75
Manufacturing,2007Jan,217,2007-01-01,False,False,184.0,0.17934782608695654,False,97.75,279.75
Manufacturing,2007Feb,163,2007-02-01,False,False,217.0,-0.24884792626728114,False,97.75,279.75
Manufacturing,2007Mar,212,2007-03-01,False,False,163.0,0.3006134969325154,False,97.75,279.75
Manufacturing,2007Apr,215,2007-04-01,False,False,212.0,0.014150943396226356,False,97.75,279.75
Manufacturing,2007May,229,2007-05-01,False,False,215.0,0.06511627906976747,False,97.75,279.75
Manufacturing,2007Jun,231,2007-06-01,False,False,229.0,0.008733624454148492,False,97.75,279.75
Manufacturing,2007Jul,248,2007-07-01,False,False,231.0,0.07359307359307365,False,97.75,279.75
Manufacturing,2007Aug,221,2007-08-01,False,False,248.0,-0.1088709677419355,False,97.75,279.75
Manufacturing,2007Sep,191,2007-09-01,False,False,221.0,-0.1357466063348416,False,97.75,279.75
Manufacturing,2007Oct,224,2007-10-01,False,False,191.0,0.17277486910994755,False,97.75,279.75
Manufacturing,2007Nov,209,2007-11-01,False,False,224.0,-0.0669642857142857,False,97.75,279.75
Manufacturing,2007Dec,162,2007-12-01,False,False,209.0,-0.22488038277511957,False,97.75,279.75
Manufacturing,2008Jan,259,2008-01-01,False,False,162.0,0.5987654320987654,False,97.75,279.75
Manufacturing,2008Feb,181,2008-02-01,False,False,259.0,-0.3011583011583011,False,97.75,279.75
Manufacturing,2008Mar,265,2008-03-01,False,False,181.0,0.4640883977900552,False,97.75,279.75
Manufacturing,2008Apr,258,2008-04-01,False,False,265.0,-0.026415094339622636,False,97.75,279.75
Manufacturing,2008May,269,2008-05-01,False,False,258.0,0.04263565891472876,False,97.75,279.75
Manufacturing,2008Jun,203,2008-06-01,False,False,269.0,-0.24535315985130113,False,97.75,279.75
Manufacturing,2008Jul,294,2008-07-01,False,False,203.0,0.4482758620689655,True,97.75,279.75
Manufacturing,2008Aug,221,2008-08-01,False,False,294.0,-0.2482993197278912,False,97.75,279.75
Manufacturing,2008Sep,235,2008-09-01,False,False,221.0,0.06334841628959276,False,97.75,279.75
Manufacturing,2008Oct,198,2008-10-01,False,False,235.0,-0.1574468085106383,False,97.75,279.75
Manufacturing,2008Nov,180,2008-11-01,False,False,198.0,-0.09090909090909094,False,97.75,279.75
Manufacturing,2008Dec,141,2008-12-01,False,False,180.0,-0.21666666666666667,False,97.75,279.75
Manufacturing,2009Jan,194,2009-01-01,False,False,141.0,0.375886524822695,False,97.75,279.75
Manufacturing,2009Feb,208,2009-02-01,False,False,194.0,0.07216494845360821,False,97.75,279.75
Manufacturing,2009Mar,236,2009-03-01,False,False,208.0,0.13461538461538458,False,97.75,279.75
Manufacturing,2009Apr,214,2009-04-01,False,False,236.0,-0.09322033898305082,False,97.75,279.75
Manufacturing,2009May,201,2009-05-01,False,False,214.0,-0.06074766355140182,False,97.75,279.75
Manufacturing,2009Jun,179,2009-06-01,False,False,201.0,-0.1094527363184079,False,97.75,279.75
Manufacturing,2009Jul,235,2009-07-01,False,False,179.0,0.3128491620111731,False,97.75,279.75
Manufacturing,2009Aug,180,2009-08-01,False,False,235.0,-0.23404255319148937,False,97.75,279.75
Manufacturing,2009Sep,180,2009-09-01,False,False,180.0,0.0,False,97.75,279.75
Manufacturing,2009Oct,202,2009-10-01,False,False,180.0,0.12222222222222223,False,97.75,279.75
Manufacturing,2009Nov,188,2009-11-01,False,False,202.0,-0.06930693069306926,False,97.75,279.75
Manufacturing,2009Dec,185,2009-12-01,False,False,188.0,-0.015957446808510634,False,97.75,279.75
Manufacturing,2010Jan,216,2010-01-01,False,False,185.0,0.16756756756756763,False,97.75,279.75
Manufacturing,2010Feb,166,2010-02-01,False,False,216.0,-0.2314814814814815,False,97.75,279.75
Manufacturing,2010Mar,233,2010-03-01,False,False,166.0,0.4036144578313252,False,97.75,279.75
Manufacturing,2010Apr,218,2010-04-01,False,False,233.0,-0.06437768240343344,False,97.75,279.75
Manufacturing,2010May,222,2010-05-01,False,False,218.0,0.0183486238532109,False,97.75,279.75
Manufacturing,2010Jun,201,2010-06-01,False,False,222.0,-0.09459459459459463,False,97.75,279.75
Manufacturing,2010Jul,210,2010-07-01,False,False,201.0,0.04477611940298498,False,97.75,279.75
Manufacturing,2010Aug,184,2010-08-01,False,False,210.0,-0.12380952380952381,False,97.75,279.75
Manufacturing,2010Sep,194,2010-09-01,False,False,184.0,0.05434782608695654,False,97.75,279.75
Manufacturing,2010Oct,198,2010-10-01,False,False,194.0,0.020618556701030855,False,97.75,279.75
Manufacturing,2010Nov,183,2010-11-01,False,False,198.0,-0.0757575757575758,False,97.75,279.75
Manufacturing,2010Dec,205,2010-12-01,False,False,183.0,0.12021857923497259,False,97.75,279.75
Manufacturing,2011Jan,228,2011-01-01,False,False,205.0,0.11219512195121961,False,97.75,279.75
Manufacturing,2011Feb,173,2011-02-01,False,False,228.0,-0.24122807017543857,False,97.75,279.75
Manufacturing,2011Mar,269,2011-03-01,False,False,173.0,0.5549132947976878,False,97.75,279.75
Manufacturing,2011Apr,207,2011-04-01,False,False,269.0,-0.23048327137546465,False,97.75,279.75
Manufacturing,2011May,205,2011-05-01,False,False,207.0,-0.009661835748792313,False,97.75,279.75
Manufacturing,2011Jun,213,2011-06-01,False,False,205.0,0.039024390243902474,False,97.75,279.75
Manufacturing,2011Jul,233,2011-07-01,False,False,213.0,0.0938967136150235,False,97.75,279.75
Manufacturing,2011Aug,187,2011-08-01,False,False,233.0,-0.19742489270386265,False,97.75,279.75
Manufacturing,2011Sep,150,2011-09-01,False,False,187.0,-0.19786096256684493,False,97.75,279.75
Manufacturing,2011Oct,168,2011-10-01,False,False,150.0,0.1200000000000001,False,97.75,279.75
Manufacturing,2011Nov,188,2011-11-01,False,False,168.0,0.11904761904761907,False,97.75,279.75
Manufacturing,2011Dec,161,2011-12-01,False,False,188.0,-0.1436170212765957,False,97.75,279.75
Manufacturing,2012Jan,182,2012-01-01,False,False,161.0,0.13043478260869557,False,97.75,279.75
Manufacturing,2012Feb,203,2012-02-01,False,False,182.0,0.11538461538461542,False,97.75,279.75
Manufacturing,2012Mar,203,2012-03-01,False,False,203.0,0.0,False,97.75,279.75
Manufacturing,2012Apr,198,2012-04-01,False,False,203.0,-0.024630541871921152,False,97.75,279.75
Manufacturing,2012May,211,2012-05-01,False,False,198.0,0.06565656565656575,False,97.75,279.75
Manufacturing,2012Jun,184,2012-06-01,False,False,211.0,-0.12796208530805686,False,97.75,279.75
Manufacturing,2012Jul,187,2012-07-01,False,False,184.0,0.016304347826086918,False,97.75,279.75
Manufacturing,2012Aug,176,2012-08-01,False,False,187.0,-0.05882352941176472,False,97.75,279.75
Manufacturing,2012Sep,163,2012-09-01,False,False,176.0,-0.07386363636363635,False,97.75,279.75
Manufacturing,2012Oct,171,2012-10-01,False,False,163.0,0.04907975460122693,False,97.75,279.75
Manufacturing,2012Nov,174,2012-11-01,False,False,171.0,0.01754385964912286,False,97.75,279.75
Manufacturing,2012Dec,161,2012-12-01,False,False,174.0,-0.07471264367816088,False,97.75,279.75
Manufacturing,2013Jan,188,2013-01-01,False,False,161.0,0.16770186335403725,False,97.75,279.75
Manufacturing,2013Feb,143,2013-02-01,False,False,188.0,-0.23936170212765961,False,97.75,279.75
Manufacturing,2013Mar,217,2013-03-01,False,False,143.0,0.5174825174825175,False,97.75,279.75
Manufacturing,2013Apr,238,2013-04-01,False,False,217.0,0.09677419354838701,False,97.75,279.75
Manufacturing,2013May,218,2013-05-01,False,False,238.0,-0.08403361344537819,False,97.75,279.75
Manufacturing,2013Jun,186,2013-06-01,False,False,218.0,-0.14678899082568808,False,97.75,279.75
Manufacturing,2013Jul,232,2013-07-01,False,False,186.0,0.24731182795698925,False,97.75,279.75
Manufacturing,2013Aug,207,2013-08-01,False,False,232.0,-0.10775862068965514,False,97.75,279.75
Manufacturing,2013Sep,196,2013-09-01,False,False,207.0,-0.0531400966183575,False,97.75,279.75
Manufacturing,2013Oct,191,2013-10-01,False,False,196.0,-0.025510204081632626,False,97.75,279.75
Manufacturing,2013Nov,205,2013-11-01,False,False,191.0,0.0732984293193717,False,97.75,279.75
Manufacturing,2013Dec,167,2013-12-01,False,False,205.0,-0.18536585365853664,False,97.75,279.75
Manufacturing,2014Jan,187,2014-01-01,False,False,167.0,0.11976047904191622,False,97.75,279.75
Manufacturing,2014Feb,169,2014-02-01,False,False,187.0,-0.09625668449197866,False,97.75,279.75
Manufacturing,2014Mar,250,2014-03-01,False,False,169.0,0.47928994082840237,False,97.75,279.75
Manufacturing,2014Apr,244,2014-04-01,False,False,250.0,-0.02400000000000002,False,97.75,279.75
Manufacturing,2014May,230,2014-05-01,False,False,244.0,-0.05737704918032782,False,97.75,279.75
Manufacturing,2014Jun,203,2014-06-01,False,False,230.0,-0.11739130434782608,False,97.75,279.75
Manufacturing,2014Jul,237,2014-07-01,False,False,203.0,0.16748768472906406,False,97.75,279.75
Manufacturing,2014Aug,209,2014-08-01,False,False,237.0,-0.11814345991561181,False,97.75,279.75
Manufacturing,2014Sep,238,2014-09-01,False,False,209.0,0.13875598086124397,False,97.75,279.75
Manufacturing,2014Oct,248,2014-10-01,False,False,238.0,0.04201680672268915,False,97.75,279.75
Manufacturing,2014Nov,265,2014-11-01,False,False,248.0,0.06854838709677424,False,97.75,279.75
Manufacturing,2014Dec,183,2014-12-01,False,False,265.0,-0.309433962264151,False,97.75,279.75
Manufacturing,2015Jan,238,2015-01-01,False,False,183.0,0.3005464480874316,False,97.75,279.75
Manufacturing,2015Feb,126,2015-02-01,False,False,238.0,-0.47058823529411764,False,97.75,279.75
Manufacturing,2015Mar,220,2015-03-01,False,False,126.0,0.746031746031746,False,97.75,279.75
Manufacturing,2015Apr,204,2015-04-01,False,False,220.0,-0.07272727272727275,False,97.75,279.75
Manufacturing,2015May,190,2015-05-01,False,False,204.0,-0.06862745098039214,False,97.75,279.75
Manufacturing,2015Jun,196,2015-06-01,False,False,190.0,0.03157894736842115,False,97.75,279.75
Manufacturing,2015Jul,214,2015-07-01,False,False,196.0,0.09183673469387754,False,97.75,279.75
Manufacturing,2015Aug,182,2015-08-01,False,False,214.0,-0.14953271028037385,False,97.75,279.75
Manufacturing,2015Sep,214,2015-09-01,False,False,182.0,0.17582417582417587,False,97.75,279.75
Manufacturing,2015Oct,185,2015-10-01,False,False,214.0,-0.13551401869158874,False,97.75,279.75
Manufacturing,2015Nov,162,2015-11-01,False,False,185.0,-0.12432432432432428,False,97.75,279.75
Manufacturing,2015Dec,115,2015-12-01,False,False,162.0,-0.2901234567901234,False,97.75,279.75
Manufacturing,2016Jan,150,2016-01-01,False,False,115.0,0.30434782608695654,False,97.75,279.75
Manufacturing,2016Feb,156,2016-02-01,False,False,150.0,0.040000000000000036,False,97.75,279.75
Manufacturing,2016Mar,209,2016-03-01,False,False,156.0,0.33974358974358965,False,97.75,279.75
Manufacturing,2016Apr,211,2016-04-01,False,False,209.0,0.009569377990430672,False,97.75,279.75
Manufacturing,2016May,167,2016-05-01,False,False,211.0,-0.20853080568720384,False,97.75,279.75
Manufacturing,2016Jun,181,2016-06-01,False,False,167.0,0.08383233532934131,False,97.75,279.75
Manufacturing,2016Jul,161,2016-07-01,False,False,181.0,-0.11049723756906082,False,97.75,279.75
Manufacturing,2016Aug,182,2016-08-01,False,False,161.0,0.13043478260869557,False,97.75,279.75
Manufacturing,2016Sep,172,2016-09-01,False,False,182.0,-0.05494505494505497,False,97.75,279.75
Manufacturing,2016Oct,160,2016-10-01,False,False,172.0,-0.06976744186046513,False,97.75,279.75
Manufacturing,2016Nov,169,2016-11-01,False,False,160.0,0.05624999999999991,False,97.75,279.75
Manufacturing,2016Dec,160,2016-12-01,False,False,169.0,-0.053254437869822535,False,97.75,279.75
Manufacturing,2017Jan,186,2017-01-01,False,False,160.0,0.1625000000000001,False,97.75,279.75
Manufacturing,2017Feb,178,2017-02-01,False,False,186.0,-0.043010752688172005,False,97.75,279.75
Manufacturing,2017Mar,195,2017-03-01,False,False,178.0,0.09550561797752799,False,97.75,279.75
Manufacturing,2017Apr,174,2017-04-01,False,False,195.0,-0.10769230769230764,False,97.75,279.75
Manufacturing,2017May,189,2017-05-01,False,False,174.0,0.0862068965517242,False,97.75,279.75
Manufacturing,2017Jun,148,2017-06-01,False,False,189.0,-0.21693121693121697,False,97.75,279.75
Manufacturing,2017Jul,181,2017-07-01,False,False,148.0,0.22297297297297303,False,97.75,279.75
Manufacturing,2017Aug,179,2017-08-01,False,False,181.0,-0.011049723756906049,False,97.75,279.75
Manufacturing,2017Sep,148,2017-09-01,False,False,179.0,-0.17318435754189943,False,97.75,279.75
Manufacturing,2017Oct,153,2017-10-01,False,False,148.0,0.03378378378378377,False,97.75,279.75
Manufacturing,2017Nov,150,2017-11-01,False,False,153.0,-0.019607843137254943,False,97.75,279.75
Manufacturing,2017Dec,130,2017-12-01,False,False,150.0,-0.1333333333333333,False,97.75,279.75
Manufacturing,2018Jan,192,2018-01-01,False,False,130.0,0.476923076923077,False,97.75,279.75
Manufacturing,2018Feb,124,2018-02-01,False,False,192.0,-0.35416666666666663,False,97.75,279.75
Manufacturing,2018Mar,138,2018-03-01,False,False,124.0,0.11290322580645151,False,97.75,279.75
Manufacturing,2018Apr,181,2018-04-01,False,False,138.0,0.3115942028985508,False,97.75,279.75
Manufacturing,2018May,169,2018-05-01,False,False,181.0,-0.06629834254143652,False,97.75,279.75
Manufacturing,2018Jun,135,2018-06-01,False,False,169.0,-0.20118343195266275,False,97.75,279.75
Manufacturing,2018Jul,173,2018-07-01,False,False,135.0,0.28148148148148144,False,97.75,279.75
Manufacturing,2018Aug,166,2018-08-01,False,False,173.0,-0.040462427745664775,False,97.75,279.75
Manufacturing,2018Sep,153,2018-09-01,False,False,166.0,-0.07831325301204817,False,97.75,279.75
Manufacturing,2018Oct,186,2018-10-01,False,False,153.0,0.21568627450980382,False,97.75,279.75
Manufacturing,2018Nov,182,2018-11-01,False,False,186.0,-0.021505376344086002,False,97.75,279.75
Manufacturing,2018Dec,120,2018-12-01,False,False,182.0,-0.34065934065934067,False,97.75,279.75
Manufacturing,2019Jan,197,2019-01-01,False,False,120.0,0.6416666666666666,False,97.75,279.75
Manufacturing,2019Feb,141,2019-02-01,False,False,197.0,-0.2842639593908629,False,97.75,279.75
Manufacturing,2019Mar,177,2019-03-01,False,False,141.0,0.25531914893617014,False,97.75,279.75
Manufacturing,2019Apr,167,2019-04-01,False,False,177.0,-0.05649717514124297,False,97.75,279.75
Manufacturing,2019May,193,2019-05-01,False,False,167.0,0.1556886227544909,False,97.75,279.75
Manufacturing,2019Jun,140,2019-06-01,False,False,193.0,-0.27461139896373055,False,97.75,279.75
Manufacturing,2019Jul,214,2019-07-01,False,False,140.0,0.5285714285714285,False,97.75,279.75
Manufacturing,2019Aug,185,2019-08-01,False,False,214.0,-0.13551401869158874,False,97.75,279.75
Manufacturing,2019Sep,189,2019-09-01,False,False,185.0,0.021621621621621623,False,97.75,279.75
Manufacturing,2019Oct,179,2019-10-01,False,False,189.0,-0.05291005291005291,False,97.75,279.75
Manufacturing,2019Nov,167,2019-11-01,False,False,179.0,-0.06703910614525144,False,97.75,279.75
Manufacturing,2019Dec,153,2019-12-01,False,False,167.0,-0.08383233532934131,False,97.75,279.75
Manufacturing,2020Jan,167,2020-01-01,False,False,153.0,0.0915032679738561,False,97.75,279.75
Manufacturing,2020Feb,131,2020-02-01,False,False,167.0,-0.21556886227544914,False,97.75,279.75
Manufacturing,2020Mar,205,2020-03-01,False,False,131.0,0.5648854961832062,False,97.75,279.75
Manufacturing,2020Apr,130,2020-04-01,False,False,205.0,-0.36585365853658536,False,97.75,279.75
Manufacturing,2020May,155,2020-05-01,False,False,130.0,0.1923076923076923,False,97.75,279.75
Manufacturing,2020Jun,241,2020-06-01,False,False,155.0,0.5548387096774194,False,97.75,279.75
Manufacturing,2020Jul,247,2020-07-01,False,False,241.0,0.024896265560165887,False,97.75,279.75
Manufacturing,2020Aug,264,2020-08-01,False,False,247.0,0.06882591093117418,False,97.75,279.75
Manufacturing,2020Sep,231,2020-09-01,False,False,264.0,-0.125,False,97.75,279.75
Manufacturing,2020Oct,251,2020-10-01,False,False,231.0,0.08658008658008653,False,97.75,279.75
Manufacturing,2020Nov,237,2020-11-01,False,False,251.0,-0.055776892430278835,False,97.75,279.75
Manufacturing,2020Dec,212,2020-12-01,False,False,237.0,-0.10548523206751059,False,97.75,279.75
Manufacturing,2021Jan,267,2021-01-01,False,False,212.0,0.25943396226415105,False,97.75,279.75
Manufacturing,2021Feb,181,2021-02-01,False,False,267.0,-0.32209737827715357,False,97.75,279.75
Manufacturing,2021Mar,264,2021-03-01,False,False,181.0,0.45856353591160226,False,97.75,279.75
Manufacturing,2021Apr,236,2021-04-01,False,False,264.0,-0.10606060606060608,False,97.75,279.75
Manufacturing,2021May,190,2021-05-01,False,False,236.0,-0.19491525423728817,False,97.75,279.75
Manufacturing,2021Jun,237,2021-06-01,False,False,190.0,0.24736842105263168,False,97.75,279.75
Manufacturing,2021Jul,248,2021-07-01,False,False,237.0,0.04641350210970474,False,97.75,279.75
Manufacturing,2021Aug,216,2021-08-01,False,False,248.0,-0.12903225806451613,False,97.75,279.75
Manufacturing,2021Sep,226,2021-09-01,False,False,216.0,0.04629629629629628,False,97.75,279.75
Manufacturing,2021Oct,203,2021-10-01,False,False,226.0,-0.10176991150442483,False,97.75,279.75
Manufacturing,2021Nov,199,2021-11-01,False,False,203.0,-0.019704433497536922,False,97.75,279.75
Manufacturing,2021Dec,196,2021-12-01,False,False,199.0,-0.015075376884422065,False,97.75,279.75
Manufacturing,2022Jan,188,2022-01-01,False,False,196.0,-0.04081632653061229,False,97.75,279.75
Manufacturing,2022Feb,207,2022-02-01,False,False,188.0,0.10106382978723394,False,97.75,279.75
Manufacturing,2022Mar,226,2022-03-01,False,False,207.0,0.09178743961352653,False,97.75,279.75
Manufacturing,2022Apr,203,2022-04-01,False,False,226.0,-0.10176991150442483,False,97.75,279.75
Manufacturing,2022May,198,2022-05-01,False,False,203.0,-0.024630541871921152,False,97.75,279.75
Manufacturing,2022Jun,196,2022-06-01,False,False,198.0,-0.010101010101010055,False,97.75,279.75
Manufacturing,2022Jul,190,2022-07-01,False,False,196.0,-0.030612244897959218,False,97.75,279.75
Manufacturing,2022Aug,216,2022-08-01,False,False,190.0,0.13684210526315788,False,97.75,279.75
Manufacturing,2022Sep,192,2022-09-01,False,False,216.0,-0.11111111111111116,False,97.75,279.75
Manufacturing,2022Oct,192,2022-10-01,False,False,192.0,0.0,False,97.75,279.75
Manufacturing,2022Nov,232,2022-11-01,False,False,192.0,0.20833333333333326,False,97.75,279.75
Manufacturing,2022Dec,197,2022-12-01,False,False,232.0,-0.15086206896551724,False,97.75,279.75
Manufacturing,2023Jan,176,2023-01-01,False,False,197.0,-0.10659898477157359,False,97.75,279.75
Manufacturing,2023Feb,181,2023-02-01,False,False,176.0,0.02840909090909083,False,97.75,279.75
Manufacturing,2023Mar,242,2023-03-01,False,False,181.0,0.3370165745856353,False,97.75,279.75
Manufacturing,2023Apr,204,2023-04-01,False,False,242.0,-0.15702479338842978,False,97.75,279.75
Manufacturing,2023May,238,2023-05-01,False,False,204.0,0.16666666666666674,False,97.75,279.75
Manufacturing,2023Jun,189,2023-06-01,False,False,238.0,-0.20588235294117652,False,97.75,279.75
Manufacturing,2023Jul,245,2023-07-01,False,False,189.0,0.2962962962962963,False,97.75,279.75
Manufacturing,2023Aug,239,2023-08-01,False,False,245.0,-0.024489795918367308,False,97.75,279.75
Manufacturing,2023Sep,229,2023-09-01,False,False,239.0,-0.04184100418410042,False,97.75,279.75
Manufacturing,2023Oct,221,2023-10-01,False,False,229.0,-0.03493449781659386,False,97.75,279.75
Manufacturing,2023Nov,193,2023-11-01,False,False,221.0,-0.12669683257918551,False,97.75,279.75
Manufacturing,2023Dec,198,2023-12-01,False,False,193.0,0.02590673575129543,False,97.75,279.75
Manufacturing,2024Jan,214,2024-01-01,False,False,198.0,0.08080808080808088,False,97.75,279.75
Manufacturing,2024Feb,163,2024-02-01,False,False,214.0,-0.23831775700934577,False,97.75,279.75
Manufacturing,2024Mar,190,2024-03-01,False,False,163.0,0.16564417177914104,False,97.75,279.75
Manufacturing,2024Apr,218,2024-04-01,False,False,190.0,0.1473684210526316,False,97.75,279.75
Manufacturing,2024May,224,2024-05-01,False,False,218.0,0.02752293577981657,False,97.75,279.75
Manufacturing,2024Jun,182,2024-06-01,False,False,224.0,-0.1875,False,97.75,279.75
Manufacturing,2024Jul,245,2024-07-01,False,False,182.0,0.34615384615384626,False,97.75,279.75
Manufacturing,2024Aug,212,2024-08-01,False,False,245.0,-0.13469387755102036,False,97.75,279.75
Manufacturing,2024Sep,211,2024-09-01,False,False,212.0,-0.004716981132075526,False,97.75,279.75
Manufacturing,2024Oct,209,2024-10-01,False,False,211.0,-0.009478672985781977,False,97.75,279.75
Manufacturing,2024Nov,219,2024-11-01,False,False,209.0,0.04784688995215314,False,97.75,279.75
Manufacturing,2024Dec,128,2024-12-01,False,False,219.0,-0.4155251141552512,False,97.75,279.75
Manufacturing,2025Jan,192,2025-01-01,False,False,128.0,0.5,False,97.75,279.75
Manufacturing,2025Feb,174,2025-02-01,False,False,192.0,-0.09375,False,97.75,279.75
Manufacturing,2025Mar,220,2025-03-01,False,False,174.0,0.26436781609195403,False,97.75,279.75
Manufacturing,2025Apr,236,2025-04-01,False,False,220.0,0.07272727272727275,False,97.75,279.75
Manufacturing,2025May,252,2025-05-01,False,False,236.0,0.06779661016949157,False,97.75,279.75
Manufacturing,2025Jun,214,2025-06-01,False,False,252.0,-0.1507936507936508,False,97.75,279.75
Manufacturing,2025Jul,227,2025-07-01,False,False,214.0,0.06074766355140193,False,97.75,279.75
Manufacturing,2025Aug,241,2025-08-01,False,False,227.0,0.06167400881057272,False,97.75,279.75
Manufacturing,2025Sep,206,2025-09-01,False,False,241.0,-0.1452282157676349,False,97.75,279.75
Manufacturing,2025Oct,226,2025-10-01,False,False,206.0,0.09708737864077666,False,97.75,279.75
Manufacturing,2025Nov,197,2025-11-01,False,False,226.0,-0.12831858407079644,False,97.75,279.75
Manufacturing,2025Dec,198,2025-12-01,False,False,197.0,0.0050761421319796,False,97.75,279.75
Manufacturing,2026Jan,271,2026-01-01,False,False,198.0,0.36868686868686873,False,97.75,279.75
Manufacturing,2026Feb,176,2026-02-01,False,False,271.0,-0.3505535055350554,False,97.75,279.75
Manufacturing,2026Mar,243,2026-03-01,False,False,176.0,0.3806818181818181,False,97.75,279.75
Others,1990Jan,5,1990-01-01,False,False,,,False,-11.75,54.25
Others,1990Feb,3,1990-02-01,False,False,5.0,-0.4,False,-11.75,54.25
Others,1990Mar,5,1990-03-01,False,False,3.0,0.6666666666666667,False,-11.75,54.25
Others,1990Apr,2,1990-04-01,False,False,5.0,-0.6,False,-11.75,54.25
Others,1990May,8,1990-05-01,False,False,2.0,3.0,False,-11.75,54.25
Others,1990Jun,7,1990-06-01,False,False,8.0,-0.125,False,-11.75,54.25
Others,1990Jul,3,1990-07-01,False,False,7.0,-0.5714285714285714,False,-11.75,54.25
Others,1990Aug,11,1990-08-01,False,False,3.0,2.6666666666666665,False,-11.75,54.25
Others,1990Sep,4,1990-09-01,False,False,11.0,-0.6363636363636364,False,-11.75,54.25
Others,1990Oct,9,1990-10-01,False,False,4.0,1.25,False,-11.75,54.25
Others,1990Nov,9,1990-11-01,False,False,9.0,0.0,False,-11.75,54.25
Others,1990Dec,3,1990-12-01,False,False,9.0,-0.6666666666666667,False,-11.75,54.25
Others,1991Jan,7,1991-01-01,False,False,3.0,1.3333333333333335,False,-11.75,54.25
Others,1991Feb,4,1991-02-01,False,False,7.0,-0.4285714285714286,False,-11.75,54.25
Others,1991Mar,11,1991-03-01,False,False,4.0,1.75,False,-11.75,54.25
Others,1991Apr,6,1991-04-01,False,False,11.0,-0.4545454545454546,False,-11.75,54.25
Others,1991May,8,1991-05-01,False,False,6.0,0.33333333333333326,False,-11.75,54.25
Others,1991Jun,9,1991-06-01,False,False,8.0,0.125,False,-11.75,54.25
Others,1991Jul,8,1991-07-01,False,False,9.0,-0.11111111111111116,False,-11.75,54.25
Others,1991Aug,10,1991-08-01,False,False,8.0,0.25,False,-11.75,54.25
Others,1991Sep,9,1991-09-01,False,False,10.0,-0.09999999999999998,False,-11.75,54.25
Others,1991Oct,4,1991-10-01,False,False,9.0,-0.5555555555555556,False,-11.75,54.25
Others,1991Nov,3,1991-11-01,False,False,4.0,-0.25,False,-11.75,54.25
Others,1991Dec,8,1991-12-01,False,False,3.0,1.6666666666666665,False,-11.75,54.25
Others,1992Jan,6,1992-01-01,False,False,8.0,-0.25,False,-11.75,54.25
Others,1992Feb,4,1992-02-01,False,False,6.0,-0.33333333333333337,False,-11.75,54.25
Others,1992Mar,3,1992-03-01,False,False,4.0,-0.25,False,-11.75,54.25
Others,1992Apr,9,1992-04-01,False,False,3.0,2.0,False,-11.75,54.25
Others,1992May,9,1992-05-01,False,False,9.0,0.0,False,-11.75,54.25
Others,1992Jun,11,1992-06-01,False,False,9.0,0.22222222222222232,False,-11.75,54.25
Others,1992Jul,10,1992-07-01,False,False,11.0,-0.09090909090909094,False,-11.75,54.25
Others,1992Aug,9,1992-08-01,False,False,10.0,-0.09999999999999998,False,-11.75,54.25
Others,1992Sep,7,1992-09-01,False,False,9.0,-0.2222222222222222,False,-11.75,54.25
Others,1992Oct,10,1992-10-01,False,False,7.0,0.4285714285714286,False,-11.75,54.25
Others,1992Nov,11,1992-11-01,False,False,10.0,0.10000000000000009,False,-11.75,54.25
Others,1992Dec,5,1992-12-01,False,False,11.0,-0.5454545454545454,False,-11.75,54.25
Others,1993Jan,4,1993-01-01,False,False,5.0,-0.19999999999999996,False,-11.75,54.25
Others,1993Feb,14,1993-02-01,False,False,4.0,2.5,False,-11.75,54.25
Others,1993Mar,9,1993-03-01,False,False,14.0,-0.3571428571428571,False,-11.75,54.25
Others,1993Apr,14,1993-04-01,False,False,9.0,0.5555555555555556,False,-11.75,54.25
Others,1993May,14,1993-05-01,False,False,14.0,0.0,False,-11.75,54.25
Others,1993Jun,8,1993-06-01,False,False,14.0,-0.4285714285714286,False,-11.75,54.25
Others,1993Jul,5,1993-07-01,False,False,8.0,-0.375,False,-11.75,54.25
Others,1993Aug,12,1993-08-01,False,False,5.0,1.4,False,-11.75,54.25
Others,1993Sep,14,1993-09-01,False,False,12.0,0.16666666666666674,False,-11.75,54.25
Others,1993Oct,6,1993-10-01,False,False,14.0,-0.5714285714285714,False,-11.75,54.25
Others,1993Nov,14,1993-11-01,False,False,6.0,1.3333333333333335,False,-11.75,54.25
Others,1993Dec,10,1993-12-01,False,False,14.0,-0.2857142857142857,False,-11.75,54.25
Others,1994Jan,16,1994-01-01,False,False,10.0,0.6000000000000001,False,-11.75,54.25
Others,1994Feb,8,1994-02-01,False,False,16.0,-0.5,False,-11.75,54.25
Others,1994Mar,14,1994-03-01,False,False,8.0,0.75,False,-11.75,54.25
Others,1994Apr,15,1994-04-01,False,False,14.0,0.0714285714285714,False,-11.75,54.25
Others,1994May,9,1994-05-01,False,False,15.0,-0.4,False,-11.75,54.25
Others,1994Jun,11,1994-06-01,False,False,9.0,0.22222222222222232,False,-11.75,54.25
Others,1994Jul,12,1994-07-01,False,False,11.0,0.09090909090909083,False,-11.75,54.25
Others,1994Aug,9,1994-08-01,False,False,12.0,-0.25,False,-11.75,54.25
Others,1994Sep,14,1994-09-01,False,False,9.0,0.5555555555555556,False,-11.75,54.25
Others,1994Oct,13,1994-10-01,False,False,14.0,-0.0714285714285714,False,-11.75,54.25
Others,1994Nov,10,1994-11-01,False,False,13.0,-0.23076923076923073,False,-11.75,54.25
Others,1994Dec,17,1994-12-01,False,False,10.0,0.7,False,-11.75,54.25
Others,1995Jan,18,1995-01-01,False,False,17.0,0.05882352941176472,False,-11.75,54.25
Others,1995Feb,7,1995-02-01,False,False,18.0,-0.6111111111111112,False,-11.75,54.25
Others,1995Mar,8,1995-03-01,False,False,7.0,0.1428571428571428,False,-11.75,54.25
Others,1995Apr,13,1995-04-01,False,False,8.0,0.625,False,-11.75,54.25
Others,1995May,12,1995-05-01,False,False,13.0,-0.07692307692307687,False,-11.75,54.25
Others,1995Jun,15,1995-06-01,False,False,12.0,0.25,False,-11.75,54.25
Others,1995Jul,10,1995-07-01,False,False,15.0,-0.33333333333333337,False,-11.75,54.25
Others,1995Aug,14,1995-08-01,False,False,10.0,0.3999999999999999,False,-11.75,54.25
Others,1995Sep,7,1995-09-01,False,False,14.0,-0.5,False,-11.75,54.25
Others,1995Oct,16,1995-10-01,False,False,7.0,1.2857142857142856,False,-11.75,54.25
Others,1995Nov,11,1995-11-01,False,False,16.0,-0.3125,False,-11.75,54.25
Others,1995Dec,3,1995-12-01,False,False,11.0,-0.7272727272727273,False,-11.75,54.25
Others,1996Jan,13,1996-01-01,False,False,3.0,3.333333333333333,False,-11.75,54.25
Others,1996Feb,7,1996-02-01,False,False,13.0,-0.46153846153846156,False,-11.75,54.25
Others,1996Mar,16,1996-03-01,False,False,7.0,1.2857142857142856,False,-11.75,54.25
Others,1996Apr,10,1996-04-01,False,False,16.0,-0.375,False,-11.75,54.25
Others,1996May,10,1996-05-01,False,False,10.0,0.0,False,-11.75,54.25
Others,1996Jun,14,1996-06-01,False,False,10.0,0.3999999999999999,False,-11.75,54.25
Others,1996Jul,18,1996-07-01,False,False,14.0,0.2857142857142858,False,-11.75,54.25
Others,1996Aug,12,1996-08-01,False,False,18.0,-0.33333333333333337,False,-11.75,54.25
Others,1996Sep,14,1996-09-01,False,False,12.0,0.16666666666666674,False,-11.75,54.25
Others,1996Oct,8,1996-10-01,False,False,14.0,-0.4285714285714286,False,-11.75,54.25
Others,1996Nov,14,1996-11-01,False,False,8.0,0.75,False,-11.75,54.25
Others,1996Dec,16,1996-12-01,False,False,14.0,0.1428571428571428,False,-11.75,54.25
Others,1997Jan,17,1997-01-01,False,False,16.0,0.0625,False,-11.75,54.25
Others,1997Feb,12,1997-02-01,False,False,17.0,-0.2941176470588235,False,-11.75,54.25
Others,1997Mar,10,1997-03-01,False,False,12.0,-0.16666666666666663,False,-11.75,54.25
Others,1997Apr,20,1997-04-01,False,False,10.0,1.0,False,-11.75,54.25
Others,1997May,14,1997-05-01,False,False,20.0,-0.30000000000000004,False,-11.75,54.25
Others,1997Jun,16,1997-06-01,False,False,14.0,0.1428571428571428,False,-11.75,54.25
Others,1997Jul,17,1997-07-01,False,False,16.0,0.0625,False,-11.75,54.25
Others,1997Aug,11,1997-08-01,False,False,17.0,-0.3529411764705882,False,-11.75,54.25
Others,1997Sep,18,1997-09-01,False,False,11.0,0.6363636363636365,False,-11.75,54.25
Others,1997Oct,15,1997-10-01,False,False,18.0,-0.16666666666666663,False,-11.75,54.25
Others,1997Nov,13,1997-11-01,False,False,15.0,-0.1333333333333333,False,-11.75,54.25
Others,1997Dec,6,1997-12-01,False,False,13.0,-0.5384615384615384,False,-11.75,54.25
Others,1998Jan,10,1998-01-01,False,False,6.0,0.6666666666666667,False,-11.75,54.25
Others,1998Feb,4,1998-02-01,False,False,10.0,-0.6,False,-11.75,54.25
Others,1998Mar,10,1998-03-01,False,False,4.0,1.5,False,-11.75,54.25
Others,1998Apr,15,1998-04-01,False,False,10.0,0.5,False,-11.75,54.25
Others,1998May,15,1998-05-01,False,False,15.0,0.0,False,-11.75,54.25
Others,1998Jun,12,1998-06-01,False,False,15.0,-0.19999999999999996,False,-11.75,54.25
Others,1998Jul,7,1998-07-01,False,False,12.0,-0.41666666666666663,False,-11.75,54.25
Others,1998Aug,17,1998-08-01,False,False,7.0,1.4285714285714284,False,-11.75,54.25
Others,1998Sep,11,1998-09-01,False,False,17.0,-0.3529411764705882,False,-11.75,54.25
Others,1998Oct,8,1998-10-01,False,False,11.0,-0.2727272727272727,False,-11.75,54.25
Others,1998Nov,9,1998-11-01,False,False,8.0,0.125,False,-11.75,54.25
Others,1998Dec,9,1998-12-01,False,False,9.0,0.0,False,-11.75,54.25
Others,1999Jan,14,1999-01-01,False,False,9.0,0.5555555555555556,False,-11.75,54.25
Others,1999Feb,7,1999-02-01,False,False,14.0,-0.5,False,-11.75,54.25
Others,1999Mar,24,1999-03-01,False,False,7.0,2.4285714285714284,False,-11.75,54.25
Others,1999Apr,15,1999-04-01,False,False,24.0,-0.375,False,-11.75,54.25
Others,1999May,16,1999-05-01,False,False,15.0,0.06666666666666665,False,-11.75,54.25
Others,1999Jun,3,1999-06-01,False,False,16.0,-0.8125,False,-11.75,54.25
Others,1999Jul,14,1999-07-01,False,False,3.0,3.666666666666667,False,-11.75,54.25
Others,1999Aug,11,1999-08-01,False,False,14.0,-0.2142857142857143,False,-11.75,54.25
Others,1999Sep,7,1999-09-01,False,False,11.0,-0.36363636363636365,False,-11.75,54.25
Others,1999Oct,14,1999-10-01,False,False,7.0,1.0,False,-11.75,54.25
Others,1999Nov,13,1999-11-01,False,False,14.0,-0.0714285714285714,False,-11.75,54.25
Others,1999Dec,10,1999-12-01,False,False,13.0,-0.23076923076923073,False,-11.75,54.25
Others,2000Jan,12,2000-01-01,False,False,10.0,0.19999999999999996,False,-11.75,54.25
Others,2000Feb,11,2000-02-01,False,False,12.0,-0.08333333333333337,False,-11.75,54.25
Others,2000Mar,15,2000-03-01,False,False,11.0,0.36363636363636354,False,-11.75,54.25
Others,2000Apr,15,2000-04-01,False,False,15.0,0.0,False,-11.75,54.25
Others,2000May,11,2000-05-01,False,False,15.0,-0.2666666666666667,False,-11.75,54.25
Others,2000Jun,16,2000-06-01,False,False,11.0,0.4545454545454546,False,-11.75,54.25
Others,2000Jul,21,2000-07-01,False,False,16.0,0.3125,False,-11.75,54.25
Others,2000Aug,9,2000-08-01,False,False,21.0,-0.5714285714285714,False,-11.75,54.25
Others,2000Sep,13,2000-09-01,False,False,9.0,0.4444444444444444,False,-11.75,54.25
Others,2000Oct,13,2000-10-01,False,False,13.0,0.0,False,-11.75,54.25
Others,2000Nov,7,2000-11-01,False,False,13.0,-0.46153846153846156,False,-11.75,54.25
Others,2000Dec,8,2000-12-01,False,False,7.0,0.1428571428571428,False,-11.75,54.25
Others,2001Jan,12,2001-01-01,False,False,8.0,0.5,False,-11.75,54.25
Others,2001Feb,22,2001-02-01,False,False,12.0,0.8333333333333333,False,-11.75,54.25
Others,2001Mar,14,2001-03-01,False,False,22.0,-0.36363636363636365,False,-11.75,54.25
Others,2001Apr,12,2001-04-01,False,False,14.0,-0.1428571428571429,False,-11.75,54.25
Others,2001May,17,2001-05-01,False,False,12.0,0.41666666666666674,False,-11.75,54.25
Others,2001Jun,13,2001-06-01,False,False,17.0,-0.23529411764705888,False,-11.75,54.25
Others,2001Jul,8,2001-07-01,False,False,13.0,-0.3846153846153846,False,-11.75,54.25
Others,2001Aug,18,2001-08-01,False,False,8.0,1.25,False,-11.75,54.25
Others,2001Sep,11,2001-09-01,False,False,18.0,-0.38888888888888884,False,-11.75,54.25
Others,2001Oct,15,2001-10-01,False,False,11.0,0.36363636363636354,False,-11.75,54.25
Others,2001Nov,8,2001-11-01,False,False,15.0,-0.4666666666666667,False,-11.75,54.25
Others,2001Dec,9,2001-12-01,False,False,8.0,0.125,False,-11.75,54.25
Others,2002Jan,11,2002-01-01,False,False,9.0,0.22222222222222232,False,-11.75,54.25
Others,2002Feb,9,2002-02-01,False,False,11.0,-0.18181818181818177,False,-11.75,54.25
Others,2002Mar,14,2002-03-01,False,False,9.0,0.5555555555555556,False,-11.75,54.25
Others,2002Apr,13,2002-04-01,False,False,14.0,-0.0714285714285714,False,-11.75,54.25
Others,2002May,7,2002-05-01,False,False,13.0,-0.46153846153846156,False,-11.75,54.25
Others,2002Jun,14,2002-06-01,False,False,7.0,1.0,False,-11.75,54.25
Others,2002Jul,22,2002-07-01,False,False,14.0,0.5714285714285714,False,-11.75,54.25
Others,2002Aug,17,2002-08-01,False,False,22.0,-0.2272727272727273,False,-11.75,54.25
Others,2002Sep,17,2002-09-01,False,False,17.0,0.0,False,-11.75,54.25
Others,2002Oct,26,2002-10-01,False,False,17.0,0.5294117647058822,False,-11.75,54.25
Others,2002Nov,17,2002-11-01,False,False,26.0,-0.34615384615384615,False,-11.75,54.25
Others,2002Dec,15,2002-12-01,False,False,17.0,-0.11764705882352944,False,-11.75,54.25
Others,2003Jan,10,2003-01-01,False,False,15.0,-0.33333333333333337,False,-11.75,54.25
Others,2003Feb,10,2003-02-01,False,False,10.0,0.0,False,-11.75,54.25
Others,2003Mar,12,2003-03-01,False,False,10.0,0.19999999999999996,False,-11.75,54.25
Others,2003Apr,15,2003-04-01,False,False,12.0,0.25,False,-11.75,54.25
Others,2003May,18,2003-05-01,False,False,15.0,0.19999999999999996,False,-11.75,54.25
Others,2003Jun,20,2003-06-01,False,False,18.0,0.11111111111111116,False,-11.75,54.25
Others,2003Jul,21,2003-07-01,False,False,20.0,0.050000000000000044,False,-11.75,54.25
Others,2003Aug,18,2003-08-01,False,False,21.0,-0.1428571428571429,False,-11.75,54.25
Others,2003Sep,22,2003-09-01,False,False,18.0,0.22222222222222232,False,-11.75,54.25
Others,2003Oct,25,2003-10-01,False,False,22.0,0.13636363636363646,False,-11.75,54.25
Others,2003Nov,20,2003-11-01,False,False,25.0,-0.19999999999999996,False,-11.75,54.25
Others,2003Dec,11,2003-12-01,False,False,20.0,-0.44999999999999996,False,-11.75,54.25
Others,2004Jan,12,2004-01-01,False,False,11.0,0.09090909090909083,False,-11.75,54.25
Others,2004Feb,23,2004-02-01,False,False,12.0,0.9166666666666667,False,-11.75,54.25
Others,2004Mar,18,2004-03-01,False,False,23.0,-0.21739130434782605,False,-11.75,54.25
Others,2004Apr,21,2004-04-01,False,False,18.0,0.16666666666666674,False,-11.75,54.25
Others,2004May,26,2004-05-01,False,False,21.0,0.23809523809523814,False,-11.75,54.25
Others,2004Jun,23,2004-06-01,False,False,26.0,-0.11538461538461542,False,-11.75,54.25
Others,2004Jul,23,2004-07-01,False,False,23.0,0.0,False,-11.75,54.25
Others,2004Aug,20,2004-08-01,False,False,23.0,-0.13043478260869568,False,-11.75,54.25
Others,2004Sep,19,2004-09-01,False,False,20.0,-0.050000000000000044,False,-11.75,54.25
Others,2004Oct,21,2004-10-01,False,False,19.0,0.10526315789473695,False,-11.75,54.25
Others,2004Nov,13,2004-11-01,False,False,21.0,-0.38095238095238093,False,-11.75,54.25
Others,2004Dec,20,2004-12-01,False,False,13.0,0.5384615384615385,False,-11.75,54.25
Others,2005Jan,20,2005-01-01,False,False,20.0,0.0,False,-11.75,54.25
Others,2005Feb,21,2005-02-01,False,False,20.0,0.050000000000000044,False,-11.75,54.25
Others,2005Mar,23,2005-03-01,False,False,21.0,0.09523809523809534,False,-11.75,54.25
Others,2005Apr,22,2005-04-01,False,False,23.0,-0.04347826086956519,False,-11.75,54.25
Others,2005May,17,2005-05-01,False,False,22.0,-0.2272727272727273,False,-11.75,54.25
Others,2005Jun,19,2005-06-01,False,False,17.0,0.11764705882352944,False,-11.75,54.25
Others,2005Jul,17,2005-07-01,False,False,19.0,-0.10526315789473684,False,-11.75,54.25
Others,2005Aug,27,2005-08-01,False,False,17.0,0.588235294117647,False,-11.75,54.25
Others,2005Sep,19,2005-09-01,False,False,27.0,-0.2962962962962963,False,-11.75,54.25
Others,2005Oct,29,2005-10-01,False,False,19.0,0.5263157894736843,False,-11.75,54.25
Others,2005Nov,21,2005-11-01,False,False,29.0,-0.27586206896551724,False,-11.75,54.25
Others,2005Dec,24,2005-12-01,False,False,21.0,0.1428571428571428,False,-11.75,54.25
Others,2006Jan,19,2006-01-01,False,False,24.0,-0.20833333333333337,False,-11.75,54.25
Others,2006Feb,11,2006-02-01,False,False,19.0,-0.42105263157894735,False,-11.75,54.25
Others,2006Mar,25,2006-03-01,False,False,11.0,1.272727272727273,False,-11.75,54.25
Others,2006Apr,24,2006-04-01,False,False,25.0,-0.040000000000000036,False,-11.75,54.25
Others,2006May,22,2006-05-01,False,False,24.0,-0.08333333333333337,False,-11.75,54.25
Others,2006Jun,27,2006-06-01,False,False,22.0,0.2272727272727273,False,-11.75,54.25
Others,2006Jul,22,2006-07-01,False,False,27.0,-0.18518518518518523,False,-11.75,54.25
Others,2006Aug,29,2006-08-01,False,False,22.0,0.3181818181818181,False,-11.75,54.25
Others,2006Sep,27,2006-09-01,False,False,29.0,-0.06896551724137934,False,-11.75,54.25
Others,2006Oct,18,2006-10-01,False,False,27.0,-0.33333333333333337,False,-11.75,54.25
Others,2006Nov,24,2006-11-01,False,False,18.0,0.33333333333333326,False,-11.75,54.25
Others,2006Dec,24,2006-12-01,False,False,24.0,0.0,False,-11.75,54.25
Others,2007Jan,27,2007-01-01,False,False,24.0,0.125,False,-11.75,54.25
Others,2007Feb,12,2007-02-01,False,False,27.0,-0.5555555555555556,False,-11.75,54.25
Others,2007Mar,26,2007-03-01,False,False,12.0,1.1666666666666665,False,-11.75,54.25
Others,2007Apr,32,2007-04-01,False,False,26.0,0.23076923076923084,False,-11.75,54.25
Others,2007May,31,2007-05-01,False,False,32.0,-0.03125,False,-11.75,54.25
Others,2007Jun,32,2007-06-01,False,False,31.0,0.032258064516129004,False,-11.75,54.25
Others,2007Jul,34,2007-07-01,False,False,32.0,0.0625,False,-11.75,54.25
Others,2007Aug,26,2007-08-01,False,False,34.0,-0.23529411764705888,False,-11.75,54.25
Others,2007Sep,25,2007-09-01,False,False,26.0,-0.038461538461538436,False,-11.75,54.25
Others,2007Oct,31,2007-10-01,False,False,25.0,0.24,False,-11.75,54.25
Others,2007Nov,39,2007-11-01,False,False,31.0,0.25806451612903225,False,-11.75,54.25
Others,2007Dec,27,2007-12-01,False,False,39.0,-0.3076923076923077,False,-11.75,54.25
Others,2008Jan,37,2008-01-01,False,False,27.0,0.37037037037037046,False,-11.75,54.25
Others,2008Feb,30,2008-02-01,False,False,37.0,-0.18918918918918914,False,-11.75,54.25
Others,2008Mar,26,2008-03-01,False,False,30.0,-0.1333333333333333,False,-11.75,54.25
Others,2008Apr,35,2008-04-01,False,False,26.0,0.34615384615384626,False,-11.75,54.25
Others,2008May,35,2008-05-01,False,False,35.0,0.0,False,-11.75,54.25
Others,2008Jun,37,2008-06-01,False,False,35.0,0.05714285714285716,False,-11.75,54.25
Others,2008Jul,46,2008-07-01,False,False,37.0,0.2432432432432432,False,-11.75,54.25
Others,2008Aug,49,2008-08-01,False,False,46.0,0.0652173913043479,False,-11.75,54.25
Others,2008Sep,31,2008-09-01,False,False,49.0,-0.36734693877551017,False,-11.75,54.25
Others,2008Oct,25,2008-10-01,False,False,31.0,-0.19354838709677424,False,-11.75,54.25
Others,2008Nov,22,2008-11-01,False,False,25.0,-0.12,False,-11.75,54.25
Others,2008Dec,13,2008-12-01,False,False,22.0,-0.40909090909090906,False,-11.75,54.25
Others,2009Jan,14,2009-01-01,False,False,13.0,0.07692307692307687,False,-11.75,54.25
Others,2009Feb,27,2009-02-01,False,False,14.0,0.9285714285714286,False,-11.75,54.25
Others,2009Mar,25,2009-03-01,False,False,27.0,-0.07407407407407407,False,-11.75,54.25
Others,2009Apr,26,2009-04-01,False,False,25.0,0.040000000000000036,False,-11.75,54.25
Others,2009May,28,2009-05-01,False,False,26.0,0.07692307692307687,False,-11.75,54.25
Others,2009Jun,28,2009-06-01,False,False,28.0,0.0,False,-11.75,54.25
Others,2009Jul,23,2009-07-01,False,False,28.0,-0.1785714285714286,False,-11.75,54.25
Others,2009Aug,27,2009-08-01,False,False,23.0,0.17391304347826098,False,-11.75,54.25
Others,2009Sep,23,2009-09-01,False,False,27.0,-0.14814814814814814,False,-11.75,54.25
Others,2009Oct,33,2009-10-01,False,False,23.0,0.4347826086956521,False,-11.75,54.25
Others,2009Nov,21,2009-11-01,False,False,33.0,-0.36363636363636365,False,-11.75,54.25
Others,2009Dec,21,2009-12-01,False,False,21.0,0.0,False,-11.75,54.25
Others,2010Jan,15,2010-01-01,False,False,21.0,-0.2857142857142857,False,-11.75,54.25
Others,2010Feb,17,2010-02-01,False,False,15.0,0.1333333333333333,False,-11.75,54.25
Others,2010Mar,32,2010-03-01,False,False,17.0,0.8823529411764706,False,-11.75,54.25
Others,2010Apr,26,2010-04-01,False,False,32.0,-0.1875,False,-11.75,54.25
Others,2010May,21,2010-05-01,False,False,26.0,-0.1923076923076923,False,-11.75,54.25
Others,2010Jun,27,2010-06-01,False,False,21.0,0.2857142857142858,False,-11.75,54.25
Others,2010Jul,28,2010-07-01,False,False,27.0,0.03703703703703698,False,-11.75,54.25
Others,2010Aug,27,2010-08-01,False,False,28.0,-0.0357142857142857,False,-11.75,54.25
Others,2010Sep,31,2010-09-01,False,False,27.0,0.14814814814814814,False,-11.75,54.25
Others,2010Oct,21,2010-10-01,False,False,31.0,-0.32258064516129037,False,-11.75,54.25
Others,2010Nov,38,2010-11-01,False,False,21.0,0.8095238095238095,False,-11.75,54.25
Others,2010Dec,30,2010-12-01,False,False,38.0,-0.21052631578947367,False,-11.75,54.25
Others,2011Jan,32,2011-01-01,False,False,30.0,0.06666666666666665,False,-11.75,54.25
Others,2011Feb,23,2011-02-01,False,False,32.0,-0.28125,False,-11.75,54.25
Others,2011Mar,30,2011-03-01,False,False,23.0,0.30434782608695654,False,-11.75,54.25
Others,2011Apr,41,2011-04-01,False,False,30.0,0.3666666666666667,False,-11.75,54.25
Others,2011May,28,2011-05-01,False,False,41.0,-0.31707317073170727,False,-11.75,54.25
Others,2011Jun,35,2011-06-01,False,False,28.0,0.25,False,-11.75,54.25
Others,2011Jul,44,2011-07-01,False,False,35.0,0.2571428571428571,False,-11.75,54.25
Others,2011Aug,43,2011-08-01,False,False,44.0,-0.022727272727272707,False,-11.75,54.25
Others,2011Sep,30,2011-09-01,False,False,43.0,-0.3023255813953488,False,-11.75,54.25
Others,2011Oct,39,2011-10-01,False,False,30.0,0.30000000000000004,False,-11.75,54.25
Others,2011Nov,31,2011-11-01,False,False,39.0,-0.20512820512820518,False,-11.75,54.25
Others,2011Dec,37,2011-12-01,False,False,31.0,0.19354838709677424,False,-11.75,54.25
Others,2012Jan,19,2012-01-01,False,False,37.0,-0.4864864864864865,False,-11.75,54.25
Others,2012Feb,31,2012-02-01,False,False,19.0,0.631578947368421,False,-11.75,54.25
Others,2012Mar,31,2012-03-01,False,False,31.0,0.0,False,-11.75,54.25
Others,2012Apr,40,2012-04-01,False,False,31.0,0.29032258064516125,False,-11.75,54.25
Others,2012May,31,2012-05-01,False,False,40.0,-0.22499999999999998,False,-11.75,54.25
Others,2012Jun,43,2012-06-01,False,False,31.0,0.3870967741935485,False,-11.75,54.25
Others,2012Jul,27,2012-07-01,False,False,43.0,-0.37209302325581395,False,-11.75,54.25
Others,2012Aug,24,2012-08-01,False,False,27.0,-0.11111111111111116,False,-11.75,54.25
Others,2012Sep,24,2012-09-01,False,False,24.0,0.0,False,-11.75,54.25
Others,2012Oct,32,2012-10-01,False,False,24.0,0.33333333333333326,False,-11.75,54.25
Others,2012Nov,26,2012-11-01,False,False,32.0,-0.1875,False,-11.75,54.25
Others,2012Dec,29,2012-12-01,False,False,26.0,0.11538461538461542,False,-11.75,54.25
Others,2013Jan,25,2013-01-01,False,False,29.0,-0.13793103448275867,False,-11.75,54.25
Others,2013Feb,23,2013-02-01,False,False,25.0,-0.07999999999999996,False,-11.75,54.25
Others,2013Mar,25,2013-03-01,False,False,23.0,0.08695652173913038,False,-11.75,54.25
Others,2013Apr,24,2013-04-01,False,False,25.0,-0.040000000000000036,False,-11.75,54.25
Others,2013May,27,2013-05-01,False,False,24.0,0.125,False,-11.75,54.25
Others,2013Jun,28,2013-06-01,False,False,27.0,0.03703703703703698,False,-11.75,54.25
Others,2013Jul,33,2013-07-01,False,False,28.0,0.1785714285714286,False,-11.75,54.25
Others,2013Aug,24,2013-08-01,False,False,33.0,-0.2727272727272727,False,-11.75,54.25
Others,2013Sep,21,2013-09-01,False,False,24.0,-0.125,False,-11.75,54.25
Others,2013Oct,35,2013-10-01,False,False,21.0,0.6666666666666667,False,-11.75,54.25
Others,2013Nov,30,2013-11-01,False,False,35.0,-0.1428571428571429,False,-11.75,54.25
Others,2013Dec,25,2013-12-01,False,False,30.0,-0.16666666666666663,False,-11.75,54.25
Others,2014Jan,36,2014-01-01,False,False,25.0,0.43999999999999995,False,-11.75,54.25
Others,2014Feb,13,2014-02-01,False,False,36.0,-0.6388888888888888,False,-11.75,54.25
Others,2014Mar,32,2014-03-01,False,False,13.0,1.4615384615384617,False,-11.75,54.25
Others,2014Apr,38,2014-04-01,False,False,32.0,0.1875,False,-11.75,54.25
Others,2014May,41,2014-05-01,False,False,38.0,0.07894736842105265,False,-11.75,54.25
Others,2014Jun,27,2014-06-01,False,False,41.0,-0.3414634146341463,False,-11.75,54.25
Others,2014Jul,28,2014-07-01,False,False,27.0,0.03703703703703698,False,-11.75,54.25
Others,2014Aug,25,2014-08-01,False,False,28.0,-0.1071428571428571,False,-11.75,54.25
Others,2014Sep,44,2014-09-01,False,False,25.0,0.76,False,-11.75,54.25
Others,2014Oct,46,2014-10-01,False,False,44.0,0.045454545454545414,False,-11.75,54.25
Others,2014Nov,28,2014-11-01,False,False,46.0,-0.3913043478260869,False,-11.75,54.25
Others,2014Dec,36,2014-12-01,False,False,28.0,0.2857142857142858,False,-11.75,54.25
Others,2015Jan,29,2015-01-01,False,False,36.0,-0.19444444444444442,False,-11.75,54.25
Others,2015Feb,29,2015-02-01,False,False,29.0,0.0,False,-11.75,54.25
Others,2015Mar,24,2015-03-01,False,False,29.0,-0.1724137931034483,False,-11.75,54.25
Others,2015Apr,33,2015-04-01,False,False,24.0,0.375,False,-11.75,54.25
Others,2015May,37,2015-05-01,False,False,33.0,0.1212121212121211,False,-11.75,54.25
Others,2015Jun,22,2015-06-01,False,False,37.0,-0.4054054054054054,False,-11.75,54.25
Others,2015Jul,25,2015-07-01,False,False,22.0,0.13636363636363646,False,-11.75,54.25
Others,2015Aug,41,2015-08-01,False,False,25.0,0.6399999999999999,False,-11.75,54.25
Others,2015Sep,27,2015-09-01,False,False,41.0,-0.3414634146341463,False,-11.75,54.25
Others,2015Oct,36,2015-10-01,False,False,27.0,0.33333333333333326,False,-11.75,54.25
Others,2015Nov,25,2015-11-01,False,False,36.0,-0.3055555555555556,False,-11.75,54.25
Others,2015Dec,23,2015-12-01,False,False,25.0,-0.07999999999999996,False,-11.75,54.25
Others,2016Jan,27,2016-01-01,False,False,23.0,0.17391304347826098,False,-11.75,54.25
Others,2016Feb,27,2016-02-01,False,False,27.0,0.0,False,-11.75,54.25
Others,2016Mar,36,2016-03-01,False,False,27.0,0.33333333333333326,False,-11.75,54.25
Others,2016Apr,47,2016-04-01,False,False,36.0,0.3055555555555556,False,-11.75,54.25
Others,2016May,39,2016-05-01,False,False,47.0,-0.17021276595744683,False,-11.75,54.25
Others,2016Jun,37,2016-06-01,False,False,39.0,-0.05128205128205132,False,-11.75,54.25
Others,2016Jul,38,2016-07-01,False,False,37.0,0.027027027027026973,False,-11.75,54.25
Others,2016Aug,48,2016-08-01,False,False,38.0,0.26315789473684204,False,-11.75,54.25
Others,2016Sep,37,2016-09-01,False,False,48.0,-0.22916666666666663,False,-11.75,54.25
Others,2016Oct,35,2016-10-01,False,False,37.0,-0.05405405405405406,False,-11.75,54.25
Others,2016Nov,39,2016-11-01,False,False,35.0,0.11428571428571432,False,-11.75,54.25
Others,2016Dec,36,2016-12-01,False,False,39.0,-0.07692307692307687,False,-11.75,54.25
Others,2017Jan,24,2017-01-01,False,False,36.0,-0.33333333333333337,False,-11.75,54.25
Others,2017Feb,29,2017-02-01,False,False,24.0,0.20833333333333326,False,-11.75,54.25
Others,2017Mar,26,2017-03-01,False,False,29.0,-0.10344827586206895,False,-11.75,54.25
Others,2017Apr,23,2017-04-01,False,False,26.0,-0.11538461538461542,False,-11.75,54.25
Others,2017May,35,2017-05-01,False,False,23.0,0.5217391304347827,False,-11.75,54.25
Others,2017Jun,31,2017-06-01,False,False,35.0,-0.11428571428571432,False,-11.75,54.25
Others,2017Jul,20,2017-07-01,False,False,31.0,-0.3548387096774194,False,-11.75,54.25
Others,2017Aug,31,2017-08-01,False,False,20.0,0.55,False,-11.75,54.25
Others,2017Sep,27,2017-09-01,False,False,31.0,-0.12903225806451613,False,-11.75,54.25
Others,2017Oct,44,2017-10-01,False,False,27.0,0.6296296296296295,False,-11.75,54.25
Others,2017Nov,29,2017-11-01,False,False,44.0,-0.34090909090909094,False,-11.75,54.25
Others,2017Dec,24,2017-12-01,False,False,29.0,-0.1724137931034483,False,-11.75,54.25
Others,2018Jan,33,2018-01-01,False,False,24.0,0.375,False,-11.75,54.25
Others,2018Feb,23,2018-02-01,False,False,33.0,-0.303030303030303,False,-11.75,54.25
Others,2018Mar,43,2018-03-01,False,False,23.0,0.8695652173913044,False,-11.75,54.25
Others,2018Apr,17,2018-04-01,False,False,43.0,-0.6046511627906976,False,-11.75,54.25
Others,2018May,37,2018-05-01,False,False,17.0,1.176470588235294,False,-11.75,54.25
Others,2018Jun,30,2018-06-01,False,False,37.0,-0.18918918918918914,False,-11.75,54.25
Others,2018Jul,31,2018-07-01,False,False,30.0,0.03333333333333344,False,-11.75,54.25
Others,2018Aug,29,2018-08-01,False,False,31.0,-0.06451612903225812,False,-11.75,54.25
Others,2018Sep,33,2018-09-01,False,False,29.0,0.13793103448275867,False,-11.75,54.25
Others,2018Oct,35,2018-10-01,False,False,33.0,0.06060606060606055,False,-11.75,54.25
Others,2018Nov,27,2018-11-01,False,False,35.0,-0.22857142857142854,False,-11.75,54.25
Others,2018Dec,19,2018-12-01,False,False,27.0,-0.2962962962962963,False,-11.75,54.25
Others,2019Jan,43,2019-01-01,False,False,19.0,1.263157894736842,False,-11.75,54.25
Others,2019Feb,25,2019-02-01,False,False,43.0,-0.41860465116279066,False,-11.75,54.25
Others,2019Mar,33,2019-03-01,False,False,25.0,0.32000000000000006,False,-11.75,54.25
Others,2019Apr,25,2019-04-01,False,False,33.0,-0.24242424242424243,False,-11.75,54.25
Others,2019May,35,2019-05-01,False,False,25.0,0.3999999999999999,False,-11.75,54.25
Others,2019Jun,32,2019-06-01,False,False,35.0,-0.08571428571428574,False,-11.75,54.25
Others,2019Jul,40,2019-07-01,False,False,32.0,0.25,False,-11.75,54.25
Others,2019Aug,35,2019-08-01,False,False,40.0,-0.125,False,-11.75,54.25
Others,2019Sep,35,2019-09-01,False,False,35.0,0.0,False,-11.75,54.25
Others,2019Oct,38,2019-10-01,False,False,35.0,0.08571428571428563,False,-11.75,54.25
Others,2019Nov,28,2019-11-01,False,False,38.0,-0.26315789473684215,False,-11.75,54.25
Others,2019Dec,39,2019-12-01,False,False,28.0,0.3928571428571428,False,-11.75,54.25
Others,2020Jan,26,2020-01-01,False,False,39.0,-0.33333333333333337,False,-11.75,54.25
Others,2020Feb,27,2020-02-01,False,False,26.0,0.03846153846153855,False,-11.75,54.25
Others,2020Mar,43,2020-03-01,False,False,27.0,0.5925925925925926,False,-11.75,54.25
Others,2020Apr,21,2020-04-01,False,False,43.0,-0.5116279069767442,False,-11.75,54.25
Others,2020May,37,2020-05-01,False,False,21.0,0.7619047619047619,False,-11.75,54.25
Others,2020Jun,36,2020-06-01,False,False,37.0,-0.027027027027026973,False,-11.75,54.25
Others,2020Jul,24,2020-07-01,False,False,36.0,-0.33333333333333337,False,-11.75,54.25
Others,2020Aug,30,2020-08-01,False,False,24.0,0.25,False,-11.75,54.25
Others,2020Sep,31,2020-09-01,False,False,30.0,0.03333333333333344,False,-11.75,54.25
Others,2020Oct,44,2020-10-01,False,False,31.0,0.4193548387096775,False,-11.75,54.25
Others,2020Nov,45,2020-11-01,False,False,44.0,0.022727272727272707,False,-11.75,54.25
Others,2020Dec,32,2020-12-01,False,False,45.0,-0.28888888888888886,False,-11.75,54.25
Others,2021Jan,36,2021-01-01,False,False,32.0,0.125,False,-11.75,54.25
Others,2021Feb,25,2021-02-01,False,False,36.0,-0.3055555555555556,False,-11.75,54.25
Others,2021Mar,41,2021-03-01,False,False,25.0,0.6399999999999999,False,-11.75,54.25
Others,2021Apr,34,2021-04-01,False,False,41.0,-0.1707317073170732,False,-11.75,54.25
Others,2021May,32,2021-05-01,False,False,34.0,-0.05882352941176472,False,-11.75,54.25
Others,2021Jun,22,2021-06-01,False,False,32.0,-0.3125,False,-11.75,54.25
Others,2021Jul,39,2021-07-01,False,False,22.0,0.7727272727272727,False,-11.75,54.25
Others,2021Aug,29,2021-08-01,False,False,39.0,-0.2564102564102564,False,-11.75,54.25
Others,2021Sep,18,2021-09-01,False,False,29.0,-0.3793103448275862,False,-11.75,54.25
Others,2021Oct,39,2021-10-01,False,False,18.0,1.1666666666666665,False,-11.75,54.25
Others,2021Nov,29,2021-11-01,False,False,39.0,-0.2564102564102564,False,-11.75,54.25
Others,2021Dec,36,2021-12-01,False,False,29.0,0.24137931034482762,False,-11.75,54.25
Others,2022Jan,22,2022-01-01,False,False,36.0,-0.38888888888888884,False,-11.75,54.25
Others,2022Feb,22,2022-02-01,False,False,22.0,0.0,False,-11.75,54.25
Others,2022Mar,32,2022-03-01,False,False,22.0,0.4545454545454546,False,-11.75,54.25
Others,2022Apr,23,2022-04-01,False,False,32.0,-0.28125,False,-11.75,54.25
Others,2022May,25,2022-05-01,False,False,23.0,0.08695652173913038,False,-11.75,54.25
Others,2022Jun,32,2022-06-01,False,False,25.0,0.28,False,-11.75,54.25
Others,2022Jul,27,2022-07-01,False,False,32.0,-0.15625,False,-11.75,54.25
Others,2022Aug,30,2022-08-01,False,False,27.0,0.11111111111111116,False,-11.75,54.25
Others,2022Sep,26,2022-09-01,False,False,30.0,-0.1333333333333333,False,-11.75,54.25
Others,2022Oct,28,2022-10-01,False,False,26.0,0.07692307692307687,False,-11.75,54.25
Others,2022Nov,36,2022-11-01,False,False,28.0,0.2857142857142858,False,-11.75,54.25
Others,2022Dec,24,2022-12-01,False,False,36.0,-0.33333333333333337,False,-11.75,54.25
Others,2023Jan,29,2023-01-01,False,False,24.0,0.20833333333333326,False,-11.75,54.25
Others,2023Feb,22,2023-02-01,False,False,29.0,-0.24137931034482762,False,-11.75,54.25
Others,2023Mar,34,2023-03-01,False,False,22.0,0.5454545454545454,False,-11.75,54.25
Others,2023Apr,31,2023-04-01,False,False,34.0,-0.08823529411764708,False,-11.75,54.25
Others,2023May,27,2023-05-01,False,False,31.0,-0.12903225806451613,False,-11.75,54.25
Others,2023Jun,23,2023-06-01,False,False,27.0,-0.14814814814814814,False,-11.75,54.25
Others,2023Jul,27,2023-07-01,False,False,23.0,0.17391304347826098,False,-11.75,54.25
Others,2023Aug,28,2023-08-01,False,False,27.0,0.03703703703703698,False,-11.75,54.25
Others,2023Sep,27,2023-09-01,False,False,28.0,-0.0357142857142857,False,-11.75,54.25
Others,2023Oct,36,2023-10-01,False,False,27.0,0.33333333333333326,False,-11.75,54.25
Others,2023Nov,24,2023-11-01,False,False,36.0,-0.33333333333333337,False,-11.75,54.25
Others,2023Dec,21,2023-12-01,False,False,24.0,-0.125,False,-11.75,54.25
Others,2024Jan,27,2024-01-01,False,False,21.0,0.2857142857142858,False,-11.75,54.25
Others,2024Feb,27,2024-02-01,False,False,27.0,0.0,False,-11.75,54.25
Others,2024Mar,33,2024-03-01,False,False,27.0,0.22222222222222232,False,-11.75,54.25
Others,2024Apr,27,2024-04-01,False,False,33.0,-0.18181818181818177,False,-11.75,54.25
Others,2024May,24,2024-05-01,False,False,27.0,-0.11111111111111116,False,-11.75,54.25
Others,2024Jun,24,2024-06-01,False,False,24.0,0.0,False,-11.75,54.25
Others,2024Jul,33,2024-07-01,False,False,24.0,0.375,False,-11.75,54.25
Others,2024Aug,31,2024-08-01,False,False,33.0,-0.06060606060606055,False,-11.75,54.25
Others,2024Sep,34,2024-09-01,False,False,31.0,0.09677419354838701,False,-11.75,54.25
Others,2024Oct,22,2024-10-01,False,False,34.0,-0.3529411764705882,False,-11.75,54.25
Others,2024Nov,25,2024-11-01,False,False,22.0,0.13636363636363646,False,-11.75,54.25
Others,2024Dec,20,2024-12-01,False,False,25.0,-0.19999999999999996,False,-11.75,54.25
Others,2025Jan,32,2025-01-01,False,False,20.0,0.6000000000000001,False,-11.75,54.25
Others,2025Feb,29,2025-02-01,False,False,32.0,-0.09375,False,-11.75,54.25
Others,2025Mar,29,2025-03-01,False,False,29.0,0.0,False,-11.75,54.25
Others,2025Apr,32,2025-04-01,False,False,29.0,0.10344827586206895,False,-11.75,54.25
Others,2025May,34,2025-05-01,False,False,32.0,0.0625,False,-11.75,54.25
Others,2025Jun,26,2025-06-01,False,False,34.0,-0.23529411764705888,False,-11.75,54.25
Others,2025Jul,27,2025-07-01,False,False,26.0,0.03846153846153855,False,-11.75,54.25
Others,2025Aug,29,2025-08-01,False,False,27.0,0.07407407407407418,False,-11.75,54.25
Others,2025Sep,28,2025-09-01,False,False,29.0,-0.03448275862068961,False,-11.75,54.25
Others,2025Oct,28,2025-10-01,False,False,28.0,0.0,False,-11.75,54.25
Others,2025Nov,13,2025-11-01,False,False,28.0,-0.5357142857142857,False,-11.75,54.25
Others,2025Dec,19,2025-12-01,False,False,13.0,0.46153846153846145,False,-11.75,54.25
Others,2026Jan,34,2026-01-01,False,False,19.0,0.7894736842105263,False,-11.75,54.25
Others,2026Feb,12,2026-02-01,False,False,34.0,-0.6470588235294117,False,-11.75,54.25
Others,2026Mar,25,2026-03-01,False,False,12.0,1.0833333333333335,False,-11.75,54.25
Professional Services,1990Jan,124,1990-01-01,False,False,,,False,-549.25,1668.75
Professional Services,1990Feb,143,1990-02-01,False,False,124.0,0.153225806451613,False,-549.25,1668.75
Professional Services,1990Mar,166,1990-03-01,False,False,143.0,0.16083916083916083,False,-549.25,1668.75
Professional Services,1990Apr,132,1990-04-01,False,False,166.0,-0.20481927710843373,False,-549.25,1668.75
Professional Services,1990May,170,1990-05-01,False,False,132.0,0.28787878787878785,False,-549.25,1668.75
Professional Services,1990Jun,124,1990-06-01,False,False,170.0,-0.2705882352941177,False,-549.25,1668.75
Professional Services,1990Jul,139,1990-07-01,False,False,124.0,0.12096774193548376,False,-549.25,1668.75
Professional Services,1990Aug,148,1990-08-01,False,False,139.0,0.06474820143884896,False,-549.25,1668.75
Professional Services,1990Sep,145,1990-09-01,False,False,148.0,-0.020270270270270285,False,-549.25,1668.75
Professional Services,1990Oct,155,1990-10-01,False,False,145.0,0.06896551724137923,False,-549.25,1668.75
Professional Services,1990Nov,136,1990-11-01,False,False,155.0,-0.1225806451612903,False,-549.25,1668.75
Professional Services,1990Dec,108,1990-12-01,False,False,136.0,-0.20588235294117652,False,-549.25,1668.75
Professional Services,1991Jan,185,1991-01-01,False,False,108.0,0.712962962962963,False,-549.25,1668.75
Professional Services,1991Feb,122,1991-02-01,False,False,185.0,-0.3405405405405405,False,-549.25,1668.75
Professional Services,1991Mar,164,1991-03-01,False,False,122.0,0.34426229508196715,False,-549.25,1668.75
Professional Services,1991Apr,177,1991-04-01,False,False,164.0,0.0792682926829269,False,-549.25,1668.75
Professional Services,1991May,168,1991-05-01,False,False,177.0,-0.05084745762711862,False,-549.25,1668.75
Professional Services,1991Jun,173,1991-06-01,False,False,168.0,0.029761904761904656,False,-549.25,1668.75
Professional Services,1991Jul,177,1991-07-01,False,False,173.0,0.023121387283236983,False,-549.25,1668.75
Professional Services,1991Aug,164,1991-08-01,False,False,177.0,-0.07344632768361581,False,-549.25,1668.75
Professional Services,1991Sep,147,1991-09-01,False,False,164.0,-0.10365853658536583,False,-549.25,1668.75
Professional Services,1991Oct,191,1991-10-01,False,False,147.0,0.2993197278911566,False,-549.25,1668.75
Professional Services,1991Nov,137,1991-11-01,False,False,191.0,-0.2827225130890052,False,-549.25,1668.75
Professional Services,1991Dec,144,1991-12-01,False,False,137.0,0.051094890510948954,False,-549.25,1668.75
Professional Services,1992Jan,156,1992-01-01,False,False,144.0,0.08333333333333326,False,-549.25,1668.75
Professional Services,1992Feb,145,1992-02-01,False,False,156.0,-0.07051282051282048,False,-549.25,1668.75
Professional Services,1992Mar,217,1992-03-01,False,False,145.0,0.49655172413793114,False,-549.25,1668.75
Professional Services,1992Apr,181,1992-04-01,False,False,217.0,-0.16589861751152069,False,-549.25,1668.75
Professional Services,1992May,193,1992-05-01,False,False,181.0,0.06629834254143652,False,-549.25,1668.75
Professional Services,1992Jun,165,1992-06-01,False,False,193.0,-0.14507772020725385,False,-549.25,1668.75
Professional Services,1992Jul,195,1992-07-01,False,False,165.0,0.18181818181818188,False,-549.25,1668.75
Professional Services,1992Aug,151,1992-08-01,False,False,195.0,-0.22564102564102562,False,-549.25,1668.75
Professional Services,1992Sep,208,1992-09-01,False,False,151.0,0.3774834437086092,False,-549.25,1668.75
Professional Services,1992Oct,169,1992-10-01,False,False,208.0,-0.1875,False,-549.25,1668.75
Professional Services,1992Nov,179,1992-11-01,False,False,169.0,0.059171597633136175,False,-549.25,1668.75
Professional Services,1992Dec,192,1992-12-01,False,False,179.0,0.07262569832402233,False,-549.25,1668.75
Professional Services,1993Jan,164,1993-01-01,False,False,192.0,-0.14583333333333337,False,-549.25,1668.75
Professional Services,1993Feb,217,1993-02-01,False,False,164.0,0.32317073170731714,False,-549.25,1668.75
Professional Services,1993Mar,249,1993-03-01,False,False,217.0,0.14746543778801846,False,-549.25,1668.75
Professional Services,1993Apr,235,1993-04-01,False,False,249.0,-0.05622489959839361,False,-549.25,1668.75
Professional Services,1993May,245,1993-05-01,False,False,235.0,0.042553191489361764,False,-549.25,1668.75
Professional Services,1993Jun,224,1993-06-01,False,False,245.0,-0.08571428571428574,False,-549.25,1668.75
Professional Services,1993Jul,214,1993-07-01,False,False,224.0,-0.044642857142857095,False,-549.25,1668.75
Professional Services,1993Aug,204,1993-08-01,False,False,214.0,-0.04672897196261683,False,-549.25,1668.75
Professional Services,1993Sep,220,1993-09-01,False,False,204.0,0.07843137254901955,False,-549.25,1668.75
Professional Services,1993Oct,243,1993-10-01,False,False,220.0,0.1045454545454545,False,-549.25,1668.75
Professional Services,1993Nov,193,1993-11-01,False,False,243.0,-0.20576131687242794,False,-549.25,1668.75
Professional Services,1993Dec,174,1993-12-01,False,False,193.0,-0.0984455958549223,False,-549.25,1668.75
Professional Services,1994Jan,209,1994-01-01,False,False,174.0,0.20114942528735624,False,-549.25,1668.75
Professional Services,1994Feb,186,1994-02-01,False,False,209.0,-0.11004784688995217,False,-549.25,1668.75
Professional Services,1994Mar,261,1994-03-01,False,False,186.0,0.403225806451613,False,-549.25,1668.75
Professional Services,1994Apr,241,1994-04-01,False,False,261.0,-0.07662835249042144,False,-549.25,1668.75
Professional Services,1994May,245,1994-05-01,False,False,241.0,0.016597510373443924,False,-549.25,1668.75
Professional Services,1994Jun,249,1994-06-01,False,False,245.0,0.01632653061224487,False,-549.25,1668.75
Professional Services,1994Jul,245,1994-07-01,False,False,249.0,-0.016064257028112428,False,-549.25,1668.75
Professional Services,1994Aug,235,1994-08-01,False,False,245.0,-0.04081632653061229,False,-549.25,1668.75
Professional Services,1994Sep,276,1994-09-01,False,False,235.0,0.1744680851063829,False,-549.25,1668.75
Professional Services,1994Oct,233,1994-10-01,False,False,276.0,-0.1557971014492754,False,-549.25,1668.75
Professional Services,1994Nov,210,1994-11-01,False,False,233.0,-0.09871244635193133,False,-549.25,1668.75
Professional Services,1994Dec,204,1994-12-01,False,False,210.0,-0.02857142857142858,False,-549.25,1668.75
Professional Services,1995Jan,200,1995-01-01,False,False,204.0,-0.019607843137254943,False,-549.25,1668.75
Professional Services,1995Feb,229,1995-02-01,False,False,200.0,0.14500000000000002,False,-549.25,1668.75
Professional Services,1995Mar,272,1995-03-01,False,False,229.0,0.18777292576419224,False,-549.25,1668.75
Professional Services,1995Apr,265,1995-04-01,False,False,272.0,-0.02573529411764708,False,-549.25,1668.75
Professional Services,1995May,266,1995-05-01,False,False,265.0,0.0037735849056603765,False,-549.25,1668.75
Professional Services,1995Jun,242,1995-06-01,False,False,266.0,-0.09022556390977443,False,-549.25,1668.75
Professional Services,1995Jul,269,1995-07-01,False,False,242.0,0.11157024793388426,False,-549.25,1668.75
Professional Services,1995Aug,248,1995-08-01,False,False,269.0,-0.0780669144981413,False,-549.25,1668.75
Professional Services,1995Sep,254,1995-09-01,False,False,248.0,0.024193548387096753,False,-549.25,1668.75
Professional Services,1995Oct,203,1995-10-01,False,False,254.0,-0.20078740157480313,False,-549.25,1668.75
Professional Services,1995Nov,237,1995-11-01,False,False,203.0,0.16748768472906406,False,-549.25,1668.75
Professional Services,1995Dec,215,1995-12-01,False,False,237.0,-0.09282700421940926,False,-549.25,1668.75
Professional Services,1996Jan,259,1996-01-01,False,False,215.0,0.20465116279069773,False,-549.25,1668.75
Professional Services,1996Feb,200,1996-02-01,False,False,259.0,-0.2277992277992278,False,-549.25,1668.75
Professional Services,1996Mar,274,1996-03-01,False,False,200.0,0.3700000000000001,False,-549.25,1668.75
Professional Services,1996Apr,288,1996-04-01,False,False,274.0,0.051094890510948954,False,-549.25,1668.75
Professional Services,1996May,270,1996-05-01,False,False,288.0,-0.0625,False,-549.25,1668.75
Professional Services,1996Jun,288,1996-06-01,False,False,270.0,0.06666666666666665,False,-549.25,1668.75
Professional Services,1996Jul,288,1996-07-01,False,False,288.0,0.0,False,-549.25,1668.75
Professional Services,1996Aug,279,1996-08-01,False,False,288.0,-0.03125,False,-549.25,1668.75
Professional Services,1996Sep,251,1996-09-01,False,False,279.0,-0.10035842293906805,False,-549.25,1668.75
Professional Services,1996Oct,274,1996-10-01,False,False,251.0,0.09163346613545809,False,-549.25,1668.75
Professional Services,1996Nov,249,1996-11-01,False,False,274.0,-0.09124087591240881,False,-549.25,1668.75
Professional Services,1996Dec,276,1996-12-01,False,False,249.0,0.10843373493975905,False,-549.25,1668.75
Professional Services,1997Jan,279,1997-01-01,False,False,276.0,0.010869565217391353,False,-549.25,1668.75
Professional Services,1997Feb,231,1997-02-01,False,False,279.0,-0.17204301075268813,False,-549.25,1668.75
Professional Services,1997Mar,278,1997-03-01,False,False,231.0,0.20346320346320357,False,-549.25,1668.75
Professional Services,1997Apr,275,1997-04-01,False,False,278.0,-0.010791366906474864,False,-549.25,1668.75
Professional Services,1997May,287,1997-05-01,False,False,275.0,0.043636363636363695,False,-549.25,1668.75
Professional Services,1997Jun,271,1997-06-01,False,False,287.0,-0.05574912891986061,False,-549.25,1668.75
Professional Services,1997Jul,333,1997-07-01,False,False,271.0,0.22878228782287824,False,-549.25,1668.75
Professional Services,1997Aug,247,1997-08-01,False,False,333.0,-0.2582582582582582,False,-549.25,1668.75
Professional Services,1997Sep,268,1997-09-01,False,False,247.0,0.08502024291497978,False,-549.25,1668.75
Professional Services,1997Oct,279,1997-10-01,False,False,268.0,0.04104477611940305,False,-549.25,1668.75
Professional Services,1997Nov,255,1997-11-01,False,False,279.0,-0.08602150537634412,False,-549.25,1668.75
Professional Services,1997Dec,243,1997-12-01,False,False,255.0,-0.04705882352941182,False,-549.25,1668.75
Professional Services,1998Jan,214,1998-01-01,False,False,243.0,-0.11934156378600824,False,-549.25,1668.75
Professional Services,1998Feb,217,1998-02-01,False,False,214.0,0.014018691588784993,False,-549.25,1668.75
Professional Services,1998Mar,285,1998-03-01,False,False,217.0,0.31336405529953915,False,-549.25,1668.75
Professional Services,1998Apr,257,1998-04-01,False,False,285.0,-0.09824561403508769,False,-549.25,1668.75
Professional Services,1998May,229,1998-05-01,False,False,257.0,-0.1089494163424124,False,-549.25,1668.75
Professional Services,1998Jun,220,1998-06-01,False,False,229.0,-0.0393013100436681,False,-549.25,1668.75
Professional Services,1998Jul,284,1998-07-01,False,False,220.0,0.290909090909091,False,-549.25,1668.75
Professional Services,1998Aug,234,1998-08-01,False,False,284.0,-0.176056338028169,False,-549.25,1668.75
Professional Services,1998Sep,277,1998-09-01,False,False,234.0,0.18376068376068377,False,-549.25,1668.75
Professional Services,1998Oct,253,1998-10-01,False,False,277.0,-0.08664259927797835,False,-549.25,1668.75
Professional Services,1998Nov,254,1998-11-01,False,False,253.0,0.0039525691699604515,False,-549.25,1668.75
Professional Services,1998Dec,241,1998-12-01,False,False,254.0,-0.051181102362204745,False,-549.25,1668.75
Professional Services,1999Jan,237,1999-01-01,False,False,241.0,-0.016597510373444035,False,-549.25,1668.75
Professional Services,1999Feb,218,1999-02-01,False,False,237.0,-0.08016877637130804,False,-549.25,1668.75
Professional Services,1999Mar,330,1999-03-01,False,False,218.0,0.5137614678899083,False,-549.25,1668.75
Professional Services,1999Apr,318,1999-04-01,False,False,330.0,-0.036363636363636376,False,-549.25,1668.75
Professional Services,1999May,277,1999-05-01,False,False,318.0,-0.12893081761006286,False,-549.25,1668.75
Professional Services,1999Jun,291,1999-06-01,False,False,277.0,0.05054151624548742,False,-549.25,1668.75
Professional Services,1999Jul,333,1999-07-01,False,False,291.0,0.14432989690721643,False,-549.25,1668.75
Professional Services,1999Aug,276,1999-08-01,False,False,333.0,-0.1711711711711712,False,-549.25,1668.75
Professional Services,1999Sep,309,1999-09-01,False,False,276.0,0.11956521739130443,False,-549.25,1668.75
Professional Services,1999Oct,347,1999-10-01,False,False,309.0,0.12297734627831725,False,-549.25,1668.75
Professional Services,1999Nov,281,1999-11-01,False,False,347.0,-0.19020172910662825,False,-549.25,1668.75
Professional Services,1999Dec,300,1999-12-01,False,False,281.0,0.06761565836298922,False,-549.25,1668.75
Professional Services,2000Jan,274,2000-01-01,False,False,300.0,-0.08666666666666667,False,-549.25,1668.75
Professional Services,2000Feb,333,2000-02-01,False,False,274.0,0.21532846715328469,False,-549.25,1668.75
Professional Services,2000Mar,372,2000-03-01,False,False,333.0,0.11711711711711703,False,-549.25,1668.75
Professional Services,2000Apr,334,2000-04-01,False,False,372.0,-0.10215053763440862,False,-549.25,1668.75
Professional Services,2000May,355,2000-05-01,False,False,334.0,0.06287425149700598,False,-549.25,1668.75
Professional Services,2000Jun,344,2000-06-01,False,False,355.0,-0.030985915492957705,False,-549.25,1668.75
Professional Services,2000Jul,303,2000-07-01,False,False,344.0,-0.1191860465116279,False,-549.25,1668.75
Professional Services,2000Aug,342,2000-08-01,False,False,303.0,0.1287128712871286,False,-549.25,1668.75
Professional Services,2000Sep,341,2000-09-01,False,False,342.0,-0.0029239766081871066,False,-549.25,1668.75
Professional Services,2000Oct,286,2000-10-01,False,False,341.0,-0.16129032258064513,False,-549.25,1668.75
Professional Services,2000Nov,309,2000-11-01,False,False,286.0,0.08041958041958042,False,-549.25,1668.75
Professional Services,2000Dec,258,2000-12-01,False,False,309.0,-0.16504854368932043,False,-549.25,1668.75
Professional Services,2001Jan,274,2001-01-01,False,False,258.0,0.0620155038759691,False,-549.25,1668.75
Professional Services,2001Feb,333,2001-02-01,False,False,274.0,0.21532846715328469,False,-549.25,1668.75
Professional Services,2001Mar,376,2001-03-01,False,False,333.0,0.12912912912912922,False,-549.25,1668.75
Professional Services,2001Apr,290,2001-04-01,False,False,376.0,-0.22872340425531912,False,-549.25,1668.75
Professional Services,2001May,322,2001-05-01,False,False,290.0,0.1103448275862069,False,-549.25,1668.75
Professional Services,2001Jun,289,2001-06-01,False,False,322.0,-0.10248447204968947,False,-549.25,1668.75
Professional Services,2001Jul,342,2001-07-01,False,False,289.0,0.18339100346020754,False,-549.25,1668.75
Professional Services,2001Aug,343,2001-08-01,False,False,342.0,0.0029239766081872176,False,-549.25,1668.75
Professional Services,2001Sep,294,2001-09-01,False,False,343.0,-0.1428571428571429,False,-549.25,1668.75
Professional Services,2001Oct,361,2001-10-01,False,False,294.0,0.22789115646258495,False,-549.25,1668.75
Professional Services,2001Nov,342,2001-11-01,False,False,361.0,-0.052631578947368474,False,-549.25,1668.75
Professional Services,2001Dec,327,2001-12-01,False,False,342.0,-0.04385964912280704,False,-549.25,1668.75
Professional Services,2002Jan,356,2002-01-01,False,False,327.0,0.08868501529051986,False,-549.25,1668.75
Professional Services,2002Feb,328,2002-02-01,False,False,356.0,-0.0786516853932584,False,-549.25,1668.75
Professional Services,2002Mar,473,2002-03-01,False,False,328.0,0.4420731707317074,False,-549.25,1668.75
Professional Services,2002Apr,490,2002-04-01,False,False,473.0,0.03594080338266381,False,-549.25,1668.75
Professional Services,2002May,414,2002-05-01,False,False,490.0,-0.1551020408163265,False,-549.25,1668.75
Professional Services,2002Jun,361,2002-06-01,False,False,414.0,-0.1280193236714976,False,-549.25,1668.75
Professional Services,2002Jul,443,2002-07-01,False,False,361.0,0.22714681440443218,False,-549.25,1668.75
Professional Services,2002Aug,411,2002-08-01,False,False,443.0,-0.07223476297968401,False,-549.25,1668.75
Professional Services,2002Sep,371,2002-09-01,False,False,411.0,-0.097323600973236,False,-549.25,1668.75
Professional Services,2002Oct,431,2002-10-01,False,False,371.0,0.16172506738544468,False,-549.25,1668.75
Professional Services,2002Nov,367,2002-11-01,False,False,431.0,-0.14849187935034802,False,-549.25,1668.75
Professional Services,2002Dec,333,2002-12-01,False,False,367.0,-0.0926430517711172,False,-549.25,1668.75
Professional Services,2003Jan,396,2003-01-01,False,False,333.0,0.18918918918918926,False,-549.25,1668.75
Professional Services,2003Feb,327,2003-02-01,False,False,396.0,-0.1742424242424242,False,-549.25,1668.75
Professional Services,2003Mar,501,2003-03-01,False,False,327.0,0.5321100917431192,False,-549.25,1668.75
Professional Services,2003Apr,370,2003-04-01,False,False,501.0,-0.26147704590818366,False,-549.25,1668.75
Professional Services,2003May,418,2003-05-01,False,False,370.0,0.12972972972972974,False,-549.25,1668.75
Professional Services,2003Jun,430,2003-06-01,False,False,418.0,0.028708133971291794,False,-549.25,1668.75
Professional Services,2003Jul,508,2003-07-01,False,False,430.0,0.1813953488372093,False,-549.25,1668.75
Professional Services,2003Aug,502,2003-08-01,False,False,508.0,-0.011811023622047223,False,-549.25,1668.75
Professional Services,2003Sep,502,2003-09-01,False,False,502.0,0.0,False,-549.25,1668.75
Professional Services,2003Oct,476,2003-10-01,False,False,502.0,-0.05179282868525892,False,-549.25,1668.75
Professional Services,2003Nov,373,2003-11-01,False,False,476.0,-0.21638655462184875,False,-549.25,1668.75
Professional Services,2003Dec,416,2003-12-01,False,False,373.0,0.11528150134048265,False,-549.25,1668.75
Professional Services,2004Jan,444,2004-01-01,False,False,416.0,0.06730769230769229,False,-549.25,1668.75
Professional Services,2004Feb,443,2004-02-01,False,False,444.0,-0.0022522522522522292,False,-549.25,1668.75
Professional Services,2004Mar,518,2004-03-01,False,False,443.0,0.16930022573363424,False,-549.25,1668.75
Professional Services,2004Apr,596,2004-04-01,False,False,518.0,0.1505791505791505,False,-549.25,1668.75
Professional Services,2004May,452,2004-05-01,False,False,596.0,-0.24161073825503354,False,-549.25,1668.75
Professional Services,2004Jun,495,2004-06-01,False,False,452.0,0.09513274336283195,False,-549.25,1668.75
Professional Services,2004Jul,459,2004-07-01,False,False,495.0,-0.07272727272727275,False,-549.25,1668.75
Professional Services,2004Aug,500,2004-08-01,False,False,459.0,0.08932461873638342,False,-549.25,1668.75
Professional Services,2004Sep,464,2004-09-01,False,False,500.0,-0.07199999999999995,False,-549.25,1668.75
Professional Services,2004Oct,491,2004-10-01,False,False,464.0,0.0581896551724137,False,-549.25,1668.75
Professional Services,2004Nov,454,2004-11-01,False,False,491.0,-0.07535641547861505,False,-549.25,1668.75
Professional Services,2004Dec,453,2004-12-01,False,False,454.0,-0.0022026431718061845,False,-549.25,1668.75
Professional Services,2005Jan,502,2005-01-01,False,False,453.0,0.10816777041942616,False,-549.25,1668.75
Professional Services,2005Feb,365,2005-02-01,False,False,502.0,-0.2729083665338645,False,-549.25,1668.75
Professional Services,2005Mar,444,2005-03-01,False,False,365.0,0.21643835616438367,False,-549.25,1668.75
Professional Services,2005Apr,492,2005-04-01,False,False,444.0,0.10810810810810811,False,-549.25,1668.75
Professional Services,2005May,474,2005-05-01,False,False,492.0,-0.03658536585365857,False,-549.25,1668.75
Professional Services,2005Jun,482,2005-06-01,False,False,474.0,0.016877637130801704,False,-549.25,1668.75
Professional Services,2005Jul,441,2005-07-01,False,False,482.0,-0.08506224066390045,False,-549.25,1668.75
Professional Services,2005Aug,519,2005-08-01,False,False,441.0,0.1768707482993197,False,-549.25,1668.75
Professional Services,2005Sep,493,2005-09-01,False,False,519.0,-0.050096339113680166,False,-549.25,1668.75
Professional Services,2005Oct,503,2005-10-01,False,False,493.0,0.020283975659229236,False,-549.25,1668.75
Professional Services,2005Nov,409,2005-11-01,False,False,503.0,-0.18687872763419489,False,-549.25,1668.75
Professional Services,2005Dec,405,2005-12-01,False,False,409.0,-0.009779951100244544,False,-549.25,1668.75
Professional Services,2006Jan,449,2006-01-01,False,False,405.0,0.10864197530864206,False,-549.25,1668.75
Professional Services,2006Feb,490,2006-02-01,False,False,449.0,0.09131403118040082,False,-549.25,1668.75
Professional Services,2006Mar,615,2006-03-01,False,False,490.0,0.2551020408163265,False,-549.25,1668.75
Professional Services,2006Apr,520,2006-04-01,False,False,615.0,-0.1544715447154471,False,-549.25,1668.75
Professional Services,2006May,512,2006-05-01,False,False,520.0,-0.01538461538461533,False,-549.25,1668.75
Professional Services,2006Jun,470,2006-06-01,False,False,512.0,-0.08203125,False,-549.25,1668.75
Professional Services,2006Jul,466,2006-07-01,False,False,470.0,-0.008510638297872353,False,-549.25,1668.75
Professional Services,2006Aug,491,2006-08-01,False,False,466.0,0.05364806866952798,False,-549.25,1668.75
Professional Services,2006Sep,535,2006-09-01,False,False,491.0,0.08961303462321801,False,-549.25,1668.75
Professional Services,2006Oct,575,2006-10-01,False,False,535.0,0.07476635514018692,False,-549.25,1668.75
Professional Services,2006Nov,573,2006-11-01,False,False,575.0,-0.003478260869565264,False,-549.25,1668.75
Professional Services,2006Dec,502,2006-12-01,False,False,573.0,-0.12390924956369986,False,-549.25,1668.75
Professional Services,2007Jan,554,2007-01-01,False,False,502.0,0.10358565737051784,False,-549.25,1668.75
Professional Services,2007Feb,430,2007-02-01,False,False,554.0,-0.223826714801444,False,-549.25,1668.75
Professional Services,2007Mar,644,2007-03-01,False,False,430.0,0.4976744186046511,False,-549.25,1668.75
Professional Services,2007Apr,626,2007-04-01,False,False,644.0,-0.02795031055900621,False,-549.25,1668.75
Professional Services,2007May,610,2007-05-01,False,False,626.0,-0.025559105431309903,False,-549.25,1668.75
Professional Services,2007Jun,621,2007-06-01,False,False,610.0,0.0180327868852459,False,-549.25,1668.75
Professional Services,2007Jul,595,2007-07-01,False,False,621.0,-0.041867954911433136,False,-549.25,1668.75
Professional Services,2007Aug,617,2007-08-01,False,False,595.0,0.03697478991596648,False,-549.25,1668.75
Professional Services,2007Sep,532,2007-09-01,False,False,617.0,-0.13776337115072934,False,-549.25,1668.75
Professional Services,2007Oct,593,2007-10-01,False,False,532.0,0.11466165413533824,False,-549.25,1668.75
Professional Services,2007Nov,535,2007-11-01,False,False,593.0,-0.09780775716694767,False,-549.25,1668.75
Professional Services,2007Dec,465,2007-12-01,False,False,535.0,-0.13084112149532712,False,-549.25,1668.75
Professional Services,2008Jan,679,2008-01-01,False,False,465.0,0.46021505376344085,False,-549.25,1668.75
Professional Services,2008Feb,484,2008-02-01,False,False,679.0,-0.28718703976435933,False,-549.25,1668.75
Professional Services,2008Mar,633,2008-03-01,False,False,484.0,0.3078512396694215,False,-549.25,1668.75
Professional Services,2008Apr,734,2008-04-01,False,False,633.0,0.15955766192733023,False,-549.25,1668.75
Professional Services,2008May,621,2008-05-01,False,False,734.0,-0.1539509536784741,False,-549.25,1668.75
Professional Services,2008Jun,657,2008-06-01,False,False,621.0,0.05797101449275366,False,-549.25,1668.75
Professional Services,2008Jul,764,2008-07-01,False,False,657.0,0.16286149162861485,False,-549.25,1668.75
Professional Services,2008Aug,655,2008-08-01,False,False,764.0,-0.14267015706806285,False,-549.25,1668.75
Professional Services,2008Sep,615,2008-09-01,False,False,655.0,-0.06106870229007633,False,-549.25,1668.75
Professional Services,2008Oct,559,2008-10-01,False,False,615.0,-0.0910569105691057,False,-549.25,1668.75
Professional Services,2008Nov,482,2008-11-01,False,False,559.0,-0.1377459749552773,False,-549.25,1668.75
Professional Services,2008Dec,448,2008-12-01,False,False,482.0,-0.0705394190871369,False,-549.25,1668.75
Professional Services,2009Jan,673,2009-01-01,False,False,448.0,0.5022321428571428,False,-549.25,1668.75
Professional Services,2009Feb,668,2009-02-01,False,False,673.0,-0.007429420505200568,False,-549.25,1668.75
Professional Services,2009Mar,776,2009-03-01,False,False,668.0,0.16167664670658688,False,-549.25,1668.75
Professional Services,2009Apr,729,2009-04-01,False,False,776.0,-0.06056701030927836,False,-549.25,1668.75
Professional Services,2009May,1355,2009-05-01,False,False,729.0,0.8587105624142661,False,-549.25,1668.75
Professional Services,2009Jun,751,2009-06-01,False,False,1355.0,-0.4457564575645756,False,-549.25,1668.75
Professional Services,2009Jul,767,2009-07-01,False,False,751.0,0.02130492676431417,False,-549.25,1668.75
Professional Services,2009Aug,693,2009-08-01,False,False,767.0,-0.09647979139504559,False,-549.25,1668.75
Professional Services,2009Sep,760,2009-09-01,False,False,693.0,0.0966810966810967,False,-549.25,1668.75
Professional Services,2009Oct,733,2009-10-01,False,False,760.0,-0.03552631578947374,False,-549.25,1668.75
Professional Services,2009Nov,609,2009-11-01,False,False,733.0,-0.16916780354706684,False,-549.25,1668.75
Professional Services,2009Dec,603,2009-12-01,False,False,609.0,-0.009852216748768461,False,-549.25,1668.75
Professional Services,2010Jan,718,2010-01-01,False,False,603.0,0.19071310116086226,False,-549.25,1668.75
Professional Services,2010Feb,618,2010-02-01,False,False,718.0,-0.1392757660167131,False,-549.25,1668.75
Professional Services,2010Mar,768,2010-03-01,False,False,618.0,0.24271844660194164,False,-549.25,1668.75
Professional Services,2010Apr,746,2010-04-01,False,False,768.0,-0.02864583333333337,False,-549.25,1668.75
Professional Services,2010May,645,2010-05-01,False,False,746.0,-0.13538873994638068,False,-549.25,1668.75
Professional Services,2010Jun,704,2010-06-01,False,False,645.0,0.09147286821705425,False,-549.25,1668.75
Professional Services,2010Jul,752,2010-07-01,False,False,704.0,0.06818181818181812,False,-549.25,1668.75
Professional Services,2010Aug,635,2010-08-01,False,False,752.0,-0.15558510638297873,False,-549.25,1668.75
Professional Services,2010Sep,678,2010-09-01,False,False,635.0,0.06771653543307088,False,-549.25,1668.75
Professional Services,2010Oct,758,2010-10-01,False,False,678.0,0.11799410029498536,False,-549.25,1668.75
Professional Services,2010Nov,624,2010-11-01,False,False,758.0,-0.17678100263852248,False,-549.25,1668.75
Professional Services,2010Dec,626,2010-12-01,False,False,624.0,0.0032051282051281937,False,-549.25,1668.75
Professional Services,2011Jan,814,2011-01-01,False,False,626.0,0.3003194888178913,False,-549.25,1668.75
Professional Services,2011Feb,631,2011-02-01,False,False,814.0,-0.22481572481572487,False,-549.25,1668.75
Professional Services,2011Mar,832,2011-03-01,False,False,631.0,0.31854199683042794,False,-549.25,1668.75
Professional Services,2011Apr,775,2011-04-01,False,False,832.0,-0.06850961538461542,False,-549.25,1668.75
Professional Services,2011May,687,2011-05-01,False,False,775.0,-0.11354838709677417,False,-549.25,1668.75
Professional Services,2011Jun,723,2011-06-01,False,False,687.0,0.05240174672489073,False,-549.25,1668.75
Professional Services,2011Jul,818,2011-07-01,False,False,723.0,0.13139695712309818,False,-549.25,1668.75
Professional Services,2011Aug,698,2011-08-01,False,False,818.0,-0.1466992665036675,False,-549.25,1668.75
Professional Services,2011Sep,666,2011-09-01,False,False,698.0,-0.045845272206303744,False,-549.25,1668.75
Professional Services,2011Oct,714,2011-10-01,False,False,666.0,0.072072072072072,False,-549.25,1668.75
Professional Services,2011Nov,733,2011-11-01,False,False,714.0,0.026610644257702987,False,-549.25,1668.75
Professional Services,2011Dec,581,2011-12-01,False,False,733.0,-0.20736698499317874,False,-549.25,1668.75
Professional Services,2012Jan,648,2012-01-01,False,False,581.0,0.11531841652323571,False,-549.25,1668.75
Professional Services,2012Feb,847,2012-02-01,False,False,648.0,0.3070987654320987,False,-549.25,1668.75
Professional Services,2012Mar,855,2012-03-01,False,False,847.0,0.009445100354191327,False,-549.25,1668.75
Professional Services,2012Apr,797,2012-04-01,False,False,855.0,-0.06783625730994147,False,-549.25,1668.75
Professional Services,2012May,773,2012-05-01,False,False,797.0,-0.03011292346298622,False,-549.25,1668.75
Professional Services,2012Jun,704,2012-06-01,False,False,773.0,-0.08926261319534279,False,-549.25,1668.75
Professional Services,2012Jul,805,2012-07-01,False,False,704.0,0.14346590909090917,False,-549.25,1668.75
Professional Services,2012Aug,789,2012-08-01,False,False,805.0,-0.019875776397515477,False,-549.25,1668.75
Professional Services,2012Sep,692,2012-09-01,False,False,789.0,-0.12294043092522178,False,-549.25,1668.75
Professional Services,2012Oct,797,2012-10-01,False,False,692.0,0.15173410404624277,False,-549.25,1668.75
Professional Services,2012Nov,705,2012-11-01,False,False,797.0,-0.11543287327478047,False,-549.25,1668.75
Professional Services,2012Dec,609,2012-12-01,False,False,705.0,-0.13617021276595742,False,-549.25,1668.75
Professional Services,2013Jan,884,2013-01-01,False,False,609.0,0.451559934318555,False,-549.25,1668.75
Professional Services,2013Feb,622,2013-02-01,False,False,884.0,-0.2963800904977375,False,-549.25,1668.75
Professional Services,2013Mar,876,2013-03-01,False,False,622.0,0.40836012861736326,False,-549.25,1668.75
Professional Services,2013Apr,907,2013-04-01,False,False,876.0,0.035388127853881235,False,-549.25,1668.75
Professional Services,2013May,883,2013-05-01,False,False,907.0,-0.026460859977949336,False,-549.25,1668.75
Professional Services,2013Jun,806,2013-06-01,False,False,883.0,-0.08720271800679502,False,-549.25,1668.75
Professional Services,2013Jul,868,2013-07-01,False,False,806.0,0.07692307692307687,False,-549.25,1668.75
Professional Services,2013Aug,786,2013-08-01,False,False,868.0,-0.09447004608294929,False,-549.25,1668.75
Professional Services,2013Sep,866,2013-09-01,False,False,786.0,0.10178117048346058,False,-549.25,1668.75
Professional Services,2013Oct,915,2013-10-01,False,False,866.0,0.0565819861431871,False,-549.25,1668.75
Professional Services,2013Nov,734,2013-11-01,False,False,915.0,-0.19781420765027324,False,-549.25,1668.75
Professional Services,2013Dec,770,2013-12-01,False,False,734.0,0.04904632152588562,False,-549.25,1668.75
Professional Services,2014Jan,889,2014-01-01,False,False,770.0,0.15454545454545454,False,-549.25,1668.75
Professional Services,2014Feb,867,2014-02-01,False,False,889.0,-0.02474690663667045,False,-549.25,1668.75
Professional Services,2014Mar,1000,2014-03-01,False,False,867.0,0.15340253748558252,False,-549.25,1668.75
Professional Services,2014Apr,1041,2014-04-01,False,False,1000.0,0.040999999999999925,False,-549.25,1668.75
Professional Services,2014May,1015,2014-05-01,False,False,1041.0,-0.02497598463016326,False,-549.25,1668.75
Professional Services,2014Jun,1082,2014-06-01,False,False,1015.0,0.06600985221674871,False,-549.25,1668.75
Professional Services,2014Jul,1156,2014-07-01,False,False,1082.0,0.06839186691312382,False,-549.25,1668.75
Professional Services,2014Aug,1120,2014-08-01,False,False,1156.0,-0.03114186851211076,False,-549.25,1668.75
Professional Services,2014Sep,1239,2014-09-01,False,False,1120.0,0.10624999999999996,False,-549.25,1668.75
Professional Services,2014Oct,1145,2014-10-01,False,False,1239.0,-0.0758676351896691,False,-549.25,1668.75
Professional Services,2014Nov,973,2014-11-01,False,False,1145.0,-0.15021834061135375,False,-549.25,1668.75
Professional Services,2014Dec,929,2014-12-01,False,False,973.0,-0.045220966084275394,False,-549.25,1668.75
Professional Services,2015Jan,943,2015-01-01,False,False,929.0,0.01506996770721214,False,-549.25,1668.75
Professional Services,2015Feb,656,2015-02-01,False,False,943.0,-0.30434782608695654,False,-549.25,1668.75
Professional Services,2015Mar,925,2015-03-01,False,False,656.0,0.4100609756097562,False,-549.25,1668.75
Professional Services,2015Apr,906,2015-04-01,False,False,925.0,-0.020540540540540553,False,-549.25,1668.75
Professional Services,2015May,922,2015-05-01,False,False,906.0,0.017660044150110465,False,-549.25,1668.75
Professional Services,2015Jun,788,2015-06-01,False,False,922.0,-0.14533622559652926,False,-549.25,1668.75
Professional Services,2015Jul,868,2015-07-01,False,False,788.0,0.10152284263959399,False,-549.25,1668.75
Professional Services,2015Aug,778,2015-08-01,False,False,868.0,-0.10368663594470051,False,-549.25,1668.75
Professional Services,2015Sep,787,2015-09-01,False,False,778.0,0.011568123393316254,False,-549.25,1668.75
Professional Services,2015Oct,902,2015-10-01,False,False,787.0,0.14612452350698857,False,-549.25,1668.75
Professional Services,2015Nov,735,2015-11-01,False,False,902.0,-0.18514412416851445,False,-549.25,1668.75
Professional Services,2015Dec,660,2015-12-01,False,False,735.0,-0.10204081632653061,False,-549.25,1668.75
Professional Services,2016Jan,702,2016-01-01,False,False,660.0,0.06363636363636371,False,-549.25,1668.75
Professional Services,2016Feb,716,2016-02-01,False,False,702.0,0.019943019943019946,False,-549.25,1668.75
Professional Services,2016Mar,943,2016-03-01,False,False,716.0,0.3170391061452513,False,-549.25,1668.75
Professional Services,2016Apr,869,2016-04-01,False,False,943.0,-0.07847295864262993,False,-549.25,1668.75
Professional Services,2016May,802,2016-05-01,False,False,869.0,-0.07710011507479864,False,-549.25,1668.75
Professional Services,2016Jun,877,2016-06-01,False,False,802.0,0.09351620947630912,False,-549.25,1668.75
Professional Services,2016Jul,746,2016-07-01,False,False,877.0,-0.1493728620296465,False,-549.25,1668.75
Professional Services,2016Aug,767,2016-08-01,False,False,746.0,0.02815013404825728,False,-549.25,1668.75
Professional Services,2016Sep,770,2016-09-01,False,False,767.0,0.003911342894393766,False,-549.25,1668.75
Professional Services,2016Oct,780,2016-10-01,False,False,770.0,0.01298701298701288,False,-549.25,1668.75
Professional Services,2016Nov,715,2016-11-01,False,False,780.0,-0.08333333333333337,False,-549.25,1668.75
Professional Services,2016Dec,667,2016-12-01,False,False,715.0,-0.06713286713286715,False,-549.25,1668.75
Professional Services,2017Jan,837,2017-01-01,False,False,667.0,0.2548725637181408,False,-549.25,1668.75
Professional Services,2017Feb,792,2017-02-01,False,False,837.0,-0.053763440860215006,False,-549.25,1668.75
Professional Services,2017Mar,882,2017-03-01,False,False,792.0,0.11363636363636354,False,-549.25,1668.75
Professional Services,2017Apr,720,2017-04-01,False,False,882.0,-0.18367346938775508,False,-549.25,1668.75
Professional Services,2017May,861,2017-05-01,False,False,720.0,0.1958333333333333,False,-549.25,1668.75
Professional Services,2017Jun,804,2017-06-01,False,False,861.0,-0.0662020905923345,False,-549.25,1668.75
Professional Services,2017Jul,859,2017-07-01,False,False,804.0,0.06840796019900508,False,-549.25,1668.75
Professional Services,2017Aug,889,2017-08-01,False,False,859.0,0.0349243306169964,False,-549.25,1668.75
Professional Services,2017Sep,763,2017-09-01,False,False,889.0,-0.1417322834645669,False,-549.25,1668.75
Professional Services,2017Oct,837,2017-10-01,False,False,763.0,0.09698558322411532,False,-549.25,1668.75
Professional Services,2017Nov,804,2017-11-01,False,False,837.0,-0.03942652329749108,False,-549.25,1668.75
Professional Services,2017Dec,682,2017-12-01,False,False,804.0,-0.15174129353233834,False,-549.25,1668.75
Professional Services,2018Jan,1035,2018-01-01,False,False,682.0,0.5175953079178885,False,-549.25,1668.75
Professional Services,2018Feb,775,2018-02-01,False,False,1035.0,-0.25120772946859904,False,-549.25,1668.75
Professional Services,2018Mar,954,2018-03-01,False,False,775.0,0.23096774193548386,False,-549.25,1668.75
Professional Services,2018Apr,953,2018-04-01,False,False,954.0,-0.0010482180293500676,False,-549.25,1668.75
Professional Services,2018May,921,2018-05-01,False,False,953.0,-0.03357817418677855,False,-549.25,1668.75
Professional Services,2018Jun,914,2018-06-01,False,False,921.0,-0.007600434310532034,False,-549.25,1668.75
Professional Services,2018Jul,933,2018-07-01,False,False,914.0,0.020787746170678245,False,-549.25,1668.75
Professional Services,2018Aug,976,2018-08-01,False,False,933.0,0.04608788853161849,False,-549.25,1668.75
Professional Services,2018Sep,823,2018-09-01,False,False,976.0,-0.15676229508196726,False,-549.25,1668.75
Professional Services,2018Oct,960,2018-10-01,False,False,823.0,0.16646415552855398,False,-549.25,1668.75
Professional Services,2018Nov,796,2018-11-01,False,False,960.0,-0.17083333333333328,False,-549.25,1668.75
Professional Services,2018Dec,693,2018-12-01,False,False,796.0,-0.12939698492462315,False,-549.25,1668.75
Professional Services,2019Jan,920,2019-01-01,False,False,693.0,0.3275613275613276,False,-549.25,1668.75
Professional Services,2019Feb,732,2019-02-01,False,False,920.0,-0.20434782608695656,False,-549.25,1668.75
Professional Services,2019Mar,977,2019-03-01,False,False,732.0,0.33469945355191255,False,-549.25,1668.75
Professional Services,2019Apr,902,2019-04-01,False,False,977.0,-0.07676560900716478,False,-549.25,1668.75
Professional Services,2019May,900,2019-05-01,False,False,902.0,-0.0022172949002217113,False,-549.25,1668.75
Professional Services,2019Jun,808,2019-06-01,False,False,900.0,-0.10222222222222221,False,-549.25,1668.75
Professional Services,2019Jul,1005,2019-07-01,False,False,808.0,0.24381188118811892,False,-549.25,1668.75
Professional Services,2019Aug,875,2019-08-01,False,False,1005.0,-0.12935323383084574,False,-549.25,1668.75
Professional Services,2019Sep,969,2019-09-01,False,False,875.0,0.10742857142857143,False,-549.25,1668.75
Professional Services,2019Oct,891,2019-10-01,False,False,969.0,-0.08049535603715174,False,-549.25,1668.75
Professional Services,2019Nov,810,2019-11-01,False,False,891.0,-0.09090909090909094,False,-549.25,1668.75
Professional Services,2019Dec,795,2019-12-01,False,False,810.0,-0.01851851851851849,False,-549.25,1668.75
Professional Services,2020Jan,960,2020-01-01,False,False,795.0,0.2075471698113207,False,-549.25,1668.75
Professional Services,2020Feb,863,2020-02-01,False,False,960.0,-0.1010416666666667,False,-549.25,1668.75
Professional Services,2020Mar,877,2020-03-01,False,False,863.0,0.016222479721900385,False,-549.25,1668.75
Professional Services,2020Apr,632,2020-04-01,False,False,877.0,-0.2793614595210946,False,-549.25,1668.75
Professional Services,2020May,597,2020-05-01,False,False,632.0,-0.055379746835443,False,-549.25,1668.75
Professional Services,2020Jun,790,2020-06-01,False,False,597.0,0.32328308207705203,False,-549.25,1668.75
Professional Services,2020Jul,837,2020-07-01,False,False,790.0,0.059493670886076044,False,-549.25,1668.75
Professional Services,2020Aug,931,2020-08-01,False,False,837.0,0.11230585424133821,False,-549.25,1668.75
Professional Services,2020Sep,885,2020-09-01,False,False,931.0,-0.04940923737916214,False,-549.25,1668.75
Professional Services,2020Oct,946,2020-10-01,False,False,885.0,0.06892655367231648,False,-549.25,1668.75
Professional Services,2020Nov,847,2020-11-01,False,False,946.0,-0.10465116279069764,False,-549.25,1668.75
Professional Services,2020Dec,819,2020-12-01,False,False,847.0,-0.03305785123966942,False,-549.25,1668.75
Professional Services,2021Jan,948,2021-01-01,False,False,819.0,0.15750915750915762,False,-549.25,1668.75
Professional Services,2021Feb,768,2021-02-01,False,False,948.0,-0.189873417721519,False,-549.25,1668.75
Professional Services,2021Mar,956,2021-03-01,False,False,768.0,0.24479166666666674,False,-549.25,1668.75
Professional Services,2021Apr,910,2021-04-01,False,False,956.0,-0.04811715481171552,False,-549.25,1668.75
Professional Services,2021May,829,2021-05-01,False,False,910.0,-0.08901098901098903,False,-549.25,1668.75
Professional Services,2021Jun,825,2021-06-01,False,False,829.0,-0.004825090470446325,False,-549.25,1668.75
Professional Services,2021Jul,808,2021-07-01,False,False,825.0,-0.020606060606060628,False,-549.25,1668.75
Professional Services,2021Aug,808,2021-08-01,False,False,808.0,0.0,False,-549.25,1668.75
Professional Services,2021Sep,800,2021-09-01,False,False,808.0,-0.00990099009900991,False,-549.25,1668.75
Professional Services,2021Oct,803,2021-10-01,False,False,800.0,0.00374999999999992,False,-549.25,1668.75
Professional Services,2021Nov,761,2021-11-01,False,False,803.0,-0.05230386052303859,False,-549.25,1668.75
Professional Services,2021Dec,764,2021-12-01,False,False,761.0,0.003942181340341744,False,-549.25,1668.75
Professional Services,2022Jan,839,2022-01-01,False,False,764.0,0.0981675392670156,False,-549.25,1668.75
Professional Services,2022Feb,764,2022-02-01,False,False,839.0,-0.08939213349225272,False,-549.25,1668.75
Professional Services,2022Mar,891,2022-03-01,False,False,764.0,0.1662303664921465,False,-549.25,1668.75
Professional Services,2022Apr,887,2022-04-01,False,False,891.0,-0.004489337822671136,False,-549.25,1668.75
Professional Services,2022May,884,2022-05-01,False,False,887.0,-0.0033821871476887866,False,-549.25,1668.75
Professional Services,2022Jun,857,2022-06-01,False,False,884.0,-0.03054298642533937,False,-549.25,1668.75
Professional Services,2022Jul,900,2022-07-01,False,False,857.0,0.05017502917152861,False,-549.25,1668.75
Professional Services,2022Aug,897,2022-08-01,False,False,900.0,-0.0033333333333332993,False,-549.25,1668.75
Professional Services,2022Sep,909,2022-09-01,False,False,897.0,0.013377926421404673,False,-549.25,1668.75
Professional Services,2022Oct,780,2022-10-01,False,False,909.0,-0.14191419141914197,False,-549.25,1668.75
Professional Services,2022Nov,983,2022-11-01,False,False,780.0,0.2602564102564102,False,-549.25,1668.75
Professional Services,2022Dec,879,2022-12-01,False,False,983.0,-0.1057985757884028,False,-549.25,1668.75
Professional Services,2023Jan,896,2023-01-01,False,False,879.0,0.019340159271899804,False,-549.25,1668.75
Professional Services,2023Feb,1009,2023-02-01,False,False,896.0,0.1261160714285714,False,-549.25,1668.75
Professional Services,2023Mar,1137,2023-03-01,False,False,1009.0,0.12685827552031714,False,-549.25,1668.75
Professional Services,2023Apr,999,2023-04-01,False,False,1137.0,-0.12137203166226918,False,-549.25,1668.75
Professional Services,2023May,1109,2023-05-01,False,False,999.0,0.11011011011011007,False,-549.25,1668.75
Professional Services,2023Jun,1002,2023-06-01,False,False,1109.0,-0.09648331830477908,False,-549.25,1668.75
Professional Services,2023Jul,1103,2023-07-01,False,False,1002.0,0.10079840319361288,False,-549.25,1668.75
Professional Services,2023Aug,1262,2023-08-01,False,False,1103.0,0.14415231187669986,False,-549.25,1668.75
Professional Services,2023Sep,888,2023-09-01,False,False,1262.0,-0.29635499207606975,False,-549.25,1668.75
Professional Services,2023Oct,947,2023-10-01,False,False,888.0,0.06644144144144137,False,-549.25,1668.75
Professional Services,2023Nov,900,2023-11-01,False,False,947.0,-0.0496304118268216,False,-549.25,1668.75
Professional Services,2023Dec,832,2023-12-01,False,False,900.0,-0.0755555555555556,False,-549.25,1668.75
Professional Services,2024Jan,1111,2024-01-01,False,False,832.0,0.33533653846153855,False,-549.25,1668.75
Professional Services,2024Feb,949,2024-02-01,False,False,1111.0,-0.14581458145814585,False,-549.25,1668.75
Professional Services,2024Mar,1069,2024-03-01,False,False,949.0,0.12644889357218125,False,-549.25,1668.75
Professional Services,2024Apr,1076,2024-04-01,False,False,1069.0,0.00654817586529477,False,-549.25,1668.75
Professional Services,2024May,1055,2024-05-01,False,False,1076.0,-0.01951672862453535,False,-549.25,1668.75
Professional Services,2024Jun,982,2024-06-01,False,False,1055.0,-0.06919431279620858,False,-549.25,1668.75
Professional Services,2024Jul,1107,2024-07-01,False,False,982.0,0.12729124236252543,False,-549.25,1668.75
Professional Services,2024Aug,1023,2024-08-01,False,False,1107.0,-0.07588075880758804,False,-549.25,1668.75
Professional Services,2024Sep,1022,2024-09-01,False,False,1023.0,-0.0009775171065493637,False,-549.25,1668.75
Professional Services,2024Oct,1058,2024-10-01,False,False,1022.0,0.03522504892367917,False,-549.25,1668.75
Professional Services,2024Nov,999,2024-11-01,False,False,1058.0,-0.055765595463137974,False,-549.25,1668.75
Professional Services,2024Dec,783,2024-12-01,False,False,999.0,-0.21621621621621623,False,-549.25,1668.75
Professional Services,2025Jan,1101,2025-01-01,False,False,783.0,0.4061302681992338,False,-549.25,1668.75
Professional Services,2025Feb,1048,2025-02-01,False,False,1101.0,-0.04813805631244328,False,-549.25,1668.75
Professional Services,2025Mar,1083,2025-03-01,False,False,1048.0,0.033396946564885566,False,-549.25,1668.75
Professional Services,2025Apr,1113,2025-04-01,False,False,1083.0,0.027700831024930705,False,-549.25,1668.75
Professional Services,2025May,1109,2025-05-01,False,False,1113.0,-0.003593890386343168,False,-549.25,1668.75
Professional Services,2025Jun,1069,2025-06-01,False,False,1109.0,-0.03606853020739409,False,-549.25,1668.75
Professional Services,2025Jul,1217,2025-07-01,False,False,1069.0,0.13844714686623005,False,-549.25,1668.75
Professional Services,2025Aug,1179,2025-08-01,False,False,1217.0,-0.03122432210353332,False,-549.25,1668.75
Professional Services,2025Sep,1137,2025-09-01,False,False,1179.0,-0.03562340966921118,False,-549.25,1668.75
Professional Services,2025Oct,1242,2025-10-01,False,False,1137.0,0.09234828496042224,False,-549.25,1668.75
Professional Services,2025Nov,1006,2025-11-01,False,False,1242.0,-0.19001610305958128,False,-549.25,1668.75
Professional Services,2025Dec,1105,2025-12-01,False,False,1006.0,0.09840954274353875,False,-549.25,1668.75
Professional Services,2026Jan,1334,2026-01-01,False,False,1105.0,0.20723981900452482,False,-549.25,1668.75
Professional Services,2026Feb,919,2026-02-01,False,False,1334.0,-0.31109445277361314,False,-549.25,1668.75
Professional Services,2026Mar,1253,2026-03-01,False,False,919.0,0.36343852013057676,False,-549.25,1668.75
Real Estate,1990Jan,66,1990-01-01,False,False,,,False,3.0,131.0
Real Estate,1990Feb,69,1990-02-01,False,False,66.0,0.045454545454545414,False,3.0,131.0
Real Estate,1990Mar,76,1990-03-01,False,False,69.0,0.10144927536231885,False,3.0,131.0
Real Estate,1990Apr,62,1990-04-01,False,False,76.0,-0.1842105263157895,False,3.0,131.0
Real Estate,1990May,86,1990-05-01,False,False,62.0,0.3870967741935485,False,3.0,131.0
Real Estate,1990Jun,78,1990-06-01,False,False,86.0,-0.09302325581395354,False,3.0,131.0
Real Estate,1990Jul,60,1990-07-01,False,False,78.0,-0.23076923076923073,False,3.0,131.0
Real Estate,1990Aug,84,1990-08-01,False,False,60.0,0.3999999999999999,False,3.0,131.0
Real Estate,1990Sep,57,1990-09-01,False,False,84.0,-0.3214285714285714,False,3.0,131.0
Real Estate,1990Oct,55,1990-10-01,False,False,57.0,-0.03508771929824561,False,3.0,131.0
Real Estate,1990Nov,71,1990-11-01,False,False,55.0,0.290909090909091,False,3.0,131.0
Real Estate,1990Dec,59,1990-12-01,False,False,71.0,-0.16901408450704225,False,3.0,131.0
Real Estate,1991Jan,69,1991-01-01,False,False,59.0,0.1694915254237288,False,3.0,131.0
Real Estate,1991Feb,57,1991-02-01,False,False,69.0,-0.17391304347826086,False,3.0,131.0
Real Estate,1991Mar,83,1991-03-01,False,False,57.0,0.45614035087719307,False,3.0,131.0
Real Estate,1991Apr,90,1991-04-01,False,False,83.0,0.0843373493975903,False,3.0,131.0
Real Estate,1991May,93,1991-05-01,False,False,90.0,0.03333333333333344,False,3.0,131.0
Real Estate,1991Jun,90,1991-06-01,False,False,93.0,-0.032258064516129004,False,3.0,131.0
Real Estate,1991Jul,83,1991-07-01,False,False,90.0,-0.07777777777777772,False,3.0,131.0
Real Estate,1991Aug,97,1991-08-01,False,False,83.0,0.16867469879518082,False,3.0,131.0
Real Estate,1991Sep,86,1991-09-01,False,False,97.0,-0.11340206185567014,False,3.0,131.0
Real Estate,1991Oct,83,1991-10-01,False,False,86.0,-0.03488372093023251,False,3.0,131.0
Real Estate,1991Nov,70,1991-11-01,False,False,83.0,-0.15662650602409633,False,3.0,131.0
Real Estate,1991Dec,56,1991-12-01,False,False,70.0,-0.19999999999999996,False,3.0,131.0
Real Estate,1992Jan,61,1992-01-01,False,False,56.0,0.08928571428571419,False,3.0,131.0
Real Estate,1992Feb,68,1992-02-01,False,False,61.0,0.11475409836065564,False,3.0,131.0
Real Estate,1992Mar,99,1992-03-01,False,False,68.0,0.4558823529411764,False,3.0,131.0
Real Estate,1992Apr,83,1992-04-01,False,False,99.0,-0.16161616161616166,False,3.0,131.0
Real Estate,1992May,88,1992-05-01,False,False,83.0,0.06024096385542177,False,3.0,131.0
Real Estate,1992Jun,75,1992-06-01,False,False,88.0,-0.1477272727272727,False,3.0,131.0
Real Estate,1992Jul,104,1992-07-01,False,False,75.0,0.3866666666666667,False,3.0,131.0
Real Estate,1992Aug,84,1992-08-01,False,False,104.0,-0.1923076923076923,False,3.0,131.0
Real Estate,1992Sep,82,1992-09-01,False,False,84.0,-0.023809523809523836,False,3.0,131.0
Real Estate,1992Oct,93,1992-10-01,False,False,82.0,0.13414634146341453,False,3.0,131.0
Real Estate,1992Nov,69,1992-11-01,False,False,93.0,-0.25806451612903225,False,3.0,131.0
Real Estate,1992Dec,87,1992-12-01,False,False,69.0,0.26086956521739135,False,3.0,131.0
Real Estate,1993Jan,80,1993-01-01,False,False,87.0,-0.08045977011494254,False,3.0,131.0
Real Estate,1993Feb,88,1993-02-01,False,False,80.0,0.10000000000000009,False,3.0,131.0
Real Estate,1993Mar,106,1993-03-01,False,False,88.0,0.20454545454545459,False,3.0,131.0
Real Estate,1993Apr,131,1993-04-01,False,False,106.0,0.23584905660377364,False,3.0,131.0
Real Estate,1993May,128,1993-05-01,False,False,131.0,-0.022900763358778664,False,3.0,131.0
Real Estate,1993Jun,108,1993-06-01,False,False,128.0,-0.15625,False,3.0,131.0
Real Estate,1993Jul,113,1993-07-01,False,False,108.0,0.04629629629629628,False,3.0,131.0
Real Estate,1993Aug,104,1993-08-01,False,False,113.0,-0.07964601769911506,False,3.0,131.0
Real Estate,1993Sep,108,1993-09-01,False,False,104.0,0.03846153846153855,False,3.0,131.0
Real Estate,1993Oct,109,1993-10-01,False,False,108.0,0.0092592592592593,False,3.0,131.0
Real Estate,1993Nov,87,1993-11-01,False,False,109.0,-0.2018348623853211,False,3.0,131.0
Real Estate,1993Dec,63,1993-12-01,False,False,87.0,-0.27586206896551724,False,3.0,131.0
Real Estate,1994Jan,109,1994-01-01,False,False,63.0,0.7301587301587302,False,3.0,131.0
Real Estate,1994Feb,82,1994-02-01,False,False,109.0,-0.24770642201834858,False,3.0,131.0
Real Estate,1994Mar,139,1994-03-01,False,False,82.0,0.6951219512195121,True,3.0,131.0
Real Estate,1994Apr,125,1994-04-01,False,False,139.0,-0.1007194244604317,False,3.0,131.0
Real Estate,1994May,107,1994-05-01,False,False,125.0,-0.14400000000000002,False,3.0,131.0
Real Estate,1994Jun,103,1994-06-01,False,False,107.0,-0.03738317757009346,False,3.0,131.0
Real Estate,1994Jul,120,1994-07-01,False,False,103.0,0.16504854368932032,False,3.0,131.0
Real Estate,1994Aug,102,1994-08-01,False,False,120.0,-0.15000000000000002,False,3.0,131.0
Real Estate,1994Sep,116,1994-09-01,False,False,102.0,0.13725490196078427,False,3.0,131.0
Real Estate,1994Oct,116,1994-10-01,False,False,116.0,0.0,False,3.0,131.0
Real Estate,1994Nov,117,1994-11-01,False,False,116.0,0.008620689655172376,False,3.0,131.0
Real Estate,1994Dec,107,1994-12-01,False,False,117.0,-0.0854700854700855,False,3.0,131.0
Real Estate,1995Jan,102,1995-01-01,False,False,107.0,-0.04672897196261683,False,3.0,131.0
Real Estate,1995Feb,82,1995-02-01,False,False,102.0,-0.196078431372549,False,3.0,131.0
Real Estate,1995Mar,115,1995-03-01,False,False,82.0,0.4024390243902438,False,3.0,131.0
Real Estate,1995Apr,120,1995-04-01,False,False,115.0,0.04347826086956519,False,3.0,131.0
Real Estate,1995May,94,1995-05-01,False,False,120.0,-0.21666666666666667,False,3.0,131.0
Real Estate,1995Jun,86,1995-06-01,False,False,94.0,-0.08510638297872342,False,3.0,131.0
Real Estate,1995Jul,113,1995-07-01,False,False,86.0,0.3139534883720929,False,3.0,131.0
Real Estate,1995Aug,101,1995-08-01,False,False,113.0,-0.10619469026548678,False,3.0,131.0
Real Estate,1995Sep,112,1995-09-01,False,False,101.0,0.10891089108910901,False,3.0,131.0
Real Estate,1995Oct,82,1995-10-01,False,False,112.0,-0.2678571428571429,False,3.0,131.0
Real Estate,1995Nov,95,1995-11-01,False,False,82.0,0.15853658536585358,False,3.0,131.0
Real Estate,1995Dec,75,1995-12-01,False,False,95.0,-0.21052631578947367,False,3.0,131.0
Real Estate,1996Jan,115,1996-01-01,False,False,75.0,0.5333333333333334,False,3.0,131.0
Real Estate,1996Feb,73,1996-02-01,False,False,115.0,-0.3652173913043478,False,3.0,131.0
Real Estate,1996Mar,110,1996-03-01,False,False,73.0,0.5068493150684932,False,3.0,131.0
Real Estate,1996Apr,114,1996-04-01,False,False,110.0,0.036363636363636376,False,3.0,131.0
Real Estate,1996May,103,1996-05-01,False,False,114.0,-0.0964912280701754,False,3.0,131.0
Real Estate,1996Jun,89,1996-06-01,False,False,103.0,-0.13592233009708743,False,3.0,131.0
Real Estate,1996Jul,96,1996-07-01,False,False,89.0,0.0786516853932584,False,3.0,131.0
Real Estate,1996Aug,91,1996-08-01,False,False,96.0,-0.05208333333333337,False,3.0,131.0
Real Estate,1996Sep,82,1996-09-01,False,False,91.0,-0.09890109890109888,False,3.0,131.0
Real Estate,1996Oct,113,1996-10-01,False,False,82.0,0.37804878048780477,False,3.0,131.0
Real Estate,1996Nov,79,1996-11-01,False,False,113.0,-0.3008849557522124,False,3.0,131.0
Real Estate,1996Dec,72,1996-12-01,False,False,79.0,-0.08860759493670889,False,3.0,131.0
Real Estate,1997Jan,91,1997-01-01,False,False,72.0,0.26388888888888884,False,3.0,131.0
Real Estate,1997Feb,54,1997-02-01,False,False,91.0,-0.4065934065934066,False,3.0,131.0
Real Estate,1997Mar,110,1997-03-01,False,False,54.0,1.0370370370370372,False,3.0,131.0
Real Estate,1997Apr,99,1997-04-01,False,False,110.0,-0.09999999999999998,False,3.0,131.0
Real Estate,1997May,86,1997-05-01,False,False,99.0,-0.13131313131313127,False,3.0,131.0
Real Estate,1997Jun,73,1997-06-01,False,False,86.0,-0.15116279069767447,False,3.0,131.0
Real Estate,1997Jul,65,1997-07-01,False,False,73.0,-0.1095890410958904,False,3.0,131.0
Real Estate,1997Aug,60,1997-08-01,False,False,65.0,-0.07692307692307687,False,3.0,131.0
Real Estate,1997Sep,62,1997-09-01,False,False,60.0,0.03333333333333344,False,3.0,131.0
Real Estate,1997Oct,61,1997-10-01,False,False,62.0,-0.016129032258064502,False,3.0,131.0
Real Estate,1997Nov,61,1997-11-01,False,False,61.0,0.0,False,3.0,131.0
Real Estate,1997Dec,69,1997-12-01,False,False,61.0,0.13114754098360648,False,3.0,131.0
Real Estate,1998Jan,33,1998-01-01,False,False,69.0,-0.5217391304347826,False,3.0,131.0
Real Estate,1998Feb,35,1998-02-01,False,False,33.0,0.06060606060606055,False,3.0,131.0
Real Estate,1998Mar,59,1998-03-01,False,False,35.0,0.6857142857142857,False,3.0,131.0
Real Estate,1998Apr,60,1998-04-01,False,False,59.0,0.016949152542372836,False,3.0,131.0
Real Estate,1998May,49,1998-05-01,False,False,60.0,-0.18333333333333335,False,3.0,131.0
Real Estate,1998Jun,50,1998-06-01,False,False,49.0,0.020408163265306145,False,3.0,131.0
Real Estate,1998Jul,57,1998-07-01,False,False,50.0,0.1399999999999999,False,3.0,131.0
Real Estate,1998Aug,41,1998-08-01,False,False,57.0,-0.2807017543859649,False,3.0,131.0
Real Estate,1998Sep,51,1998-09-01,False,False,41.0,0.24390243902439024,False,3.0,131.0
Real Estate,1998Oct,46,1998-10-01,False,False,51.0,-0.0980392156862745,False,3.0,131.0
Real Estate,1998Nov,54,1998-11-01,False,False,46.0,0.17391304347826098,False,3.0,131.0
Real Estate,1998Dec,67,1998-12-01,False,False,54.0,0.2407407407407407,False,3.0,131.0
Real Estate,1999Jan,38,1999-01-01,False,False,67.0,-0.4328358208955224,False,3.0,131.0
Real Estate,1999Feb,38,1999-02-01,False,False,38.0,0.0,False,3.0,131.0
Real Estate,1999Mar,51,1999-03-01,False,False,38.0,0.3421052631578947,False,3.0,131.0
Real Estate,1999Apr,75,1999-04-01,False,False,51.0,0.47058823529411775,False,3.0,131.0
Real Estate,1999May,67,1999-05-01,False,False,75.0,-0.10666666666666669,False,3.0,131.0
Real Estate,1999Jun,77,1999-06-01,False,False,67.0,0.14925373134328357,False,3.0,131.0
Real Estate,1999Jul,61,1999-07-01,False,False,77.0,-0.20779220779220775,False,3.0,131.0
Real Estate,1999Aug,62,1999-08-01,False,False,61.0,0.016393442622950838,False,3.0,131.0
Real Estate,1999Sep,49,1999-09-01,False,False,62.0,-0.20967741935483875,False,3.0,131.0
Real Estate,1999Oct,56,1999-10-01,False,False,49.0,0.1428571428571428,False,3.0,131.0
Real Estate,1999Nov,48,1999-11-01,False,False,56.0,-0.1428571428571429,False,3.0,131.0
Real Estate,1999Dec,53,1999-12-01,False,False,48.0,0.10416666666666674,False,3.0,131.0
Real Estate,2000Jan,71,2000-01-01,False,False,53.0,0.3396226415094339,False,3.0,131.0
Real Estate,2000Feb,58,2000-02-01,False,False,71.0,-0.18309859154929575,False,3.0,131.0
Real Estate,2000Mar,55,2000-03-01,False,False,58.0,-0.051724137931034475,False,3.0,131.0
Real Estate,2000Apr,40,2000-04-01,False,False,55.0,-0.2727272727272727,False,3.0,131.0
Real Estate,2000May,54,2000-05-01,False,False,40.0,0.3500000000000001,False,3.0,131.0
Real Estate,2000Jun,50,2000-06-01,False,False,54.0,-0.07407407407407407,False,3.0,131.0
Real Estate,2000Jul,50,2000-07-01,False,False,50.0,0.0,False,3.0,131.0
Real Estate,2000Aug,53,2000-08-01,False,False,50.0,0.06000000000000005,False,3.0,131.0
Real Estate,2000Sep,45,2000-09-01,False,False,53.0,-0.15094339622641506,False,3.0,131.0
Real Estate,2000Oct,42,2000-10-01,False,False,45.0,-0.06666666666666665,False,3.0,131.0
Real Estate,2000Nov,30,2000-11-01,False,False,42.0,-0.2857142857142857,False,3.0,131.0
Real Estate,2000Dec,23,2000-12-01,False,False,30.0,-0.23333333333333328,False,3.0,131.0
Real Estate,2001Jan,21,2001-01-01,False,False,23.0,-0.08695652173913049,False,3.0,131.0
Real Estate,2001Feb,33,2001-02-01,False,False,21.0,0.5714285714285714,False,3.0,131.0
Real Estate,2001Mar,45,2001-03-01,False,False,33.0,0.36363636363636354,False,3.0,131.0
Real Estate,2001Apr,30,2001-04-01,False,False,45.0,-0.33333333333333337,False,3.0,131.0
Real Estate,2001May,32,2001-05-01,False,False,30.0,0.06666666666666665,False,3.0,131.0
Real Estate,2001Jun,37,2001-06-01,False,False,32.0,0.15625,False,3.0,131.0
Real Estate,2001Jul,39,2001-07-01,False,False,37.0,0.054054054054053946,False,3.0,131.0
Real Estate,2001Aug,50,2001-08-01,False,False,39.0,0.28205128205128216,False,3.0,131.0
Real Estate,2001Sep,28,2001-09-01,False,False,50.0,-0.43999999999999995,False,3.0,131.0
Real Estate,2001Oct,35,2001-10-01,False,False,28.0,0.25,False,3.0,131.0
Real Estate,2001Nov,53,2001-11-01,False,False,35.0,0.5142857142857142,False,3.0,131.0
Real Estate,2001Dec,20,2001-12-01,False,False,53.0,-0.6226415094339622,False,3.0,131.0
Real Estate,2002Jan,27,2002-01-01,False,False,20.0,0.3500000000000001,False,3.0,131.0
Real Estate,2002Feb,26,2002-02-01,False,False,27.0,-0.03703703703703709,False,3.0,131.0
Real Estate,2002Mar,38,2002-03-01,False,False,26.0,0.46153846153846145,False,3.0,131.0
Real Estate,2002Apr,37,2002-04-01,False,False,38.0,-0.02631578947368418,False,3.0,131.0
Real Estate,2002May,46,2002-05-01,False,False,37.0,0.2432432432432432,False,3.0,131.0
Real Estate,2002Jun,33,2002-06-01,False,False,46.0,-0.28260869565217395,False,3.0,131.0
Real Estate,2002Jul,29,2002-07-01,False,False,33.0,-0.12121212121212122,False,3.0,131.0
Real Estate,2002Aug,34,2002-08-01,False,False,29.0,0.17241379310344818,False,3.0,131.0
Real Estate,2002Sep,37,2002-09-01,False,False,34.0,0.08823529411764697,False,3.0,131.0
Real Estate,2002Oct,29,2002-10-01,False,False,37.0,-0.21621621621621623,False,3.0,131.0
Real Estate,2002Nov,26,2002-11-01,False,False,29.0,-0.10344827586206895,False,3.0,131.0
Real Estate,2002Dec,34,2002-12-01,False,False,26.0,0.3076923076923077,False,3.0,131.0
Real Estate,2003Jan,34,2003-01-01,False,False,34.0,0.0,False,3.0,131.0
Real Estate,2003Feb,32,2003-02-01,False,False,34.0,-0.05882352941176472,False,3.0,131.0
Real Estate,2003Mar,41,2003-03-01,False,False,32.0,0.28125,False,3.0,131.0
Real Estate,2003Apr,46,2003-04-01,False,False,41.0,0.12195121951219523,False,3.0,131.0
Real Estate,2003May,33,2003-05-01,False,False,46.0,-0.28260869565217395,False,3.0,131.0
Real Estate,2003Jun,53,2003-06-01,False,False,33.0,0.606060606060606,False,3.0,131.0
Real Estate,2003Jul,40,2003-07-01,False,False,53.0,-0.24528301886792447,False,3.0,131.0
Real Estate,2003Aug,50,2003-08-01,False,False,40.0,0.25,False,3.0,131.0
Real Estate,2003Sep,46,2003-09-01,False,False,50.0,-0.07999999999999996,False,3.0,131.0
Real Estate,2003Oct,45,2003-10-01,False,False,46.0,-0.021739130434782594,False,3.0,131.0
Real Estate,2003Nov,40,2003-11-01,False,False,45.0,-0.11111111111111116,False,3.0,131.0
Real Estate,2003Dec,49,2003-12-01,False,False,40.0,0.2250000000000001,False,3.0,131.0
Real Estate,2004Jan,50,2004-01-01,False,False,49.0,0.020408163265306145,False,3.0,131.0
Real Estate,2004Feb,42,2004-02-01,False,False,50.0,-0.16000000000000003,False,3.0,131.0
Real Estate,2004Mar,58,2004-03-01,False,False,42.0,0.38095238095238093,False,3.0,131.0
Real Estate,2004Apr,59,2004-04-01,False,False,58.0,0.01724137931034475,False,3.0,131.0
Real Estate,2004May,48,2004-05-01,False,False,59.0,-0.18644067796610164,False,3.0,131.0
Real Estate,2004Jun,62,2004-06-01,False,False,48.0,0.29166666666666674,False,3.0,131.0
Real Estate,2004Jul,50,2004-07-01,False,False,62.0,-0.19354838709677424,False,3.0,131.0
Real Estate,2004Aug,44,2004-08-01,False,False,50.0,-0.12,False,3.0,131.0
Real Estate,2004Sep,66,2004-09-01,False,False,44.0,0.5,False,3.0,131.0
Real Estate,2004Oct,48,2004-10-01,False,False,66.0,-0.2727272727272727,False,3.0,131.0
Real Estate,2004Nov,51,2004-11-01,False,False,48.0,0.0625,False,3.0,131.0
Real Estate,2004Dec,51,2004-12-01,False,False,51.0,0.0,False,3.0,131.0
Real Estate,2005Jan,54,2005-01-01,False,False,51.0,0.05882352941176472,False,3.0,131.0
Real Estate,2005Feb,36,2005-02-01,False,False,54.0,-0.33333333333333337,False,3.0,131.0
Real Estate,2005Mar,66,2005-03-01,False,False,36.0,0.8333333333333333,False,3.0,131.0
Real Estate,2005Apr,65,2005-04-01,False,False,66.0,-0.015151515151515138,False,3.0,131.0
Real Estate,2005May,55,2005-05-01,False,False,65.0,-0.15384615384615385,False,3.0,131.0
Real Estate,2005Jun,35,2005-06-01,False,False,55.0,-0.36363636363636365,False,3.0,131.0
Real Estate,2005Jul,59,2005-07-01,False,False,35.0,0.6857142857142857,False,3.0,131.0
Real Estate,2005Aug,48,2005-08-01,False,False,59.0,-0.18644067796610164,False,3.0,131.0
Real Estate,2005Sep,52,2005-09-01,False,False,48.0,0.08333333333333326,False,3.0,131.0
Real Estate,2005Oct,54,2005-10-01,False,False,52.0,0.03846153846153855,False,3.0,131.0
Real Estate,2005Nov,43,2005-11-01,False,False,54.0,-0.20370370370370372,False,3.0,131.0
Real Estate,2005Dec,44,2005-12-01,False,False,43.0,0.023255813953488413,False,3.0,131.0
Real Estate,2006Jan,32,2006-01-01,False,False,44.0,-0.2727272727272727,False,3.0,131.0
Real Estate,2006Feb,46,2006-02-01,False,False,32.0,0.4375,False,3.0,131.0
Real Estate,2006Mar,74,2006-03-01,False,False,46.0,0.6086956521739131,False,3.0,131.0
Real Estate,2006Apr,51,2006-04-01,False,False,74.0,-0.31081081081081086,False,3.0,131.0
Real Estate,2006May,61,2006-05-01,False,False,51.0,0.196078431372549,False,3.0,131.0
Real Estate,2006Jun,58,2006-06-01,False,False,61.0,-0.049180327868852514,False,3.0,131.0
Real Estate,2006Jul,61,2006-07-01,False,False,58.0,0.051724137931034475,False,3.0,131.0
Real Estate,2006Aug,69,2006-08-01,False,False,61.0,0.13114754098360648,False,3.0,131.0
Real Estate,2006Sep,81,2006-09-01,False,False,69.0,0.17391304347826098,False,3.0,131.0
Real Estate,2006Oct,68,2006-10-01,False,False,81.0,-0.16049382716049387,False,3.0,131.0
Real Estate,2006Nov,72,2006-11-01,False,False,68.0,0.05882352941176472,False,3.0,131.0
Real Estate,2006Dec,55,2006-12-01,False,False,72.0,-0.23611111111111116,False,3.0,131.0
Real Estate,2007Jan,80,2007-01-01,False,False,55.0,0.4545454545454546,False,3.0,131.0
Real Estate,2007Feb,57,2007-02-01,False,False,80.0,-0.2875,False,3.0,131.0
Real Estate,2007Mar,85,2007-03-01,False,False,57.0,0.49122807017543857,False,3.0,131.0
Real Estate,2007Apr,87,2007-04-01,False,False,85.0,0.0235294117647058,False,3.0,131.0
Real Estate,2007May,107,2007-05-01,False,False,87.0,0.2298850574712643,False,3.0,131.0
Real Estate,2007Jun,96,2007-06-01,False,False,107.0,-0.10280373831775702,False,3.0,131.0
Real Estate,2007Jul,138,2007-07-01,False,False,96.0,0.4375,True,3.0,131.0
Real Estate,2007Aug,102,2007-08-01,False,False,138.0,-0.26086956521739135,False,3.0,131.0
Real Estate,2007Sep,84,2007-09-01,False,False,102.0,-0.17647058823529416,False,3.0,131.0
Real Estate,2007Oct,110,2007-10-01,False,False,84.0,0.30952380952380953,False,3.0,131.0
Real Estate,2007Nov,71,2007-11-01,False,False,110.0,-0.3545454545454545,False,3.0,131.0
Real Estate,2007Dec,61,2007-12-01,False,False,71.0,-0.14084507042253525,False,3.0,131.0
Real Estate,2008Jan,83,2008-01-01,False,False,61.0,0.360655737704918,False,3.0,131.0
Real Estate,2008Feb,69,2008-02-01,False,False,83.0,-0.1686746987951807,False,3.0,131.0
Real Estate,2008Mar,58,2008-03-01,False,False,69.0,-0.1594202898550725,False,3.0,131.0
Real Estate,2008Apr,72,2008-04-01,False,False,58.0,0.24137931034482762,False,3.0,131.0
Real Estate,2008May,59,2008-05-01,False,False,72.0,-0.18055555555555558,False,3.0,131.0
Real Estate,2008Jun,52,2008-06-01,False,False,59.0,-0.11864406779661019,False,3.0,131.0
Real Estate,2008Jul,72,2008-07-01,False,False,52.0,0.3846153846153846,False,3.0,131.0
Real Estate,2008Aug,62,2008-08-01,False,False,72.0,-0.13888888888888884,False,3.0,131.0
Real Estate,2008Sep,70,2008-09-01,False,False,62.0,0.12903225806451624,False,3.0,131.0
Real Estate,2008Oct,46,2008-10-01,False,False,70.0,-0.34285714285714286,False,3.0,131.0
Real Estate,2008Nov,43,2008-11-01,False,False,46.0,-0.06521739130434778,False,3.0,131.0
Real Estate,2008Dec,42,2008-12-01,False,False,43.0,-0.023255813953488413,False,3.0,131.0
Real Estate,2009Jan,54,2009-01-01,False,False,42.0,0.2857142857142858,False,3.0,131.0
Real Estate,2009Feb,56,2009-02-01,False,False,54.0,0.03703703703703698,False,3.0,131.0
Real Estate,2009Mar,67,2009-03-01,False,False,56.0,0.1964285714285714,False,3.0,131.0
Real Estate,2009Apr,78,2009-04-01,False,False,67.0,0.16417910447761197,False,3.0,131.0
Real Estate,2009May,59,2009-05-01,False,False,78.0,-0.2435897435897436,False,3.0,131.0
Real Estate,2009Jun,70,2009-06-01,False,False,59.0,0.18644067796610164,False,3.0,131.0
Real Estate,2009Jul,82,2009-07-01,False,False,70.0,0.17142857142857149,False,3.0,131.0
Real Estate,2009Aug,66,2009-08-01,False,False,82.0,-0.19512195121951215,False,3.0,131.0
Real Estate,2009Sep,94,2009-09-01,False,False,66.0,0.4242424242424243,False,3.0,131.0
Real Estate,2009Oct,85,2009-10-01,False,False,94.0,-0.0957446808510638,False,3.0,131.0
Real Estate,2009Nov,82,2009-11-01,False,False,85.0,-0.03529411764705881,False,3.0,131.0
Real Estate,2009Dec,74,2009-12-01,False,False,82.0,-0.09756097560975607,False,3.0,131.0
Real Estate,2010Jan,66,2010-01-01,False,False,74.0,-0.10810810810810811,False,3.0,131.0
Real Estate,2010Feb,61,2010-02-01,False,False,66.0,-0.0757575757575758,False,3.0,131.0
Real Estate,2010Mar,72,2010-03-01,False,False,61.0,0.180327868852459,False,3.0,131.0
Real Estate,2010Apr,92,2010-04-01,False,False,72.0,0.2777777777777777,False,3.0,131.0
Real Estate,2010May,83,2010-05-01,False,False,92.0,-0.09782608695652173,False,3.0,131.0
Real Estate,2010Jun,77,2010-06-01,False,False,83.0,-0.07228915662650603,False,3.0,131.0
Real Estate,2010Jul,101,2010-07-01,False,False,77.0,0.3116883116883118,False,3.0,131.0
Real Estate,2010Aug,117,2010-08-01,False,False,101.0,0.15841584158415833,False,3.0,131.0
Real Estate,2010Sep,98,2010-09-01,False,False,117.0,-0.16239316239316237,False,3.0,131.0
Real Estate,2010Oct,88,2010-10-01,False,False,98.0,-0.10204081632653061,False,3.0,131.0
Real Estate,2010Nov,93,2010-11-01,False,False,88.0,0.05681818181818188,False,3.0,131.0
Real Estate,2010Dec,89,2010-12-01,False,False,93.0,-0.043010752688172005,False,3.0,131.0
Real Estate,2011Jan,99,2011-01-01,False,False,89.0,0.1123595505617978,False,3.0,131.0
Real Estate,2011Feb,82,2011-02-01,False,False,99.0,-0.1717171717171717,False,3.0,131.0
Real Estate,2011Mar,83,2011-03-01,False,False,82.0,0.012195121951219523,False,3.0,131.0
Real Estate,2011Apr,103,2011-04-01,False,False,83.0,0.24096385542168686,False,3.0,131.0
Real Estate,2011May,90,2011-05-01,False,False,103.0,-0.12621359223300976,False,3.0,131.0
Real Estate,2011Jun,110,2011-06-01,False,False,90.0,0.22222222222222232,False,3.0,131.0
Real Estate,2011Jul,96,2011-07-01,False,False,110.0,-0.12727272727272732,False,3.0,131.0
Real Estate,2011Aug,76,2011-08-01,False,False,96.0,-0.20833333333333337,False,3.0,131.0
Real Estate,2011Sep,69,2011-09-01,False,False,76.0,-0.09210526315789469,False,3.0,131.0
Real Estate,2011Oct,106,2011-10-01,False,False,69.0,0.536231884057971,False,3.0,131.0
Real Estate,2011Nov,83,2011-11-01,False,False,106.0,-0.21698113207547165,False,3.0,131.0
Real Estate,2011Dec,53,2011-12-01,False,False,83.0,-0.3614457831325302,False,3.0,131.0
Real Estate,2012Jan,44,2012-01-01,False,False,53.0,-0.16981132075471694,False,3.0,131.0
Real Estate,2012Feb,77,2012-02-01,False,False,44.0,0.75,False,3.0,131.0
Real Estate,2012Mar,101,2012-03-01,False,False,77.0,0.3116883116883118,False,3.0,131.0
Real Estate,2012Apr,84,2012-04-01,False,False,101.0,-0.16831683168316836,False,3.0,131.0
Real Estate,2012May,90,2012-05-01,False,False,84.0,0.0714285714285714,False,3.0,131.0
Real Estate,2012Jun,90,2012-06-01,False,False,90.0,0.0,False,3.0,131.0
Real Estate,2012Jul,83,2012-07-01,False,False,90.0,-0.07777777777777772,False,3.0,131.0
Real Estate,2012Aug,82,2012-08-01,False,False,83.0,-0.012048192771084376,False,3.0,131.0
Real Estate,2012Sep,86,2012-09-01,False,False,82.0,0.04878048780487809,False,3.0,131.0
Real Estate,2012Oct,105,2012-10-01,False,False,86.0,0.22093023255813948,False,3.0,131.0
Real Estate,2012Nov,102,2012-11-01,False,False,105.0,-0.02857142857142858,False,3.0,131.0
Real Estate,2012Dec,75,2012-12-01,False,False,102.0,-0.2647058823529411,False,3.0,131.0
Real Estate,2013Jan,108,2013-01-01,False,False,75.0,0.43999999999999995,False,3.0,131.0
Real Estate,2013Feb,78,2013-02-01,False,False,108.0,-0.2777777777777778,False,3.0,131.0
Real Estate,2013Mar,102,2013-03-01,False,False,78.0,0.3076923076923077,False,3.0,131.0
Real Estate,2013Apr,87,2013-04-01,False,False,102.0,-0.1470588235294118,False,3.0,131.0
Real Estate,2013May,91,2013-05-01,False,False,87.0,0.04597701149425282,False,3.0,131.0
Real Estate,2013Jun,84,2013-06-01,False,False,91.0,-0.07692307692307687,False,3.0,131.0
Real Estate,2013Jul,79,2013-07-01,False,False,84.0,-0.059523809523809534,False,3.0,131.0
Real Estate,2013Aug,73,2013-08-01,False,False,79.0,-0.07594936708860756,False,3.0,131.0
Real Estate,2013Sep,47,2013-09-01,False,False,73.0,-0.3561643835616438,False,3.0,131.0
Real Estate,2013Oct,82,2013-10-01,False,False,47.0,0.7446808510638299,False,3.0,131.0
Real Estate,2013Nov,47,2013-11-01,False,False,82.0,-0.426829268292683,False,3.0,131.0
Real Estate,2013Dec,56,2013-12-01,False,False,47.0,0.1914893617021276,False,3.0,131.0
Real Estate,2014Jan,53,2014-01-01,False,False,56.0,-0.0535714285714286,False,3.0,131.0
Real Estate,2014Feb,54,2014-02-01,False,False,53.0,0.018867924528301883,False,3.0,131.0
Real Estate,2014Mar,65,2014-03-01,False,False,54.0,0.20370370370370372,False,3.0,131.0
Real Estate,2014Apr,51,2014-04-01,False,False,65.0,-0.2153846153846154,False,3.0,131.0
Real Estate,2014May,57,2014-05-01,False,False,51.0,0.11764705882352944,False,3.0,131.0
Real Estate,2014Jun,68,2014-06-01,False,False,57.0,0.1929824561403508,False,3.0,131.0
Real Estate,2014Jul,55,2014-07-01,False,False,68.0,-0.19117647058823528,False,3.0,131.0
Real Estate,2014Aug,73,2014-08-01,False,False,55.0,0.3272727272727274,False,3.0,131.0
Real Estate,2014Sep,45,2014-09-01,False,False,73.0,-0.3835616438356164,False,3.0,131.0
Real Estate,2014Oct,57,2014-10-01,False,False,45.0,0.2666666666666666,False,3.0,131.0
Real Estate,2014Nov,35,2014-11-01,False,False,57.0,-0.38596491228070173,False,3.0,131.0
Real Estate,2014Dec,52,2014-12-01,False,False,35.0,0.48571428571428577,False,3.0,131.0
Real Estate,2015Jan,59,2015-01-01,False,False,52.0,0.13461538461538458,False,3.0,131.0
Real Estate,2015Feb,46,2015-02-01,False,False,59.0,-0.22033898305084743,False,3.0,131.0
Real Estate,2015Mar,54,2015-03-01,False,False,46.0,0.17391304347826098,False,3.0,131.0
Real Estate,2015Apr,39,2015-04-01,False,False,54.0,-0.2777777777777778,False,3.0,131.0
Real Estate,2015May,61,2015-05-01,False,False,39.0,0.5641025641025641,False,3.0,131.0
Real Estate,2015Jun,54,2015-06-01,False,False,61.0,-0.11475409836065575,False,3.0,131.0
Real Estate,2015Jul,68,2015-07-01,False,False,54.0,0.2592592592592593,False,3.0,131.0
Real Estate,2015Aug,63,2015-08-01,False,False,68.0,-0.07352941176470584,False,3.0,131.0
Real Estate,2015Sep,57,2015-09-01,False,False,63.0,-0.09523809523809523,False,3.0,131.0
Real Estate,2015Oct,48,2015-10-01,False,False,57.0,-0.1578947368421053,False,3.0,131.0
Real Estate,2015Nov,48,2015-11-01,False,False,48.0,0.0,False,3.0,131.0
Real Estate,2015Dec,36,2015-12-01,False,False,48.0,-0.25,False,3.0,131.0
Real Estate,2016Jan,34,2016-01-01,False,False,36.0,-0.05555555555555558,False,3.0,131.0
Real Estate,2016Feb,26,2016-02-01,False,False,34.0,-0.23529411764705888,False,3.0,131.0
Real Estate,2016Mar,55,2016-03-01,False,False,26.0,1.1153846153846154,False,3.0,131.0
Real Estate,2016Apr,52,2016-04-01,False,False,55.0,-0.054545454545454564,False,3.0,131.0
Real Estate,2016May,46,2016-05-01,False,False,52.0,-0.11538461538461542,False,3.0,131.0
Real Estate,2016Jun,55,2016-06-01,False,False,46.0,0.19565217391304346,False,3.0,131.0
Real Estate,2016Jul,55,2016-07-01,False,False,55.0,0.0,False,3.0,131.0
Real Estate,2016Aug,52,2016-08-01,False,False,55.0,-0.054545454545454564,False,3.0,131.0
Real Estate,2016Sep,51,2016-09-01,False,False,52.0,-0.019230769230769273,False,3.0,131.0
Real Estate,2016Oct,72,2016-10-01,False,False,51.0,0.41176470588235303,False,3.0,131.0
Real Estate,2016Nov,58,2016-11-01,False,False,72.0,-0.19444444444444442,False,3.0,131.0
Real Estate,2016Dec,42,2016-12-01,False,False,58.0,-0.27586206896551724,False,3.0,131.0
Real Estate,2017Jan,37,2017-01-01,False,False,42.0,-0.11904761904761907,False,3.0,131.0
Real Estate,2017Feb,58,2017-02-01,False,False,37.0,0.5675675675675675,False,3.0,131.0
Real Estate,2017Mar,55,2017-03-01,False,False,58.0,-0.051724137931034475,False,3.0,131.0
Real Estate,2017Apr,42,2017-04-01,False,False,55.0,-0.23636363636363633,False,3.0,131.0
Real Estate,2017May,68,2017-05-01,False,False,42.0,0.6190476190476191,False,3.0,131.0
Real Estate,2017Jun,72,2017-06-01,False,False,68.0,0.05882352941176472,False,3.0,131.0
Real Estate,2017Jul,60,2017-07-01,False,False,72.0,-0.16666666666666663,False,3.0,131.0
Real Estate,2017Aug,79,2017-08-01,False,False,60.0,0.31666666666666665,False,3.0,131.0
Real Estate,2017Sep,67,2017-09-01,False,False,79.0,-0.15189873417721522,False,3.0,131.0
Real Estate,2017Oct,68,2017-10-01,False,False,67.0,0.014925373134328401,False,3.0,131.0
Real Estate,2017Nov,76,2017-11-01,False,False,68.0,0.11764705882352944,False,3.0,131.0
Real Estate,2017Dec,65,2017-12-01,False,False,76.0,-0.14473684210526316,False,3.0,131.0
Real Estate,2018Jan,76,2018-01-01,False,False,65.0,0.1692307692307693,False,3.0,131.0
Real Estate,2018Feb,57,2018-02-01,False,False,76.0,-0.25,False,3.0,131.0
Real Estate,2018Mar,75,2018-03-01,False,False,57.0,0.3157894736842106,False,3.0,131.0
Real Estate,2018Apr,62,2018-04-01,False,False,75.0,-0.17333333333333334,False,3.0,131.0
Real Estate,2018May,72,2018-05-01,False,False,62.0,0.16129032258064524,False,3.0,131.0
Real Estate,2018Jun,55,2018-06-01,False,False,72.0,-0.23611111111111116,False,3.0,131.0
Real Estate,2018Jul,68,2018-07-01,False,False,55.0,0.23636363636363633,False,3.0,131.0
Real Estate,2018Aug,53,2018-08-01,False,False,68.0,-0.22058823529411764,False,3.0,131.0
Real Estate,2018Sep,40,2018-09-01,False,False,53.0,-0.24528301886792447,False,3.0,131.0
Real Estate,2018Oct,50,2018-10-01,False,False,40.0,0.25,False,3.0,131.0
Real Estate,2018Nov,45,2018-11-01,False,False,50.0,-0.09999999999999998,False,3.0,131.0
Real Estate,2018Dec,39,2018-12-01,False,False,45.0,-0.1333333333333333,False,3.0,131.0
Real Estate,2019Jan,67,2019-01-01,False,False,39.0,0.7179487179487178,False,3.0,131.0
Real Estate,2019Feb,44,2019-02-01,False,False,67.0,-0.34328358208955223,False,3.0,131.0
Real Estate,2019Mar,64,2019-03-01,False,False,44.0,0.4545454545454546,False,3.0,131.0
Real Estate,2019Apr,41,2019-04-01,False,False,64.0,-0.359375,False,3.0,131.0
Real Estate,2019May,75,2019-05-01,False,False,41.0,0.8292682926829269,False,3.0,131.0
Real Estate,2019Jun,41,2019-06-01,False,False,75.0,-0.45333333333333337,False,3.0,131.0
Real Estate,2019Jul,63,2019-07-01,False,False,41.0,0.5365853658536586,False,3.0,131.0
Real Estate,2019Aug,72,2019-08-01,False,False,63.0,0.1428571428571428,False,3.0,131.0
Real Estate,2019Sep,63,2019-09-01,False,False,72.0,-0.125,False,3.0,131.0
Real Estate,2019Oct,67,2019-10-01,False,False,63.0,0.06349206349206349,False,3.0,131.0
Real Estate,2019Nov,47,2019-11-01,False,False,67.0,-0.29850746268656714,False,3.0,131.0
Real Estate,2019Dec,47,2019-12-01,False,False,47.0,0.0,False,3.0,131.0
Real Estate,2020Jan,53,2020-01-01,False,False,47.0,0.12765957446808507,False,3.0,131.0
Real Estate,2020Feb,47,2020-02-01,False,False,53.0,-0.1132075471698113,False,3.0,131.0
Real Estate,2020Mar,51,2020-03-01,False,False,47.0,0.0851063829787233,False,3.0,131.0
Real Estate,2020Apr,21,2020-04-01,False,False,51.0,-0.5882352941176471,False,3.0,131.0
Real Estate,2020May,30,2020-05-01,False,False,21.0,0.4285714285714286,False,3.0,131.0
Real Estate,2020Jun,44,2020-06-01,False,False,30.0,0.46666666666666656,False,3.0,131.0
Real Estate,2020Jul,53,2020-07-01,False,False,44.0,0.20454545454545459,False,3.0,131.0
Real Estate,2020Aug,44,2020-08-01,False,False,53.0,-0.16981132075471694,False,3.0,131.0
Real Estate,2020Sep,63,2020-09-01,False,False,44.0,0.4318181818181819,False,3.0,131.0
Real Estate,2020Oct,95,2020-10-01,False,False,63.0,0.5079365079365079,False,3.0,131.0
Real Estate,2020Nov,57,2020-11-01,False,False,95.0,-0.4,False,3.0,131.0
Real Estate,2020Dec,73,2020-12-01,False,False,57.0,0.2807017543859649,False,3.0,131.0
Real Estate,2021Jan,69,2021-01-01,False,False,73.0,-0.0547945205479452,False,3.0,131.0
Real Estate,2021Feb,40,2021-02-01,False,False,69.0,-0.42028985507246375,False,3.0,131.0
Real Estate,2021Mar,73,2021-03-01,False,False,40.0,0.825,False,3.0,131.0
Real Estate,2021Apr,69,2021-04-01,False,False,73.0,-0.0547945205479452,False,3.0,131.0
Real Estate,2021May,40,2021-05-01,False,False,69.0,-0.42028985507246375,False,3.0,131.0
Real Estate,2021Jun,65,2021-06-01,False,False,40.0,0.625,False,3.0,131.0
Real Estate,2021Jul,57,2021-07-01,False,False,65.0,-0.12307692307692308,False,3.0,131.0
Real Estate,2021Aug,52,2021-08-01,False,False,57.0,-0.08771929824561409,False,3.0,131.0
Real Estate,2021Sep,64,2021-09-01,False,False,52.0,0.23076923076923084,False,3.0,131.0
Real Estate,2021Oct,64,2021-10-01,False,False,64.0,0.0,False,3.0,131.0
Real Estate,2021Nov,56,2021-11-01,False,False,64.0,-0.125,False,3.0,131.0
Real Estate,2021Dec,51,2021-12-01,False,False,56.0,-0.0892857142857143,False,3.0,131.0
Real Estate,2022Jan,49,2022-01-01,False,False,51.0,-0.039215686274509776,False,3.0,131.0
Real Estate,2022Feb,44,2022-02-01,False,False,49.0,-0.10204081632653061,False,3.0,131.0
Real Estate,2022Mar,78,2022-03-01,False,False,44.0,0.7727272727272727,False,3.0,131.0
Real Estate,2022Apr,74,2022-04-01,False,False,78.0,-0.05128205128205132,False,3.0,131.0
Real Estate,2022May,66,2022-05-01,False,False,74.0,-0.10810810810810811,False,3.0,131.0
Real Estate,2022Jun,50,2022-06-01,False,False,66.0,-0.24242424242424243,False,3.0,131.0
Real Estate,2022Jul,51,2022-07-01,False,False,50.0,0.020000000000000018,False,3.0,131.0
Real Estate,2022Aug,59,2022-08-01,False,False,51.0,0.15686274509803932,False,3.0,131.0
Real Estate,2022Sep,80,2022-09-01,False,False,59.0,0.35593220338983045,False,3.0,131.0
Real Estate,2022Oct,75,2022-10-01,False,False,80.0,-0.0625,False,3.0,131.0
Real Estate,2022Nov,60,2022-11-01,False,False,75.0,-0.19999999999999996,False,3.0,131.0
Real Estate,2022Dec,56,2022-12-01,False,False,60.0,-0.06666666666666665,False,3.0,131.0
Real Estate,2023Jan,50,2023-01-01,False,False,56.0,-0.1071428571428571,False,3.0,131.0
Real Estate,2023Feb,89,2023-02-01,False,False,50.0,0.78,False,3.0,131.0
Real Estate,2023Mar,91,2023-03-01,False,False,89.0,0.022471910112359605,False,3.0,131.0
Real Estate,2023Apr,78,2023-04-01,False,False,91.0,-0.1428571428571429,False,3.0,131.0
Real Estate,2023May,58,2023-05-01,False,False,78.0,-0.2564102564102564,False,3.0,131.0
Real Estate,2023Jun,63,2023-06-01,False,False,58.0,0.0862068965517242,False,3.0,131.0
Real Estate,2023Jul,70,2023-07-01,False,False,63.0,0.11111111111111116,False,3.0,131.0
Real Estate,2023Aug,68,2023-08-01,False,False,70.0,-0.02857142857142858,False,3.0,131.0
Real Estate,2023Sep,77,2023-09-01,False,False,68.0,0.13235294117647056,False,3.0,131.0
Real Estate,2023Oct,79,2023-10-01,False,False,77.0,0.025974025974025983,False,3.0,131.0
Real Estate,2023Nov,81,2023-11-01,False,False,79.0,0.025316455696202445,False,3.0,131.0
Real Estate,2023Dec,77,2023-12-01,False,False,81.0,-0.04938271604938271,False,3.0,131.0
Real Estate,2024Jan,82,2024-01-01,False,False,77.0,0.06493506493506485,False,3.0,131.0
Real Estate,2024Feb,67,2024-02-01,False,False,82.0,-0.18292682926829273,False,3.0,131.0
Real Estate,2024Mar,76,2024-03-01,False,False,67.0,0.13432835820895517,False,3.0,131.0
Real Estate,2024Apr,89,2024-04-01,False,False,76.0,0.17105263157894735,False,3.0,131.0
Real Estate,2024May,92,2024-05-01,False,False,89.0,0.03370786516853941,False,3.0,131.0
Real Estate,2024Jun,59,2024-06-01,False,False,92.0,-0.3586956521739131,False,3.0,131.0
Real Estate,2024Jul,83,2024-07-01,False,False,59.0,0.4067796610169492,False,3.0,131.0
Real Estate,2024Aug,68,2024-08-01,False,False,83.0,-0.1807228915662651,False,3.0,131.0
Real Estate,2024Sep,83,2024-09-01,False,False,68.0,0.22058823529411775,False,3.0,131.0
Real Estate,2024Oct,70,2024-10-01,False,False,83.0,-0.15662650602409633,False,3.0,131.0
Real Estate,2024Nov,79,2024-11-01,False,False,70.0,0.12857142857142856,False,3.0,131.0
Real Estate,2024Dec,62,2024-12-01,False,False,79.0,-0.21518987341772156,False,3.0,131.0
Real Estate,2025Jan,70,2025-01-01,False,False,62.0,0.12903225806451624,False,3.0,131.0
Real Estate,2025Feb,73,2025-02-01,False,False,70.0,0.04285714285714293,False,3.0,131.0
Real Estate,2025Mar,78,2025-03-01,False,False,73.0,0.06849315068493156,False,3.0,131.0
Real Estate,2025Apr,90,2025-04-01,False,False,78.0,0.15384615384615374,False,3.0,131.0
Real Estate,2025May,83,2025-05-01,False,False,90.0,-0.07777777777777772,False,3.0,131.0
Real Estate,2025Jun,77,2025-06-01,False,False,83.0,-0.07228915662650603,False,3.0,131.0
Real Estate,2025Jul,72,2025-07-01,False,False,77.0,-0.06493506493506496,False,3.0,131.0
Real Estate,2025Aug,97,2025-08-01,False,False,72.0,0.3472222222222223,False,3.0,131.0
Real Estate,2025Sep,83,2025-09-01,False,False,97.0,-0.14432989690721654,False,3.0,131.0
Real Estate,2025Oct,59,2025-10-01,False,False,83.0,-0.28915662650602414,False,3.0,131.0
Real Estate,2025Nov,63,2025-11-01,False,False,59.0,0.06779661016949157,False,3.0,131.0
Real Estate,2025Dec,76,2025-12-01,False,False,63.0,0.20634920634920628,False,3.0,131.0
Real Estate,2026Jan,75,2026-01-01,False,False,76.0,-0.013157894736842146,False,3.0,131.0
Real Estate,2026Feb,79,2026-02-01,False,False,75.0,0.05333333333333323,False,3.0,131.0
Real Estate,2026Mar,96,2026-03-01,False,False,79.0,0.21518987341772156,False,3.0,131.0
Retail Trade,1990Jan,207,1990-01-01,False,False,,,False,54.25,760.25
Retail Trade,1990Feb,261,1990-02-01,False,False,207.0,0.26086956521739135,False,54.25,760.25
Retail Trade,1990Mar,325,1990-03-01,False,False,261.0,0.24521072796934873,False,54.25,760.25
Retail Trade,1990Apr,264,1990-04-01,False,False,325.0,-0.1876923076923077,False,54.25,760.25
Retail Trade,1990May,325,1990-05-01,False,False,264.0,0.23106060606060597,False,54.25,760.25
Retail Trade,1990Jun,313,1990-06-01,False,False,325.0,-0.03692307692307695,False,54.25,760.25
Retail Trade,1990Jul,298,1990-07-01,False,False,313.0,-0.04792332268370603,False,54.25,760.25
Retail Trade,1990Aug,326,1990-08-01,False,False,298.0,0.09395973154362425,False,54.25,760.25
Retail Trade,1990Sep,252,1990-09-01,False,False,326.0,-0.22699386503067487,False,54.25,760.25
Retail Trade,1990Oct,350,1990-10-01,False,False,252.0,0.38888888888888884,False,54.25,760.25
Retail Trade,1990Nov,258,1990-11-01,False,False,350.0,-0.2628571428571429,False,54.25,760.25
Retail Trade,1990Dec,170,1990-12-01,False,False,258.0,-0.3410852713178295,False,54.25,760.25
Retail Trade,1991Jan,224,1991-01-01,False,False,170.0,0.3176470588235294,False,54.25,760.25
Retail Trade,1991Feb,162,1991-02-01,False,False,224.0,-0.2767857142857143,False,54.25,760.25
Retail Trade,1991Mar,258,1991-03-01,False,False,162.0,0.5925925925925926,False,54.25,760.25
Retail Trade,1991Apr,269,1991-04-01,False,False,258.0,0.04263565891472876,False,54.25,760.25
Retail Trade,1991May,291,1991-05-01,False,False,269.0,0.08178438661710041,False,54.25,760.25
Retail Trade,1991Jun,277,1991-06-01,False,False,291.0,-0.04810996563573888,False,54.25,760.25
Retail Trade,1991Jul,335,1991-07-01,False,False,277.0,0.20938628158844774,False,54.25,760.25
Retail Trade,1991Aug,267,1991-08-01,False,False,335.0,-0.20298507462686566,False,54.25,760.25
Retail Trade,1991Sep,278,1991-09-01,False,False,267.0,0.04119850187265928,False,54.25,760.25
Retail Trade,1991Oct,310,1991-10-01,False,False,278.0,0.1151079136690647,False,54.25,760.25
Retail Trade,1991Nov,286,1991-11-01,False,False,310.0,-0.07741935483870965,False,54.25,760.25
Retail Trade,1991Dec,249,1991-12-01,False,False,286.0,-0.12937062937062938,False,54.25,760.25
Retail Trade,1992Jan,275,1992-01-01,False,False,249.0,0.10441767068273089,False,54.25,760.25
Retail Trade,1992Feb,256,1992-02-01,False,False,275.0,-0.06909090909090909,False,54.25,760.25
Retail Trade,1992Mar,328,1992-03-01,False,False,256.0,0.28125,False,54.25,760.25
Retail Trade,1992Apr,306,1992-04-01,False,False,328.0,-0.06707317073170727,False,54.25,760.25
Retail Trade,1992May,287,1992-05-01,False,False,306.0,-0.06209150326797386,False,54.25,760.25
Retail Trade,1992Jun,288,1992-06-01,False,False,287.0,0.0034843205574912606,False,54.25,760.25
Retail Trade,1992Jul,275,1992-07-01,False,False,288.0,-0.04513888888888884,False,54.25,760.25
Retail Trade,1992Aug,277,1992-08-01,False,False,275.0,0.0072727272727273196,False,54.25,760.25
Retail Trade,1992Sep,311,1992-09-01,False,False,277.0,0.12274368231046928,False,54.25,760.25
Retail Trade,1992Oct,337,1992-10-01,False,False,311.0,0.0836012861736335,False,54.25,760.25
Retail Trade,1992Nov,277,1992-11-01,False,False,337.0,-0.17804154302670627,False,54.25,760.25
Retail Trade,1992Dec,228,1992-12-01,False,False,277.0,-0.17689530685920574,False,54.25,760.25
Retail Trade,1993Jan,215,1993-01-01,False,False,228.0,-0.05701754385964908,False,54.25,760.25
Retail Trade,1993Feb,330,1993-02-01,False,False,215.0,0.5348837209302326,False,54.25,760.25
Retail Trade,1993Mar,371,1993-03-01,False,False,330.0,0.12424242424242427,False,54.25,760.25
Retail Trade,1993Apr,382,1993-04-01,False,False,371.0,0.029649595687331498,False,54.25,760.25
Retail Trade,1993May,330,1993-05-01,False,False,382.0,-0.1361256544502618,False,54.25,760.25
Retail Trade,1993Jun,314,1993-06-01,False,False,330.0,-0.048484848484848464,False,54.25,760.25
Retail Trade,1993Jul,312,1993-07-01,False,False,314.0,-0.006369426751592355,False,54.25,760.25
Retail Trade,1993Aug,282,1993-08-01,False,False,312.0,-0.09615384615384615,False,54.25,760.25
Retail Trade,1993Sep,316,1993-09-01,False,False,282.0,0.12056737588652489,False,54.25,760.25
Retail Trade,1993Oct,290,1993-10-01,False,False,316.0,-0.08227848101265822,False,54.25,760.25
Retail Trade,1993Nov,281,1993-11-01,False,False,290.0,-0.03103448275862064,False,54.25,760.25
Retail Trade,1993Dec,260,1993-12-01,False,False,281.0,-0.07473309608540923,False,54.25,760.25
Retail Trade,1994Jan,241,1994-01-01,False,False,260.0,-0.07307692307692304,False,54.25,760.25
Retail Trade,1994Feb,194,1994-02-01,False,False,241.0,-0.19502074688796678,False,54.25,760.25
Retail Trade,1994Mar,356,1994-03-01,False,False,194.0,0.8350515463917525,False,54.25,760.25
Retail Trade,1994Apr,316,1994-04-01,False,False,356.0,-0.1123595505617978,False,54.25,760.25
Retail Trade,1994May,295,1994-05-01,False,False,316.0,-0.06645569620253167,False,54.25,760.25
Retail Trade,1994Jun,344,1994-06-01,False,False,295.0,0.16610169491525428,False,54.25,760.25
Retail Trade,1994Jul,308,1994-07-01,False,False,344.0,-0.10465116279069764,False,54.25,760.25
Retail Trade,1994Aug,305,1994-08-01,False,False,308.0,-0.009740259740259716,False,54.25,760.25
Retail Trade,1994Sep,338,1994-09-01,False,False,305.0,0.1081967213114754,False,54.25,760.25
Retail Trade,1994Oct,331,1994-10-01,False,False,338.0,-0.020710059171597628,False,54.25,760.25
Retail Trade,1994Nov,301,1994-11-01,False,False,331.0,-0.09063444108761332,False,54.25,760.25
Retail Trade,1994Dec,253,1994-12-01,False,False,301.0,-0.15946843853820603,False,54.25,760.25
Retail Trade,1995Jan,222,1995-01-01,False,False,253.0,-0.12252964426877466,False,54.25,760.25
Retail Trade,1995Feb,265,1995-02-01,False,False,222.0,0.1936936936936937,False,54.25,760.25
Retail Trade,1995Mar,338,1995-03-01,False,False,265.0,0.2754716981132075,False,54.25,760.25
Retail Trade,1995Apr,333,1995-04-01,False,False,338.0,-0.014792899408283988,False,54.25,760.25
Retail Trade,1995May,286,1995-05-01,False,False,333.0,-0.14114114114114118,False,54.25,760.25
Retail Trade,1995Jun,336,1995-06-01,False,False,286.0,0.1748251748251748,False,54.25,760.25
Retail Trade,1995Jul,296,1995-07-01,False,False,336.0,-0.11904761904761907,False,54.25,760.25
Retail Trade,1995Aug,293,1995-08-01,False,False,296.0,-0.010135135135135087,False,54.25,760.25
Retail Trade,1995Sep,339,1995-09-01,False,False,293.0,0.15699658703071662,False,54.25,760.25
Retail Trade,1995Oct,281,1995-10-01,False,False,339.0,-0.17109144542772858,False,54.25,760.25
Retail Trade,1995Nov,269,1995-11-01,False,False,281.0,-0.042704626334519546,False,54.25,760.25
Retail Trade,1995Dec,232,1995-12-01,False,False,269.0,-0.137546468401487,False,54.25,760.25
Retail Trade,1996Jan,267,1996-01-01,False,False,232.0,0.15086206896551735,False,54.25,760.25
Retail Trade,1996Feb,196,1996-02-01,False,False,267.0,-0.26591760299625467,False,54.25,760.25
Retail Trade,1996Mar,345,1996-03-01,False,False,196.0,0.760204081632653,False,54.25,760.25
Retail Trade,1996Apr,326,1996-04-01,False,False,345.0,-0.05507246376811592,False,54.25,760.25
Retail Trade,1996May,346,1996-05-01,False,False,326.0,0.06134969325153383,False,54.25,760.25
Retail Trade,1996Jun,284,1996-06-01,False,False,346.0,-0.17919075144508667,False,54.25,760.25
Retail Trade,1996Jul,287,1996-07-01,False,False,284.0,0.010563380281690238,False,54.25,760.25
Retail Trade,1996Aug,276,1996-08-01,False,False,287.0,-0.0383275261324042,False,54.25,760.25
Retail Trade,1996Sep,285,1996-09-01,False,False,276.0,0.032608695652173836,False,54.25,760.25
Retail Trade,1996Oct,324,1996-10-01,False,False,285.0,0.13684210526315788,False,54.25,760.25
Retail Trade,1996Nov,296,1996-11-01,False,False,324.0,-0.0864197530864198,False,54.25,760.25
Retail Trade,1996Dec,271,1996-12-01,False,False,296.0,-0.08445945945945943,False,54.25,760.25
Retail Trade,1997Jan,266,1997-01-01,False,False,271.0,-0.01845018450184499,False,54.25,760.25
Retail Trade,1997Feb,214,1997-02-01,False,False,266.0,-0.19548872180451127,False,54.25,760.25
Retail Trade,1997Mar,318,1997-03-01,False,False,214.0,0.485981308411215,False,54.25,760.25
Retail Trade,1997Apr,314,1997-04-01,False,False,318.0,-0.012578616352201255,False,54.25,760.25
Retail Trade,1997May,322,1997-05-01,False,False,314.0,0.02547770700636942,False,54.25,760.25
Retail Trade,1997Jun,258,1997-06-01,False,False,322.0,-0.19875776397515532,False,54.25,760.25
Retail Trade,1997Jul,357,1997-07-01,False,False,258.0,0.38372093023255816,False,54.25,760.25
Retail Trade,1997Aug,308,1997-08-01,False,False,357.0,-0.13725490196078427,False,54.25,760.25
Retail Trade,1997Sep,325,1997-09-01,False,False,308.0,0.05519480519480524,False,54.25,760.25
Retail Trade,1997Oct,320,1997-10-01,False,False,325.0,-0.01538461538461533,False,54.25,760.25
Retail Trade,1997Nov,267,1997-11-01,False,False,320.0,-0.16562500000000002,False,54.25,760.25
Retail Trade,1997Dec,269,1997-12-01,False,False,267.0,0.0074906367041198685,False,54.25,760.25
Retail Trade,1998Jan,163,1998-01-01,False,False,269.0,-0.3940520446096655,False,54.25,760.25
Retail Trade,1998Feb,275,1998-02-01,False,False,163.0,0.6871165644171779,False,54.25,760.25
Retail Trade,1998Mar,336,1998-03-01,False,False,275.0,0.22181818181818191,False,54.25,760.25
Retail Trade,1998Apr,338,1998-04-01,False,False,336.0,0.005952380952380931,False,54.25,760.25
Retail Trade,1998May,275,1998-05-01,False,False,338.0,-0.18639053254437865,False,54.25,760.25
Retail Trade,1998Jun,294,1998-06-01,False,False,275.0,0.06909090909090909,False,54.25,760.25
Retail Trade,1998Jul,374,1998-07-01,False,False,294.0,0.27210884353741505,False,54.25,760.25
Retail Trade,1998Aug,321,1998-08-01,False,False,374.0,-0.14171122994652408,False,54.25,760.25
Retail Trade,1998Sep,361,1998-09-01,False,False,321.0,0.12461059190031154,False,54.25,760.25
Retail Trade,1998Oct,333,1998-10-01,False,False,361.0,-0.07756232686980613,False,54.25,760.25
Retail Trade,1998Nov,346,1998-11-01,False,False,333.0,0.039039039039038936,False,54.25,760.25
Retail Trade,1998Dec,310,1998-12-01,False,False,346.0,-0.10404624277456642,False,54.25,760.25
Retail Trade,1999Jan,314,1999-01-01,False,False,310.0,0.012903225806451646,False,54.25,760.25
Retail Trade,1999Feb,215,1999-02-01,False,False,314.0,-0.3152866242038217,False,54.25,760.25
Retail Trade,1999Mar,359,1999-03-01,False,False,215.0,0.6697674418604651,False,54.25,760.25
Retail Trade,1999Apr,417,1999-04-01,False,False,359.0,0.1615598885793872,False,54.25,760.25
Retail Trade,1999May,394,1999-05-01,False,False,417.0,-0.05515587529976018,False,54.25,760.25
Retail Trade,1999Jun,342,1999-06-01,False,False,394.0,-0.13197969543147203,False,54.25,760.25
Retail Trade,1999Jul,363,1999-07-01,False,False,342.0,0.06140350877192979,False,54.25,760.25
Retail Trade,1999Aug,335,1999-08-01,False,False,363.0,-0.07713498622589532,False,54.25,760.25
Retail Trade,1999Sep,395,1999-09-01,False,False,335.0,0.17910447761194037,False,54.25,760.25
Retail Trade,1999Oct,369,1999-10-01,False,False,395.0,-0.0658227848101266,False,54.25,760.25
Retail Trade,1999Nov,377,1999-11-01,False,False,369.0,0.021680216802167918,False,54.25,760.25
Retail Trade,1999Dec,304,1999-12-01,False,False,377.0,-0.19363395225464186,False,54.25,760.25
Retail Trade,2000Jan,306,2000-01-01,False,False,304.0,0.006578947368421018,False,54.25,760.25
Retail Trade,2000Feb,310,2000-02-01,False,False,306.0,0.013071895424836555,False,54.25,760.25
Retail Trade,2000Mar,456,2000-03-01,False,False,310.0,0.47096774193548385,False,54.25,760.25
Retail Trade,2000Apr,325,2000-04-01,False,False,456.0,-0.2872807017543859,False,54.25,760.25
Retail Trade,2000May,382,2000-05-01,False,False,325.0,0.17538461538461547,False,54.25,760.25
Retail Trade,2000Jun,320,2000-06-01,False,False,382.0,-0.16230366492146597,False,54.25,760.25
Retail Trade,2000Jul,353,2000-07-01,False,False,320.0,0.10312499999999991,False,54.25,760.25
Retail Trade,2000Aug,318,2000-08-01,False,False,353.0,-0.09915014164305946,False,54.25,760.25
Retail Trade,2000Sep,343,2000-09-01,False,False,318.0,0.07861635220125796,False,54.25,760.25
Retail Trade,2000Oct,272,2000-10-01,False,False,343.0,-0.20699708454810495,False,54.25,760.25
Retail Trade,2000Nov,288,2000-11-01,False,False,272.0,0.05882352941176472,False,54.25,760.25
Retail Trade,2000Dec,209,2000-12-01,False,False,288.0,-0.2743055555555556,False,54.25,760.25
Retail Trade,2001Jan,217,2001-01-01,False,False,209.0,0.038277511961722466,False,54.25,760.25
Retail Trade,2001Feb,288,2001-02-01,False,False,217.0,0.3271889400921659,False,54.25,760.25
Retail Trade,2001Mar,323,2001-03-01,False,False,288.0,0.12152777777777768,False,54.25,760.25
Retail Trade,2001Apr,292,2001-04-01,False,False,323.0,-0.09597523219814241,False,54.25,760.25
Retail Trade,2001May,309,2001-05-01,False,False,292.0,0.05821917808219168,False,54.25,760.25
Retail Trade,2001Jun,306,2001-06-01,False,False,309.0,-0.009708737864077666,False,54.25,760.25
Retail Trade,2001Jul,338,2001-07-01,False,False,306.0,0.10457516339869288,False,54.25,760.25
Retail Trade,2001Aug,396,2001-08-01,False,False,338.0,0.17159763313609466,False,54.25,760.25
Retail Trade,2001Sep,352,2001-09-01,False,False,396.0,-0.11111111111111116,False,54.25,760.25
Retail Trade,2001Oct,378,2001-10-01,False,False,352.0,0.07386363636363646,False,54.25,760.25
Retail Trade,2001Nov,282,2001-11-01,False,False,378.0,-0.25396825396825395,False,54.25,760.25
Retail Trade,2001Dec,240,2001-12-01,False,False,282.0,-0.14893617021276595,False,54.25,760.25
Retail Trade,2002Jan,286,2002-01-01,False,False,240.0,0.19166666666666665,False,54.25,760.25
Retail Trade,2002Feb,248,2002-02-01,False,False,286.0,-0.13286713286713292,False,54.25,760.25
Retail Trade,2002Mar,389,2002-03-01,False,False,248.0,0.5685483870967742,False,54.25,760.25
Retail Trade,2002Apr,409,2002-04-01,False,False,389.0,0.05141388174807204,False,54.25,760.25
Retail Trade,2002May,374,2002-05-01,False,False,409.0,-0.08557457212713937,False,54.25,760.25
Retail Trade,2002Jun,325,2002-06-01,False,False,374.0,-0.13101604278074863,False,54.25,760.25
Retail Trade,2002Jul,377,2002-07-01,False,False,325.0,0.15999999999999992,False,54.25,760.25
Retail Trade,2002Aug,369,2002-08-01,False,False,377.0,-0.021220159151193685,False,54.25,760.25
Retail Trade,2002Sep,406,2002-09-01,False,False,369.0,0.10027100271002709,False,54.25,760.25
Retail Trade,2002Oct,441,2002-10-01,False,False,406.0,0.0862068965517242,False,54.25,760.25
Retail Trade,2002Nov,335,2002-11-01,False,False,441.0,-0.2403628117913832,False,54.25,760.25
Retail Trade,2002Dec,296,2002-12-01,False,False,335.0,-0.11641791044776117,False,54.25,760.25
Retail Trade,2003Jan,273,2003-01-01,False,False,296.0,-0.07770270270270274,False,54.25,760.25
Retail Trade,2003Feb,278,2003-02-01,False,False,273.0,0.01831501831501825,False,54.25,760.25
Retail Trade,2003Mar,356,2003-03-01,False,False,278.0,0.28057553956834536,False,54.25,760.25
Retail Trade,2003Apr,288,2003-04-01,False,False,356.0,-0.1910112359550562,False,54.25,760.25
Retail Trade,2003May,331,2003-05-01,False,False,288.0,0.14930555555555558,False,54.25,760.25
Retail Trade,2003Jun,356,2003-06-01,False,False,331.0,0.07552870090634434,False,54.25,760.25
Retail Trade,2003Jul,368,2003-07-01,False,False,356.0,0.03370786516853941,False,54.25,760.25
Retail Trade,2003Aug,346,2003-08-01,False,False,368.0,-0.05978260869565222,False,54.25,760.25
Retail Trade,2003Sep,399,2003-09-01,False,False,346.0,0.15317919075144504,False,54.25,760.25
Retail Trade,2003Oct,376,2003-10-01,False,False,399.0,-0.057644110275689275,False,54.25,760.25
Retail Trade,2003Nov,295,2003-11-01,False,False,376.0,-0.21542553191489366,False,54.25,760.25
Retail Trade,2003Dec,313,2003-12-01,False,False,295.0,0.0610169491525423,False,54.25,760.25
Retail Trade,2004Jan,268,2004-01-01,False,False,313.0,-0.1437699680511182,False,54.25,760.25
Retail Trade,2004Feb,382,2004-02-01,False,False,268.0,0.4253731343283582,False,54.25,760.25
Retail Trade,2004Mar,398,2004-03-01,False,False,382.0,0.041884816753926746,False,54.25,760.25
Retail Trade,2004Apr,352,2004-04-01,False,False,398.0,-0.11557788944723613,False,54.25,760.25
Retail Trade,2004May,414,2004-05-01,False,False,352.0,0.17613636363636354,False,54.25,760.25
Retail Trade,2004Jun,316,2004-06-01,False,False,414.0,-0.23671497584541068,False,54.25,760.25
Retail Trade,2004Jul,421,2004-07-01,False,False,316.0,0.3322784810126582,False,54.25,760.25
Retail Trade,2004Aug,357,2004-08-01,False,False,421.0,-0.15201900237529686,False,54.25,760.25
Retail Trade,2004Sep,337,2004-09-01,False,False,357.0,-0.05602240896358546,False,54.25,760.25
Retail Trade,2004Oct,346,2004-10-01,False,False,337.0,0.026706231454005858,False,54.25,760.25
Retail Trade,2004Nov,300,2004-11-01,False,False,346.0,-0.1329479768786127,False,54.25,760.25
Retail Trade,2004Dec,315,2004-12-01,False,False,300.0,0.050000000000000044,False,54.25,760.25
Retail Trade,2005Jan,304,2005-01-01,False,False,315.0,-0.03492063492063491,False,54.25,760.25
Retail Trade,2005Feb,230,2005-02-01,False,False,304.0,-0.24342105263157898,False,54.25,760.25
Retail Trade,2005Mar,439,2005-03-01,False,False,230.0,0.9086956521739131,False,54.25,760.25
Retail Trade,2005Apr,349,2005-04-01,False,False,439.0,-0.2050113895216401,False,54.25,760.25
Retail Trade,2005May,366,2005-05-01,False,False,349.0,0.04871060171919761,False,54.25,760.25
Retail Trade,2005Jun,371,2005-06-01,False,False,366.0,0.013661202185792254,False,54.25,760.25
Retail Trade,2005Jul,404,2005-07-01,False,False,371.0,0.08894878706199472,False,54.25,760.25
Retail Trade,2005Aug,474,2005-08-01,False,False,404.0,0.1732673267326732,False,54.25,760.25
Retail Trade,2005Sep,447,2005-09-01,False,False,474.0,-0.05696202531645567,False,54.25,760.25
Retail Trade,2005Oct,357,2005-10-01,False,False,447.0,-0.20134228187919467,False,54.25,760.25
Retail Trade,2005Nov,356,2005-11-01,False,False,357.0,-0.0028011204481792618,False,54.25,760.25
Retail Trade,2005Dec,343,2005-12-01,False,False,356.0,-0.0365168539325843,False,54.25,760.25
Retail Trade,2006Jan,279,2006-01-01,False,False,343.0,-0.1865889212827988,False,54.25,760.25
Retail Trade,2006Feb,363,2006-02-01,False,False,279.0,0.30107526881720426,False,54.25,760.25
Retail Trade,2006Mar,422,2006-03-01,False,False,363.0,0.16253443526170797,False,54.25,760.25
Retail Trade,2006Apr,401,2006-04-01,False,False,422.0,-0.049763033175355464,False,54.25,760.25
Retail Trade,2006May,412,2006-05-01,False,False,401.0,0.027431421446383997,False,54.25,760.25
Retail Trade,2006Jun,441,2006-06-01,False,False,412.0,0.07038834951456319,False,54.25,760.25
Retail Trade,2006Jul,410,2006-07-01,False,False,441.0,-0.07029478458049887,False,54.25,760.25
Retail Trade,2006Aug,419,2006-08-01,False,False,410.0,0.02195121951219514,False,54.25,760.25
Retail Trade,2006Sep,405,2006-09-01,False,False,419.0,-0.03341288782816232,False,54.25,760.25
Retail Trade,2006Oct,436,2006-10-01,False,False,405.0,0.07654320987654328,False,54.25,760.25
Retail Trade,2006Nov,385,2006-11-01,False,False,436.0,-0.1169724770642202,False,54.25,760.25
Retail Trade,2006Dec,325,2006-12-01,False,False,385.0,-0.1558441558441559,False,54.25,760.25
Retail Trade,2007Jan,374,2007-01-01,False,False,325.0,0.15076923076923077,False,54.25,760.25
Retail Trade,2007Feb,264,2007-02-01,False,False,374.0,-0.2941176470588235,False,54.25,760.25
Retail Trade,2007Mar,458,2007-03-01,False,False,264.0,0.7348484848484849,False,54.25,760.25
Retail Trade,2007Apr,426,2007-04-01,False,False,458.0,-0.06986899563318782,False,54.25,760.25
Retail Trade,2007May,423,2007-05-01,False,False,426.0,-0.007042253521126751,False,54.25,760.25
Retail Trade,2007Jun,404,2007-06-01,False,False,423.0,-0.044917257683215084,False,54.25,760.25
Retail Trade,2007Jul,406,2007-07-01,False,False,404.0,0.004950495049504955,False,54.25,760.25
Retail Trade,2007Aug,405,2007-08-01,False,False,406.0,-0.0024630541871921707,False,54.25,760.25
Retail Trade,2007Sep,357,2007-09-01,False,False,405.0,-0.11851851851851847,False,54.25,760.25
Retail Trade,2007Oct,393,2007-10-01,False,False,357.0,0.10084033613445387,False,54.25,760.25
Retail Trade,2007Nov,372,2007-11-01,False,False,393.0,-0.05343511450381677,False,54.25,760.25
Retail Trade,2007Dec,295,2007-12-01,False,False,372.0,-0.206989247311828,False,54.25,760.25
Retail Trade,2008Jan,408,2008-01-01,False,False,295.0,0.3830508474576271,False,54.25,760.25
Retail Trade,2008Feb,269,2008-02-01,False,False,408.0,-0.34068627450980393,False,54.25,760.25
Retail Trade,2008Mar,435,2008-03-01,False,False,269.0,0.6171003717472119,False,54.25,760.25
Retail Trade,2008Apr,490,2008-04-01,False,False,435.0,0.12643678160919536,False,54.25,760.25
Retail Trade,2008May,406,2008-05-01,False,False,490.0,-0.17142857142857137,False,54.25,760.25
Retail Trade,2008Jun,371,2008-06-01,False,False,406.0,-0.08620689655172409,False,54.25,760.25
Retail Trade,2008Jul,496,2008-07-01,False,False,371.0,0.33692722371967654,False,54.25,760.25
Retail Trade,2008Aug,419,2008-08-01,False,False,496.0,-0.155241935483871,False,54.25,760.25
Retail Trade,2008Sep,396,2008-09-01,False,False,419.0,-0.054892601431980936,False,54.25,760.25
Retail Trade,2008Oct,372,2008-10-01,False,False,396.0,-0.06060606060606055,False,54.25,760.25
Retail Trade,2008Nov,329,2008-11-01,False,False,372.0,-0.11559139784946237,False,54.25,760.25
Retail Trade,2008Dec,262,2008-12-01,False,False,329.0,-0.2036474164133738,False,54.25,760.25
Retail Trade,2009Jan,404,2009-01-01,False,False,262.0,0.5419847328244274,False,54.25,760.25
Retail Trade,2009Feb,407,2009-02-01,False,False,404.0,0.007425742574257432,False,54.25,760.25
Retail Trade,2009Mar,514,2009-03-01,False,False,407.0,0.2628992628992628,False,54.25,760.25
Retail Trade,2009Apr,425,2009-04-01,False,False,514.0,-0.1731517509727627,False,54.25,760.25
Retail Trade,2009May,433,2009-05-01,False,False,425.0,0.018823529411764683,False,54.25,760.25
Retail Trade,2009Jun,495,2009-06-01,False,False,433.0,0.14318706697459582,False,54.25,760.25
Retail Trade,2009Jul,476,2009-07-01,False,False,495.0,-0.03838383838383841,False,54.25,760.25
Retail Trade,2009Aug,451,2009-08-01,False,False,476.0,-0.05252100840336138,False,54.25,760.25
Retail Trade,2009Sep,555,2009-09-01,False,False,451.0,0.23059866962305997,False,54.25,760.25
Retail Trade,2009Oct,445,2009-10-01,False,False,555.0,-0.19819819819819817,False,54.25,760.25
Retail Trade,2009Nov,430,2009-11-01,False,False,445.0,-0.0337078651685393,False,54.25,760.25
Retail Trade,2009Dec,375,2009-12-01,False,False,430.0,-0.12790697674418605,False,54.25,760.25
Retail Trade,2010Jan,438,2010-01-01,False,False,375.0,0.16799999999999993,False,54.25,760.25
Retail Trade,2010Feb,343,2010-02-01,False,False,438.0,-0.2168949771689498,False,54.25,760.25
Retail Trade,2010Mar,493,2010-03-01,False,False,343.0,0.43731778425655987,False,54.25,760.25
Retail Trade,2010Apr,489,2010-04-01,False,False,493.0,-0.008113590263691739,False,54.25,760.25
Retail Trade,2010May,446,2010-05-01,False,False,489.0,-0.08793456032719837,False,54.25,760.25
Retail Trade,2010Jun,449,2010-06-01,False,False,446.0,0.006726457399103047,False,54.25,760.25
Retail Trade,2010Jul,493,2010-07-01,False,False,449.0,0.09799554565701563,False,54.25,760.25
Retail Trade,2010Aug,392,2010-08-01,False,False,493.0,-0.20486815415821502,False,54.25,760.25
Retail Trade,2010Sep,454,2010-09-01,False,False,392.0,0.15816326530612246,False,54.25,760.25
Retail Trade,2010Oct,442,2010-10-01,False,False,454.0,-0.026431718061673992,False,54.25,760.25
Retail Trade,2010Nov,412,2010-11-01,False,False,442.0,-0.0678733031674208,False,54.25,760.25
Retail Trade,2010Dec,416,2010-12-01,False,False,412.0,0.009708737864077666,False,54.25,760.25
Retail Trade,2011Jan,478,2011-01-01,False,False,416.0,0.14903846153846145,False,54.25,760.25
Retail Trade,2011Feb,359,2011-02-01,False,False,478.0,-0.2489539748953975,False,54.25,760.25
Retail Trade,2011Mar,570,2011-03-01,False,False,359.0,0.5877437325905293,False,54.25,760.25
Retail Trade,2011Apr,499,2011-04-01,False,False,570.0,-0.12456140350877198,False,54.25,760.25
Retail Trade,2011May,492,2011-05-01,False,False,499.0,-0.014028056112224463,False,54.25,760.25
Retail Trade,2011Jun,498,2011-06-01,False,False,492.0,0.012195121951219523,False,54.25,760.25
Retail Trade,2011Jul,552,2011-07-01,False,False,498.0,0.10843373493975905,False,54.25,760.25
Retail Trade,2011Aug,439,2011-08-01,False,False,552.0,-0.20471014492753625,False,54.25,760.25
Retail Trade,2011Sep,473,2011-09-01,False,False,439.0,0.07744874715261951,False,54.25,760.25
Retail Trade,2011Oct,471,2011-10-01,False,False,473.0,-0.0042283298097252064,False,54.25,760.25
Retail Trade,2011Nov,430,2011-11-01,False,False,471.0,-0.08704883227176219,False,54.25,760.25
Retail Trade,2011Dec,397,2011-12-01,False,False,430.0,-0.07674418604651168,False,54.25,760.25
Retail Trade,2012Jan,433,2012-01-01,False,False,397.0,0.09068010075566746,False,54.25,760.25
Retail Trade,2012Feb,496,2012-02-01,False,False,433.0,0.1454965357967668,False,54.25,760.25
Retail Trade,2012Mar,577,2012-03-01,False,False,496.0,0.16330645161290325,False,54.25,760.25
Retail Trade,2012Apr,473,2012-04-01,False,False,577.0,-0.18024263431542464,False,54.25,760.25
Retail Trade,2012May,564,2012-05-01,False,False,473.0,0.19238900634249467,False,54.25,760.25
Retail Trade,2012Jun,483,2012-06-01,False,False,564.0,-0.1436170212765957,False,54.25,760.25
Retail Trade,2012Jul,564,2012-07-01,False,False,483.0,0.16770186335403725,False,54.25,760.25
Retail Trade,2012Aug,553,2012-08-01,False,False,564.0,-0.019503546099290725,False,54.25,760.25
Retail Trade,2012Sep,500,2012-09-01,False,False,553.0,-0.0958408679927667,False,54.25,760.25
Retail Trade,2012Oct,507,2012-10-01,False,False,500.0,0.014000000000000012,False,54.25,760.25
Retail Trade,2012Nov,499,2012-11-01,False,False,507.0,-0.015779092702169595,False,54.25,760.25
Retail Trade,2012Dec,398,2012-12-01,False,False,499.0,-0.20240480961923846,False,54.25,760.25
Retail Trade,2013Jan,520,2013-01-01,False,False,398.0,0.306532663316583,False,54.25,760.25
Retail Trade,2013Feb,359,2013-02-01,False,False,520.0,-0.3096153846153846,False,54.25,760.25
Retail Trade,2013Mar,551,2013-03-01,False,False,359.0,0.5348189415041782,False,54.25,760.25
Retail Trade,2013Apr,590,2013-04-01,False,False,551.0,0.07078039927404722,False,54.25,760.25
Retail Trade,2013May,594,2013-05-01,False,False,590.0,0.006779661016949046,False,54.25,760.25
Retail Trade,2013Jun,564,2013-06-01,False,False,594.0,-0.0505050505050505,False,54.25,760.25
Retail Trade,2013Jul,641,2013-07-01,False,False,564.0,0.13652482269503552,False,54.25,760.25
Retail Trade,2013Aug,576,2013-08-01,False,False,641.0,-0.10140405616224646,False,54.25,760.25
Retail Trade,2013Sep,574,2013-09-01,False,False,576.0,-0.00347222222222221,False,54.25,760.25
Retail Trade,2013Oct,564,2013-10-01,False,False,574.0,-0.017421602787456414,False,54.25,760.25
Retail Trade,2013Nov,555,2013-11-01,False,False,564.0,-0.015957446808510634,False,54.25,760.25
Retail Trade,2013Dec,483,2013-12-01,False,False,555.0,-0.12972972972972974,False,54.25,760.25
Retail Trade,2014Jan,533,2014-01-01,False,False,483.0,0.10351966873706009,False,54.25,760.25
Retail Trade,2014Feb,541,2014-02-01,False,False,533.0,0.015009380863039379,False,54.25,760.25
Retail Trade,2014Mar,858,2014-03-01,False,False,541.0,0.5859519408502774,True,54.25,760.25
Retail Trade,2014Apr,700,2014-04-01,False,False,858.0,-0.18414918414918413,False,54.25,760.25
Retail Trade,2014May,904,2014-05-01,False,False,700.0,0.29142857142857137,True,54.25,760.25
Retail Trade,2014Jun,949,2014-06-01,False,False,904.0,0.0497787610619469,True,54.25,760.25
Retail Trade,2014Jul,1010,2014-07-01,False,False,949.0,0.0642781875658589,True,54.25,760.25
Retail Trade,2014Aug,1093,2014-08-01,False,False,1010.0,0.08217821782178225,True,54.25,760.25
Retail Trade,2014Sep,1727,2014-09-01,False,False,1093.0,0.5800548947849955,True,54.25,760.25
Retail Trade,2014Oct,1495,2014-10-01,False,False,1727.0,-0.13433700057903875,True,54.25,760.25
Retail Trade,2014Nov,1286,2014-11-01,False,False,1495.0,-0.13979933110367893,True,54.25,760.25
Retail Trade,2014Dec,941,2014-12-01,False,False,1286.0,-0.2682737169517885,True,54.25,760.25
Retail Trade,2015Jan,588,2015-01-01,False,False,941.0,-0.37513283740701386,False,54.25,760.25
Retail Trade,2015Feb,394,2015-02-01,False,False,588.0,-0.3299319727891157,False,54.25,760.25
Retail Trade,2015Mar,560,2015-03-01,False,False,394.0,0.42131979695431476,False,54.25,760.25
Retail Trade,2015Apr,560,2015-04-01,False,False,560.0,0.0,False,54.25,760.25
Retail Trade,2015May,563,2015-05-01,False,False,560.0,0.005357142857142838,False,54.25,760.25
Retail Trade,2015Jun,545,2015-06-01,False,False,563.0,-0.03197158081705154,False,54.25,760.25
Retail Trade,2015Jul,622,2015-07-01,False,False,545.0,0.14128440366972472,False,54.25,760.25
Retail Trade,2015Aug,539,2015-08-01,False,False,622.0,-0.13344051446945338,False,54.25,760.25
Retail Trade,2015Sep,531,2015-09-01,False,False,539.0,-0.014842300556586308,False,54.25,760.25
Retail Trade,2015Oct,688,2015-10-01,False,False,531.0,0.295668549905838,False,54.25,760.25
Retail Trade,2015Nov,523,2015-11-01,False,False,688.0,-0.23982558139534882,False,54.25,760.25
Retail Trade,2015Dec,416,2015-12-01,False,False,523.0,-0.20458891013384317,False,54.25,760.25
Retail Trade,2016Jan,454,2016-01-01,False,False,416.0,0.09134615384615374,False,54.25,760.25
Retail Trade,2016Feb,410,2016-02-01,False,False,454.0,-0.09691629955947134,False,54.25,760.25
Retail Trade,2016Mar,599,2016-03-01,False,False,410.0,0.4609756097560975,False,54.25,760.25
Retail Trade,2016Apr,535,2016-04-01,False,False,599.0,-0.10684474123539234,False,54.25,760.25
Retail Trade,2016May,496,2016-05-01,False,False,535.0,-0.07289719626168223,False,54.25,760.25
Retail Trade,2016Jun,523,2016-06-01,False,False,496.0,0.05443548387096775,False,54.25,760.25
Retail Trade,2016Jul,507,2016-07-01,False,False,523.0,-0.030592734225621365,False,54.25,760.25
Retail Trade,2016Aug,474,2016-08-01,False,False,507.0,-0.0650887573964497,False,54.25,760.25
Retail Trade,2016Sep,489,2016-09-01,False,False,474.0,0.03164556962025311,False,54.25,760.25
Retail Trade,2016Oct,497,2016-10-01,False,False,489.0,0.01635991820040905,False,54.25,760.25
Retail Trade,2016Nov,452,2016-11-01,False,False,497.0,-0.0905432595573441,False,54.25,760.25
Retail Trade,2016Dec,391,2016-12-01,False,False,452.0,-0.13495575221238942,False,54.25,760.25
Retail Trade,2017Jan,448,2017-01-01,False,False,391.0,0.1457800511508951,False,54.25,760.25
Retail Trade,2017Feb,436,2017-02-01,False,False,448.0,-0.0267857142857143,False,54.25,760.25
Retail Trade,2017Mar,484,2017-03-01,False,False,436.0,0.11009174311926606,False,54.25,760.25
Retail Trade,2017Apr,421,2017-04-01,False,False,484.0,-0.1301652892561983,False,54.25,760.25
Retail Trade,2017May,514,2017-05-01,False,False,421.0,0.2209026128266034,False,54.25,760.25
Retail Trade,2017Jun,457,2017-06-01,False,False,514.0,-0.1108949416342413,False,54.25,760.25
Retail Trade,2017Jul,456,2017-07-01,False,False,457.0,-0.002188183807439792,False,54.25,760.25
Retail Trade,2017Aug,483,2017-08-01,False,False,456.0,0.05921052631578938,False,54.25,760.25
Retail Trade,2017Sep,443,2017-09-01,False,False,483.0,-0.082815734989648,False,54.25,760.25
Retail Trade,2017Oct,491,2017-10-01,False,False,443.0,0.1083521444695259,False,54.25,760.25
Retail Trade,2017Nov,441,2017-11-01,False,False,491.0,-0.10183299389002032,False,54.25,760.25
Retail Trade,2017Dec,344,2017-12-01,False,False,441.0,-0.21995464852607705,False,54.25,760.25
Retail Trade,2018Jan,489,2018-01-01,False,False,344.0,0.4215116279069768,False,54.25,760.25
Retail Trade,2018Feb,348,2018-02-01,False,False,489.0,-0.2883435582822086,False,54.25,760.25
Retail Trade,2018Mar,459,2018-03-01,False,False,348.0,0.3189655172413792,False,54.25,760.25
Retail Trade,2018Apr,439,2018-04-01,False,False,459.0,-0.04357298474945537,False,54.25,760.25
Retail Trade,2018May,455,2018-05-01,False,False,439.0,0.036446469248291535,False,54.25,760.25
Retail Trade,2018Jun,434,2018-06-01,False,False,455.0,-0.0461538461538461,False,54.25,760.25
Retail Trade,2018Jul,474,2018-07-01,False,False,434.0,0.09216589861751157,False,54.25,760.25
Retail Trade,2018Aug,486,2018-08-01,False,False,474.0,0.025316455696202445,False,54.25,760.25
Retail Trade,2018Sep,373,2018-09-01,False,False,486.0,-0.23251028806584362,False,54.25,760.25
Retail Trade,2018Oct,454,2018-10-01,False,False,373.0,0.21715817694369965,False,54.25,760.25
Retail Trade,2018Nov,433,2018-11-01,False,False,454.0,-0.04625550660792954,False,54.25,760.25
Retail Trade,2018Dec,372,2018-12-01,False,False,433.0,-0.14087759815242495,False,54.25,760.25
Retail Trade,2019Jan,520,2019-01-01,False,False,372.0,0.3978494623655915,False,54.25,760.25
Retail Trade,2019Feb,391,2019-02-01,False,False,520.0,-0.24807692307692308,False,54.25,760.25
Retail Trade,2019Mar,492,2019-03-01,False,False,391.0,0.25831202046035795,False,54.25,760.25
Retail Trade,2019Apr,517,2019-04-01,False,False,492.0,0.05081300813008127,False,54.25,760.25
Retail Trade,2019May,494,2019-05-01,False,False,517.0,-0.044487427466150864,False,54.25,760.25
Retail Trade,2019Jun,431,2019-06-01,False,False,494.0,-0.12753036437246967,False,54.25,760.25
Retail Trade,2019Jul,559,2019-07-01,False,False,431.0,0.29698375870069604,False,54.25,760.25
Retail Trade,2019Aug,460,2019-08-01,False,False,559.0,-0.17710196779964227,False,54.25,760.25
Retail Trade,2019Sep,527,2019-09-01,False,False,460.0,0.14565217391304341,False,54.25,760.25
Retail Trade,2019Oct,520,2019-10-01,False,False,527.0,-0.013282732447817858,False,54.25,760.25
Retail Trade,2019Nov,455,2019-11-01,False,False,520.0,-0.125,False,54.25,760.25
Retail Trade,2019Dec,432,2019-12-01,False,False,455.0,-0.05054945054945059,False,54.25,760.25
Retail Trade,2020Jan,476,2020-01-01,False,False,432.0,0.10185185185185186,False,54.25,760.25
Retail Trade,2020Feb,399,2020-02-01,False,False,476.0,-0.16176470588235292,False,54.25,760.25
Retail Trade,2020Mar,480,2020-03-01,False,False,399.0,0.20300751879699241,False,54.25,760.25
Retail Trade,2020Apr,543,2020-04-01,False,False,480.0,0.1312500000000001,False,54.25,760.25
Retail Trade,2020May,668,2020-05-01,False,False,543.0,0.23020257826887658,False,54.25,760.25
Retail Trade,2020Jun,995,2020-06-01,False,False,668.0,0.4895209580838322,True,54.25,760.25
Retail Trade,2020Jul,965,2020-07-01,False,False,995.0,-0.03015075376884424,True,54.25,760.25
Retail Trade,2020Aug,955,2020-08-01,False,False,965.0,-0.010362694300518172,True,54.25,760.25
Retail Trade,2020Sep,900,2020-09-01,False,False,955.0,-0.05759162303664922,True,54.25,760.25
Retail Trade,2020Oct,954,2020-10-01,False,False,900.0,0.06000000000000005,True,54.25,760.25
Retail Trade,2020Nov,832,2020-11-01,False,False,954.0,-0.1278825995807128,True,54.25,760.25
Retail Trade,2020Dec,776,2020-12-01,False,False,832.0,-0.06730769230769229,True,54.25,760.25
Retail Trade,2021Jan,807,2021-01-01,False,False,776.0,0.0399484536082475,True,54.25,760.25
Retail Trade,2021Feb,595,2021-02-01,False,False,807.0,-0.2627013630731103,False,54.25,760.25
Retail Trade,2021Mar,834,2021-03-01,False,False,595.0,0.40168067226890747,True,54.25,760.25
Retail Trade,2021Apr,706,2021-04-01,False,False,834.0,-0.1534772182254197,False,54.25,760.25
Retail Trade,2021May,701,2021-05-01,False,False,706.0,-0.007082152974504208,False,54.25,760.25
Retail Trade,2021Jun,740,2021-06-01,False,False,701.0,0.05563480741797422,False,54.25,760.25
Retail Trade,2021Jul,725,2021-07-01,False,False,740.0,-0.020270270270270285,False,54.25,760.25
Retail Trade,2021Aug,794,2021-08-01,False,False,725.0,0.09517241379310337,True,54.25,760.25
Retail Trade,2021Sep,728,2021-09-01,False,False,794.0,-0.08312342569269526,False,54.25,760.25
Retail Trade,2021Oct,749,2021-10-01,False,False,728.0,0.028846153846153744,False,54.25,760.25
Retail Trade,2021Nov,477,2021-11-01,False,False,749.0,-0.36315086782376504,False,54.25,760.25
Retail Trade,2021Dec,415,2021-12-01,False,False,477.0,-0.12997903563941304,False,54.25,760.25
Retail Trade,2022Jan,462,2022-01-01,False,False,415.0,0.11325301204819271,False,54.25,760.25
Retail Trade,2022Feb,391,2022-02-01,False,False,462.0,-0.15367965367965364,False,54.25,760.25
Retail Trade,2022Mar,504,2022-03-01,False,False,391.0,0.289002557544757,False,54.25,760.25
Retail Trade,2022Apr,376,2022-04-01,False,False,504.0,-0.25396825396825395,False,54.25,760.25
Retail Trade,2022May,379,2022-05-01,False,False,376.0,0.007978723404255428,False,54.25,760.25
Retail Trade,2022Jun,384,2022-06-01,False,False,379.0,0.013192612137203241,False,54.25,760.25
Retail Trade,2022Jul,472,2022-07-01,False,False,384.0,0.22916666666666674,False,54.25,760.25
Retail Trade,2022Aug,523,2022-08-01,False,False,472.0,0.10805084745762716,False,54.25,760.25
Retail Trade,2022Sep,455,2022-09-01,False,False,523.0,-0.13001912045889097,False,54.25,760.25
Retail Trade,2022Oct,405,2022-10-01,False,False,455.0,-0.10989010989010994,False,54.25,760.25
Retail Trade,2022Nov,410,2022-11-01,False,False,405.0,0.012345679012345734,False,54.25,760.25
Retail Trade,2022Dec,422,2022-12-01,False,False,410.0,0.029268292682926855,False,54.25,760.25
Retail Trade,2023Jan,471,2023-01-01,False,False,422.0,0.1161137440758293,False,54.25,760.25
Retail Trade,2023Feb,468,2023-02-01,False,False,471.0,-0.006369426751592355,False,54.25,760.25
Retail Trade,2023Mar,595,2023-03-01,False,False,468.0,0.2713675213675213,False,54.25,760.25
Retail Trade,2023Apr,474,2023-04-01,False,False,595.0,-0.20336134453781518,False,54.25,760.25
Retail Trade,2023May,536,2023-05-01,False,False,474.0,0.13080168776371304,False,54.25,760.25
Retail Trade,2023Jun,484,2023-06-01,False,False,536.0,-0.09701492537313428,False,54.25,760.25
Retail Trade,2023Jul,598,2023-07-01,False,False,484.0,0.23553719008264462,False,54.25,760.25
Retail Trade,2023Aug,610,2023-08-01,False,False,598.0,0.02006688963210701,False,54.25,760.25
Retail Trade,2023Sep,480,2023-09-01,False,False,610.0,-0.21311475409836067,False,54.25,760.25
Retail Trade,2023Oct,505,2023-10-01,False,False,480.0,0.05208333333333326,False,54.25,760.25
Retail Trade,2023Nov,455,2023-11-01,False,False,505.0,-0.09900990099009899,False,54.25,760.25
Retail Trade,2023Dec,469,2023-12-01,False,False,455.0,0.03076923076923066,False,54.25,760.25
Retail Trade,2024Jan,587,2024-01-01,False,False,469.0,0.2515991471215351,False,54.25,760.25
Retail Trade,2024Feb,462,2024-02-01,False,False,587.0,-0.21294718909710397,False,54.25,760.25
Retail Trade,2024Mar,572,2024-03-01,False,False,462.0,0.23809523809523814,False,54.25,760.25
Retail Trade,2024Apr,523,2024-04-01,False,False,572.0,-0.08566433566433562,False,54.25,760.25
Retail Trade,2024May,542,2024-05-01,False,False,523.0,0.03632887189292533,False,54.25,760.25
Retail Trade,2024Jun,475,2024-06-01,False,False,542.0,-0.12361623616236161,False,54.25,760.25
Retail Trade,2024Jul,589,2024-07-01,False,False,475.0,0.24,False,54.25,760.25
Retail Trade,2024Aug,556,2024-08-01,False,False,589.0,-0.05602716468590829,False,54.25,760.25
Retail Trade,2024Sep,565,2024-09-01,False,False,556.0,0.01618705035971213,False,54.25,760.25
Retail Trade,2024Oct,576,2024-10-01,False,False,565.0,0.019469026548672552,False,54.25,760.25
Retail Trade,2024Nov,545,2024-11-01,False,False,576.0,-0.05381944444444442,False,54.25,760.25
Retail Trade,2024Dec,425,2024-12-01,False,False,545.0,-0.22018348623853212,False,54.25,760.25
Retail Trade,2025Jan,539,2025-01-01,False,False,425.0,0.2682352941176471,False,54.25,760.25
Retail Trade,2025Feb,529,2025-02-01,False,False,539.0,-0.01855287569573283,False,54.25,760.25
Retail Trade,2025Mar,593,2025-03-01,False,False,529.0,0.12098298676748587,False,54.25,760.25
Retail Trade,2025Apr,663,2025-04-01,False,False,593.0,0.11804384485666097,False,54.25,760.25
Retail Trade,2025May,665,2025-05-01,False,False,663.0,0.003016591251885359,False,54.25,760.25
Retail Trade,2025Jun,579,2025-06-01,False,False,665.0,-0.12932330827067673,False,54.25,760.25
Retail Trade,2025Jul,707,2025-07-01,False,False,579.0,0.22107081174438692,False,54.25,760.25
Retail Trade,2025Aug,702,2025-08-01,False,False,707.0,-0.007072135785007094,False,54.25,760.25
Retail Trade,2025Sep,723,2025-09-01,False,False,702.0,0.029914529914529808,False,54.25,760.25
Retail Trade,2025Oct,743,2025-10-01,False,False,723.0,0.027662517289073207,False,54.25,760.25
Retail Trade,2025Nov,619,2025-11-01,False,False,743.0,-0.16689098250336476,False,54.25,760.25
Retail Trade,2025Dec,639,2025-12-01,False,False,619.0,0.03231017770597733,False,54.25,760.25
Retail Trade,2026Jan,742,2026-01-01,False,False,639.0,0.16118935837245707,False,54.25,760.25
Retail Trade,2026Feb,606,2026-02-01,False,False,742.0,-0.18328840970350402,False,54.25,760.25
Retail Trade,2026Mar,760,2026-03-01,False,False,606.0,0.2541254125412542,False,54.25,760.25
Total,1990Jan,1719,1990-01-01,False,False,,,False,-920.0,8928.0
Total,1990Feb,1997,1990-02-01,False,False,1719.0,0.16172193135543922,False,-920.0,8928.0
Total,1990Mar,2375,1990-03-01,False,False,1997.0,0.18928392588883325,False,-920.0,8928.0
Total,1990Apr,1958,1990-04-01,False,False,2375.0,-0.17557894736842106,False,-920.0,8928.0
Total,1990May,2276,1990-05-01,False,False,1958.0,0.16241062308478038,False,-920.0,8928.0
Total,1990Jun,2065,1990-06-01,False,False,2276.0,-0.09270650263620384,False,-920.0,8928.0
Total,1990Jul,2053,1990-07-01,False,False,2065.0,-0.005811138014527817,False,-920.0,8928.0
Total,1990Aug,2255,1990-08-01,False,False,2053.0,0.09839259620068197,False,-920.0,8928.0
Total,1990Sep,1882,1990-09-01,False,False,2255.0,-0.16541019955654102,False,-920.0,8928.0
Total,1990Oct,2136,1990-10-01,False,False,1882.0,0.13496280552603612,False,-920.0,8928.0
Total,1990Nov,1899,1990-11-01,False,False,2136.0,-0.1109550561797753,False,-920.0,8928.0
Total,1990Dec,1486,1990-12-01,False,False,1899.0,-0.21748288572933128,False,-920.0,8928.0
Total,1991Jan,2045,1991-01-01,False,False,1486.0,0.3761776581426648,False,-920.0,8928.0
Total,1991Feb,1548,1991-02-01,False,False,2045.0,-0.2430317848410758,False,-920.0,8928.0
Total,1991Mar,2187,1991-03-01,False,False,1548.0,0.41279069767441867,False,-920.0,8928.0
Total,1991Apr,2389,1991-04-01,False,False,2187.0,0.09236396890717868,False,-920.0,8928.0
Total,1991May,2326,1991-05-01,False,False,2389.0,-0.026370866471326915,False,-920.0,8928.0
Total,1991Jun,2303,1991-06-01,False,False,2326.0,-0.009888220120378377,False,-920.0,8928.0
Total,1991Jul,2487,1991-07-01,False,False,2303.0,0.07989578810247511,False,-920.0,8928.0
Total,1991Aug,2239,1991-08-01,False,False,2487.0,-0.09971853638922401,False,-920.0,8928.0
Total,1991Sep,2091,1991-09-01,False,False,2239.0,-0.06610093791871374,False,-920.0,8928.0
Total,1991Oct,2309,1991-10-01,False,False,2091.0,0.10425633668101386,False,-920.0,8928.0
Total,1991Nov,1990,1991-11-01,False,False,2309.0,-0.1381550454742313,False,-920.0,8928.0
Total,1991Dec,1843,1991-12-01,False,False,1990.0,-0.0738693467336683,False,-920.0,8928.0
Total,1992Jan,2171,1992-01-01,False,False,1843.0,0.17797069994574066,False,-920.0,8928.0
Total,1992Feb,2067,1992-02-01,False,False,2171.0,-0.04790419161676651,False,-920.0,8928.0
Total,1992Mar,2593,1992-03-01,False,False,2067.0,0.254475084663764,False,-920.0,8928.0
Total,1992Apr,2298,1992-04-01,False,False,2593.0,-0.11376783648283839,False,-920.0,8928.0
Total,1992May,2266,1992-05-01,False,False,2298.0,-0.013925152306353383,False,-920.0,8928.0
Total,1992Jun,2192,1992-06-01,False,False,2266.0,-0.032656663724624835,False,-920.0,8928.0
Total,1992Jul,2423,1992-07-01,False,False,2192.0,0.10538321167883202,False,-920.0,8928.0
Total,1992Aug,2103,1992-08-01,False,False,2423.0,-0.1320676846884028,False,-920.0,8928.0
Total,1992Sep,2315,1992-09-01,False,False,2103.0,0.10080836899667145,False,-920.0,8928.0
Total,1992Oct,2444,1992-10-01,False,False,2315.0,0.055723542116630664,False,-920.0,8928.0
Total,1992Nov,2119,1992-11-01,False,False,2444.0,-0.13297872340425532,False,-920.0,8928.0
Total,1992Dec,2117,1992-12-01,False,False,2119.0,-0.0009438414346389923,False,-920.0,8928.0
Total,1993Jan,1919,1993-01-01,False,False,2117.0,-0.09352857817666504,False,-920.0,8928.0
Total,1993Feb,2656,1993-02-01,False,False,1919.0,0.3840541948931735,False,-920.0,8928.0
Total,1993Mar,2906,1993-03-01,False,False,2656.0,0.09412650602409633,False,-920.0,8928.0
Total,1993Apr,2765,1993-04-01,False,False,2906.0,-0.04852030282174813,False,-920.0,8928.0
Total,1993May,2691,1993-05-01,False,False,2765.0,-0.026763110307414073,False,-920.0,8928.0
Total,1993Jun,2557,1993-06-01,False,False,2691.0,-0.049795615013006334,False,-920.0,8928.0
Total,1993Jul,2689,1993-07-01,False,False,2557.0,0.051622995698083596,False,-920.0,8928.0
Total,1993Aug,2443,1993-08-01,False,False,2689.0,-0.09148382298252133,False,-920.0,8928.0
Total,1993Sep,2576,1993-09-01,False,False,2443.0,0.054441260744985565,False,-920.0,8928.0
Total,1993Oct,2492,1993-10-01,False,False,2576.0,-0.03260869565217395,False,-920.0,8928.0
Total,1993Nov,2282,1993-11-01,False,False,2492.0,-0.0842696629213483,False,-920.0,8928.0
Total,1993Dec,2313,1993-12-01,False,False,2282.0,0.013584574934268234,False,-920.0,8928.0
Total,1994Jan,2388,1994-01-01,False,False,2313.0,0.03242542153048,False,-920.0,8928.0
Total,1994Feb,2093,1994-02-01,False,False,2388.0,-0.12353433835845895,False,-920.0,8928.0
Total,1994Mar,3077,1994-03-01,False,False,2093.0,0.4701385570950789,False,-920.0,8928.0
Total,1994Apr,2775,1994-04-01,False,False,3077.0,-0.09814754631134226,False,-920.0,8928.0
Total,1994May,2606,1994-05-01,False,False,2775.0,-0.060900900900900945,False,-920.0,8928.0
Total,1994Jun,2707,1994-06-01,False,False,2606.0,0.03875671527244817,False,-920.0,8928.0
Total,1994Jul,2631,1994-07-01,False,False,2707.0,-0.028075360177318043,False,-920.0,8928.0
Total,1994Aug,2608,1994-08-01,False,False,2631.0,-0.008741923223109072,False,-920.0,8928.0
Total,1994Sep,2841,1994-09-01,False,False,2608.0,0.08934049079754591,False,-920.0,8928.0
Total,1994Oct,2764,1994-10-01,False,False,2841.0,-0.027103132699753618,False,-920.0,8928.0
Total,1994Nov,2640,1994-11-01,False,False,2764.0,-0.04486251808972508,False,-920.0,8928.0
Total,1994Dec,2323,1994-12-01,False,False,2640.0,-0.12007575757575761,False,-920.0,8928.0
Total,1995Jan,2243,1995-01-01,False,False,2323.0,-0.03443822643133876,False,-920.0,8928.0
Total,1995Feb,2397,1995-02-01,False,False,2243.0,0.0686580472581364,False,-920.0,8928.0
Total,1995Mar,3025,1995-03-01,False,False,2397.0,0.2619941593658741,False,-920.0,8928.0
Total,1995Apr,2795,1995-04-01,False,False,3025.0,-0.0760330578512397,False,-920.0,8928.0
Total,1995May,2570,1995-05-01,False,False,2795.0,-0.0805008944543828,False,-920.0,8928.0
Total,1995Jun,2758,1995-06-01,False,False,2570.0,0.07315175097276261,False,-920.0,8928.0
Total,1995Jul,2751,1995-07-01,False,False,2758.0,-0.0025380710659898,False,-920.0,8928.0
Total,1995Aug,2659,1995-08-01,False,False,2751.0,-0.03344238458742277,False,-920.0,8928.0
Total,1995Sep,2659,1995-09-01,False,False,2659.0,0.0,False,-920.0,8928.0
Total,1995Oct,2490,1995-10-01,False,False,2659.0,-0.06355772846934937,False,-920.0,8928.0
Total,1995Nov,2627,1995-11-01,False,False,2490.0,0.05502008032128525,False,-920.0,8928.0
Total,1995Dec,2208,1995-12-01,False,False,2627.0,-0.15949752569470876,False,-920.0,8928.0
Total,1996Jan,2666,1996-01-01,False,False,2208.0,0.20742753623188404,False,-920.0,8928.0
Total,1996Feb,2132,1996-02-01,False,False,2666.0,-0.2003000750187547,False,-920.0,8928.0
Total,1996Mar,3076,1996-03-01,False,False,2132.0,0.44277673545966234,False,-920.0,8928.0
Total,1996Apr,2848,1996-04-01,False,False,3076.0,-0.07412223667100126,False,-920.0,8928.0
Total,1996May,2968,1996-05-01,False,False,2848.0,0.042134831460674205,False,-920.0,8928.0
Total,1996Jun,2752,1996-06-01,False,False,2968.0,-0.07277628032345018,False,-920.0,8928.0
Total,1996Jul,2913,1996-07-01,False,False,2752.0,0.05850290697674421,False,-920.0,8928.0
Total,1996Aug,2680,1996-08-01,False,False,2913.0,-0.07998626845176793,False,-920.0,8928.0
Total,1996Sep,2663,1996-09-01,False,False,2680.0,-0.006343283582089576,False,-920.0,8928.0
Total,1996Oct,2970,1996-10-01,False,False,2663.0,0.11528351483289523,False,-920.0,8928.0
Total,1996Nov,2611,1996-11-01,False,False,2970.0,-0.12087542087542091,False,-920.0,8928.0
Total,1996Dec,2506,1996-12-01,False,False,2611.0,-0.04021447721179627,False,-920.0,8928.0
Total,1997Jan,2637,1997-01-01,False,False,2506.0,0.052274541101356764,False,-920.0,8928.0
Total,1997Feb,2110,1997-02-01,False,False,2637.0,-0.19984831247629886,False,-920.0,8928.0
Total,1997Mar,3075,1997-03-01,False,False,2110.0,0.45734597156398094,False,-920.0,8928.0
Total,1997Apr,3021,1997-04-01,False,False,3075.0,-0.017560975609756113,False,-920.0,8928.0
Total,1997May,2826,1997-05-01,False,False,3021.0,-0.06454816285998011,False,-920.0,8928.0
Total,1997Jun,2644,1997-06-01,False,False,2826.0,-0.06440198159943378,False,-920.0,8928.0
Total,1997Jul,3089,1997-07-01,False,False,2644.0,0.1683055975794252,False,-920.0,8928.0
Total,1997Aug,2562,1997-08-01,False,False,3089.0,-0.17060537390741337,False,-920.0,8928.0
Total,1997Sep,2850,1997-09-01,False,False,2562.0,0.11241217798594838,False,-920.0,8928.0
Total,1997Oct,2666,1997-10-01,False,False,2850.0,-0.06456140350877193,False,-920.0,8928.0
Total,1997Nov,2431,1997-11-01,False,False,2666.0,-0.08814703675918978,False,-920.0,8928.0
Total,1997Dec,2238,1997-12-01,False,False,2431.0,-0.07939119703825581,False,-920.0,8928.0
Total,1998Jan,1822,1998-01-01,False,False,2238.0,-0.1858802502234138,False,-920.0,8928.0
Total,1998Feb,2360,1998-02-01,False,False,1822.0,0.29527991218441274,False,-920.0,8928.0
Total,1998Mar,2785,1998-03-01,False,False,2360.0,0.18008474576271194,False,-920.0,8928.0
Total,1998Apr,2576,1998-04-01,False,False,2785.0,-0.07504488330341108,False,-920.0,8928.0
Total,1998May,2393,1998-05-01,False,False,2576.0,-0.07104037267080743,False,-920.0,8928.0
Total,1998Jun,2480,1998-06-01,False,False,2393.0,0.03635603844546598,False,-920.0,8928.0
Total,1998Jul,2679,1998-07-01,False,False,2480.0,0.08024193548387104,False,-920.0,8928.0
Total,1998Aug,2496,1998-08-01,False,False,2679.0,-0.06830907054871216,False,-920.0,8928.0
Total,1998Sep,2581,1998-09-01,False,False,2496.0,0.034054487179487225,False,-920.0,8928.0
Total,1998Oct,2700,1998-10-01,False,False,2581.0,0.046106160402944685,False,-920.0,8928.0
Total,1998Nov,2532,1998-11-01,False,False,2700.0,-0.06222222222222218,False,-920.0,8928.0
Total,1998Dec,2517,1998-12-01,False,False,2532.0,-0.005924170616113722,False,-920.0,8928.0
Total,1999Jan,2396,1999-01-01,False,False,2517.0,-0.04807310290027811,False,-920.0,8928.0
Total,1999Feb,2042,1999-02-01,False,False,2396.0,-0.1477462437395659,False,-920.0,8928.0
Total,1999Mar,3131,1999-03-01,False,False,2042.0,0.5333006856023506,False,-920.0,8928.0
Total,1999Apr,3221,1999-04-01,False,False,3131.0,0.0287448099648675,False,-920.0,8928.0
Total,1999May,3080,1999-05-01,False,False,3221.0,-0.043775225085377234,False,-920.0,8928.0
Total,1999Jun,2963,1999-06-01,False,False,3080.0,-0.037987012987013014,False,-920.0,8928.0
Total,1999Jul,3251,1999-07-01,False,False,2963.0,0.09719878501518742,False,-920.0,8928.0
Total,1999Aug,2822,1999-08-01,False,False,3251.0,-0.13195939710858196,False,-920.0,8928.0
Total,1999Sep,3122,1999-09-01,False,False,2822.0,0.10630758327427348,False,-920.0,8928.0
Total,1999Oct,3213,1999-10-01,False,False,3122.0,0.029147982062780242,False,-920.0,8928.0
Total,1999Nov,2794,1999-11-01,False,False,3213.0,-0.13040771864301282,False,-920.0,8928.0
Total,1999Dec,2891,1999-12-01,False,False,2794.0,0.03471725125268432,False,-920.0,8928.0
Total,2000Jan,2762,2000-01-01,False,False,2891.0,-0.04462123832583886,False,-920.0,8928.0
Total,2000Feb,2968,2000-02-01,False,False,2762.0,0.07458363504706744,False,-920.0,8928.0
Total,2000Mar,3944,2000-03-01,False,False,2968.0,0.32884097035040427,False,-920.0,8928.0
Total,2000Apr,3299,2000-04-01,False,False,3944.0,-0.16353955375253548,False,-920.0,8928.0
Total,2000May,3286,2000-05-01,False,False,3299.0,-0.003940588056986938,False,-920.0,8928.0
Total,2000Jun,3284,2000-06-01,False,False,3286.0,-0.000608642726719455,False,-920.0,8928.0
Total,2000Jul,3242,2000-07-01,False,False,3284.0,-0.012789281364189997,False,-920.0,8928.0
Total,2000Aug,2929,2000-08-01,False,False,3242.0,-0.09654534238124612,False,-920.0,8928.0
Total,2000Sep,3018,2000-09-01,False,False,2929.0,0.030385797200409792,False,-920.0,8928.0
Total,2000Oct,2702,2000-10-01,False,False,3018.0,-0.10470510271703115,False,-920.0,8928.0
Total,2000Nov,2730,2000-11-01,False,False,2702.0,0.010362694300518172,False,-920.0,8928.0
Total,2000Dec,2282,2000-12-01,False,False,2730.0,-0.16410256410256407,False,-920.0,8928.0
Total,2001Jan,2307,2001-01-01,False,False,2282.0,0.010955302366345343,False,-920.0,8928.0
Total,2001Feb,2806,2001-02-01,False,False,2307.0,0.2162982228001733,False,-920.0,8928.0
Total,2001Mar,3084,2001-03-01,False,False,2806.0,0.09907341411261572,False,-920.0,8928.0
Total,2001Apr,2720,2001-04-01,False,False,3084.0,-0.11802853437094685,False,-920.0,8928.0
Total,2001May,2881,2001-05-01,False,False,2720.0,0.059191176470588136,False,-920.0,8928.0
Total,2001Jun,2685,2001-06-01,False,False,2881.0,-0.0680319333564734,False,-920.0,8928.0
Total,2001Jul,2905,2001-07-01,False,False,2685.0,0.08193668528864051,False,-920.0,8928.0
Total,2001Aug,3074,2001-08-01,False,False,2905.0,0.05817555938037855,False,-920.0,8928.0
Total,2001Sep,2771,2001-09-01,False,False,3074.0,-0.09856864020819778,False,-920.0,8928.0
Total,2001Oct,3004,2001-10-01,False,False,2771.0,0.08408516780945496,False,-920.0,8928.0
Total,2001Nov,2654,2001-11-01,False,False,3004.0,-0.11651131824234351,False,-920.0,8928.0
Total,2001Dec,2315,2001-12-01,False,False,2654.0,-0.12773172569706104,False,-920.0,8928.0
Total,2002Jan,2767,2002-01-01,False,False,2315.0,0.19524838012958967,False,-920.0,8928.0
Total,2002Feb,2370,2002-02-01,False,False,2767.0,-0.1434766895554752,False,-920.0,8928.0
Total,2002Mar,3331,2002-03-01,False,False,2370.0,0.40548523206751064,False,-920.0,8928.0
Total,2002Apr,3435,2002-04-01,False,False,3331.0,0.031221855298709134,False,-920.0,8928.0
Total,2002May,3356,2002-05-01,False,False,3435.0,-0.022998544395924303,False,-920.0,8928.0
Total,2002Jun,2726,2002-06-01,False,False,3356.0,-0.18772348033373065,False,-920.0,8928.0
Total,2002Jul,3360,2002-07-01,False,False,2726.0,0.2325752017608218,False,-920.0,8928.0
Total,2002Aug,3176,2002-08-01,False,False,3360.0,-0.05476190476190479,False,-920.0,8928.0
Total,2002Sep,3176,2002-09-01,False,False,3176.0,0.0,False,-920.0,8928.0
Total,2002Oct,3464,2002-10-01,False,False,3176.0,0.09068010075566746,False,-920.0,8928.0
Total,2002Nov,2871,2002-11-01,False,False,3464.0,-0.17118937644341803,False,-920.0,8928.0
Total,2002Dec,2578,2002-12-01,False,False,2871.0,-0.1020550330895158,False,-920.0,8928.0
Total,2003Jan,2840,2003-01-01,False,False,2578.0,0.10162916989914672,False,-920.0,8928.0
Total,2003Feb,2664,2003-02-01,False,False,2840.0,-0.06197183098591552,False,-920.0,8928.0
Total,2003Mar,3545,2003-03-01,False,False,2664.0,0.3307057057057057,False,-920.0,8928.0
Total,2003Apr,2977,2003-04-01,False,False,3545.0,-0.16022566995768683,False,-920.0,8928.0
Total,2003May,3126,2003-05-01,False,False,2977.0,0.05005038629492775,False,-920.0,8928.0
Total,2003Jun,3335,2003-06-01,False,False,3126.0,0.06685860524632115,False,-920.0,8928.0
Total,2003Jul,3584,2003-07-01,False,False,3335.0,0.07466266866566706,False,-920.0,8928.0
Total,2003Aug,3490,2003-08-01,False,False,3584.0,-0.026227678571428603,False,-920.0,8928.0
Total,2003Sep,3744,2003-09-01,False,False,3490.0,0.0727793696275072,False,-920.0,8928.0
Total,2003Oct,3746,2003-10-01,False,False,3744.0,0.0005341880341880323,False,-920.0,8928.0
Total,2003Nov,3048,2003-11-01,False,False,3746.0,-0.18633208756006403,False,-920.0,8928.0
Total,2003Dec,3240,2003-12-01,False,False,3048.0,0.06299212598425208,False,-920.0,8928.0
Total,2004Jan,2890,2004-01-01,False,False,3240.0,-0.10802469135802473,False,-920.0,8928.0
Total,2004Feb,3468,2004-02-01,False,False,2890.0,0.19999999999999996,False,-920.0,8928.0
Total,2004Mar,3941,2004-03-01,False,False,3468.0,0.13638985005767013,False,-920.0,8928.0
Total,2004Apr,3801,2004-04-01,False,False,3941.0,-0.035523978685612745,False,-920.0,8928.0
Total,2004May,3592,2004-05-01,False,False,3801.0,-0.054985530123651705,False,-920.0,8928.0
Total,2004Jun,3455,2004-06-01,False,False,3592.0,-0.0381403118040089,False,-920.0,8928.0
Total,2004Jul,3795,2004-07-01,False,False,3455.0,0.09840810419681612,False,-920.0,8928.0
Total,2004Aug,3585,2004-08-01,False,False,3795.0,-0.055335968379446654,False,-920.0,8928.0
Total,2004Sep,3491,2004-09-01,False,False,3585.0,-0.02622036262203631,False,-920.0,8928.0
Total,2004Oct,3607,2004-10-01,False,False,3491.0,0.033228301346319045,False,-920.0,8928.0
Total,2004Nov,3149,2004-11-01,False,False,3607.0,-0.12697532575547543,False,-920.0,8928.0
Total,2004Dec,3479,2004-12-01,False,False,3149.0,0.1047951730708161,False,-920.0,8928.0
Total,2005Jan,3376,2005-01-01,False,False,3479.0,-0.029606208680655333,False,-920.0,8928.0
Total,2005Feb,2659,2005-02-01,False,False,3376.0,-0.21238151658767768,False,-920.0,8928.0
Total,2005Mar,3844,2005-03-01,False,False,2659.0,0.4456562617525386,False,-920.0,8928.0
Total,2005Apr,3884,2005-04-01,False,False,3844.0,0.010405827263267442,False,-920.0,8928.0
Total,2005May,3727,2005-05-01,False,False,3884.0,-0.04042224510813597,False,-920.0,8928.0
Total,2005Jun,3672,2005-06-01,False,False,3727.0,-0.014757177354440598,False,-920.0,8928.0
Total,2005Jul,3640,2005-07-01,False,False,3672.0,-0.008714596949891074,False,-920.0,8928.0
Total,2005Aug,3893,2005-08-01,False,False,3640.0,0.06950549450549448,False,-920.0,8928.0
Total,2005Sep,3809,2005-09-01,False,False,3893.0,-0.021577189827896248,False,-920.0,8928.0
Total,2005Oct,3734,2005-10-01,False,False,3809.0,-0.019690207403518012,False,-920.0,8928.0
Total,2005Nov,3333,2005-11-01,False,False,3734.0,-0.10739153722549544,False,-920.0,8928.0
Total,2005Dec,3382,2005-12-01,False,False,3333.0,0.014701470147014728,False,-920.0,8928.0
Total,2006Jan,2990,2006-01-01,False,False,3382.0,-0.11590774689532823,False,-920.0,8928.0
Total,2006Feb,3532,2006-02-01,False,False,2990.0,0.18127090301003346,False,-920.0,8928.0
Total,2006Mar,4579,2006-03-01,False,False,3532.0,0.29643261608154026,False,-920.0,8928.0
Total,2006Apr,3742,2006-04-01,False,False,4579.0,-0.1827910024022712,False,-920.0,8928.0
Total,2006May,3935,2006-05-01,False,False,3742.0,0.051576696953500756,False,-920.0,8928.0
Total,2006Jun,3891,2006-06-01,False,False,3935.0,-0.011181702668360827,False,-920.0,8928.0
Total,2006Jul,3748,2006-07-01,False,False,3891.0,-0.03675147776921095,False,-920.0,8928.0
Total,2006Aug,3888,2006-08-01,False,False,3748.0,0.03735325506937026,False,-920.0,8928.0
Total,2006Sep,4025,2006-09-01,False,False,3888.0,0.03523662551440321,False,-920.0,8928.0
Total,2006Oct,3951,2006-10-01,False,False,4025.0,-0.01838509316770187,False,-920.0,8928.0
Total,2006Nov,3828,2006-11-01,False,False,3951.0,-0.031131359149582427,False,-920.0,8928.0
Total,2006Dec,3465,2006-12-01,False,False,3828.0,-0.09482758620689657,False,-920.0,8928.0
Total,2007Jan,4073,2007-01-01,False,False,3465.0,0.17546897546897555,False,-920.0,8928.0
Total,2007Feb,3144,2007-02-01,False,False,4073.0,-0.22808740486128165,False,-920.0,8928.0
Total,2007Mar,4558,2007-03-01,False,False,3144.0,0.44974554707379144,False,-920.0,8928.0
Total,2007Apr,4430,2007-04-01,False,False,4558.0,-0.02808249232119353,False,-920.0,8928.0
Total,2007May,4525,2007-05-01,False,False,4430.0,0.021444695259593693,False,-920.0,8928.0
Total,2007Jun,4420,2007-06-01,False,False,4525.0,-0.023204419889502725,False,-920.0,8928.0
Total,2007Jul,4515,2007-07-01,False,False,4420.0,0.02149321266968318,False,-920.0,8928.0
Total,2007Aug,4390,2007-08-01,False,False,4515.0,-0.027685492801771905,False,-920.0,8928.0
Total,2007Sep,3871,2007-09-01,False,False,4390.0,-0.11822323462414575,False,-920.0,8928.0
Total,2007Oct,4492,2007-10-01,False,False,3871.0,0.16042366313614043,False,-920.0,8928.0
Total,2007Nov,4027,2007-11-01,False,False,4492.0,-0.1035173642030276,False,-920.0,8928.0
Total,2007Dec,3288,2007-12-01,False,False,4027.0,-0.18351129873354854,False,-920.0,8928.0
Total,2008Jan,4602,2008-01-01,False,False,3288.0,0.39963503649635035,False,-920.0,8928.0
Total,2008Feb,3368,2008-02-01,False,False,4602.0,-0.2681442850934377,False,-920.0,8928.0
Total,2008Mar,4478,2008-03-01,False,False,3368.0,0.3295724465558194,False,-920.0,8928.0
Total,2008Apr,4823,2008-04-01,False,False,4478.0,0.07704332291201421,False,-920.0,8928.0
Total,2008May,4594,2008-05-01,False,False,4823.0,-0.04748082106572671,False,-920.0,8928.0
Total,2008Jun,4171,2008-06-01,False,False,4594.0,-0.09207662168045272,False,-920.0,8928.0
Total,2008Jul,5084,2008-07-01,False,False,4171.0,0.21889235195396783,False,-920.0,8928.0
Total,2008Aug,4456,2008-08-01,False,False,5084.0,-0.12352478363493313,False,-920.0,8928.0
Total,2008Sep,4176,2008-09-01,False,False,4456.0,-0.0628366247755835,False,-920.0,8928.0
Total,2008Oct,3953,2008-10-01,False,False,4176.0,-0.05340038314176243,False,-920.0,8928.0
Total,2008Nov,3355,2008-11-01,False,False,3953.0,-0.15127751075132811,False,-920.0,8928.0
Total,2008Dec,2824,2008-12-01,False,False,3355.0,-0.15827123695976153,False,-920.0,8928.0
Total,2009Jan,4006,2009-01-01,False,False,2824.0,0.41855524079320117,False,-920.0,8928.0
Total,2009Feb,4215,2009-02-01,False,False,4006.0,0.052171742386420306,False,-920.0,8928.0
Total,2009Mar,4875,2009-03-01,False,False,4215.0,0.15658362989323837,False,-920.0,8928.0
Total,2009Apr,4396,2009-04-01,False,False,4875.0,-0.0982564102564103,False,-920.0,8928.0
Total,2009May,4998,2009-05-01,False,False,4396.0,0.13694267515923575,False,-920.0,8928.0
Total,2009Jun,4613,2009-06-01,False,False,4998.0,-0.07703081232492992,False,-920.0,8928.0
Total,2009Jul,4897,2009-07-01,False,False,4613.0,0.06156514199002827,False,-920.0,8928.0
Total,2009Aug,4276,2009-08-01,False,False,4897.0,-0.12681233408209103,False,-920.0,8928.0
Total,2009Sep,4578,2009-09-01,False,False,4276.0,0.07062675397567819,False,-920.0,8928.0
Total,2009Oct,4522,2009-10-01,False,False,4578.0,-0.012232415902140636,False,-920.0,8928.0
Total,2009Nov,3959,2009-11-01,False,False,4522.0,-0.12450243255196813,False,-920.0,8928.0
Total,2009Dec,3892,2009-12-01,False,False,3959.0,-0.016923465521596404,False,-920.0,8928.0
Total,2010Jan,4500,2010-01-01,False,False,3892.0,0.15621788283658788,False,-920.0,8928.0
Total,2010Feb,3711,2010-02-01,False,False,4500.0,-0.17533333333333334,False,-920.0,8928.0
Total,2010Mar,5098,2010-03-01,False,False,3711.0,0.37375370520075446,False,-920.0,8928.0
Total,2010Apr,4914,2010-04-01,False,False,5098.0,-0.03609258532757942,False,-920.0,8928.0
Total,2010May,4362,2010-05-01,False,False,4914.0,-0.11233211233211238,False,-920.0,8928.0
Total,2010Jun,4513,2010-06-01,False,False,4362.0,0.034617148097203065,False,-920.0,8928.0
Total,2010Jul,4674,2010-07-01,False,False,4513.0,0.035674717482827356,False,-920.0,8928.0
Total,2010Aug,4330,2010-08-01,False,False,4674.0,-0.07359863072314932,False,-920.0,8928.0
Total,2010Sep,4571,2010-09-01,False,False,4330.0,0.055658198614318755,False,-920.0,8928.0
Total,2010Oct,4649,2010-10-01,False,False,4571.0,0.017064099759352525,False,-920.0,8928.0
Total,2010Nov,4086,2010-11-01,False,False,4649.0,-0.1211013121101312,False,-920.0,8928.0
Total,2010Dec,4313,2010-12-01,False,False,4086.0,0.05555555555555558,False,-920.0,8928.0
Total,2011Jan,4951,2011-01-01,False,False,4313.0,0.14792487827498269,False,-920.0,8928.0
Total,2011Feb,3999,2011-02-01,False,False,4951.0,-0.1922843869925268,False,-920.0,8928.0
Total,2011Mar,5417,2011-03-01,False,False,3999.0,0.3545886471617905,False,-920.0,8928.0
Total,2011Apr,4946,2011-04-01,False,False,5417.0,-0.0869484954772014,False,-920.0,8928.0
Total,2011May,4734,2011-05-01,False,False,4946.0,-0.04286291953093413,False,-920.0,8928.0
Total,2011Jun,4765,2011-06-01,False,False,4734.0,0.006548373468525659,False,-920.0,8928.0
Total,2011Jul,5108,2011-07-01,False,False,4765.0,0.0719832109129066,False,-920.0,8928.0
Total,2011Aug,4426,2011-08-01,False,False,5108.0,-0.1335160532498042,False,-920.0,8928.0
Total,2011Sep,4457,2011-09-01,False,False,4426.0,0.007004066877541737,False,-920.0,8928.0
Total,2011Oct,4451,2011-10-01,False,False,4457.0,-0.0013461969934933649,False,-920.0,8928.0
Total,2011Nov,4606,2011-11-01,False,False,4451.0,0.034823635138171216,False,-920.0,8928.0
Total,2011Dec,3916,2011-12-01,False,False,4606.0,-0.1498046026921407,False,-920.0,8928.0
Total,2012Jan,4072,2012-01-01,False,False,3916.0,0.039836567926455624,False,-920.0,8928.0
Total,2012Feb,5182,2012-02-01,False,False,4072.0,0.27259332023575644,False,-920.0,8928.0
Total,2012Mar,5358,2012-03-01,False,False,5182.0,0.033963720571208,False,-920.0,8928.0
Total,2012Apr,4938,2012-04-01,False,False,5358.0,-0.07838745800671898,False,-920.0,8928.0
Total,2012May,4987,2012-05-01,False,False,4938.0,0.009923045767517236,False,-920.0,8928.0
Total,2012Jun,4578,2012-06-01,False,False,4987.0,-0.08201323440946462,False,-920.0,8928.0
Total,2012Jul,4937,2012-07-01,False,False,4578.0,0.07841852337265176,False,-920.0,8928.0
Total,2012Aug,4945,2012-08-01,False,False,4937.0,0.0016204172574438847,False,-920.0,8928.0
Total,2012Sep,4391,2012-09-01,False,False,4945.0,-0.11203235591506577,False,-920.0,8928.0
Total,2012Oct,4977,2012-10-01,False,False,4391.0,0.13345479389660664,False,-920.0,8928.0
Total,2012Nov,4489,2012-11-01,False,False,4977.0,-0.09805103475989552,False,-920.0,8928.0
Total,2012Dec,3895,2012-12-01,False,False,4489.0,-0.13232345734016482,False,-920.0,8928.0
Total,2013Jan,5187,2013-01-01,False,False,3895.0,0.3317073170731708,False,-920.0,8928.0
Total,2013Feb,3727,2013-02-01,False,False,5187.0,-0.2814729130518604,False,-920.0,8928.0
Total,2013Mar,5257,2013-03-01,False,False,3727.0,0.41051784276898307,False,-920.0,8928.0
Total,2013Apr,5716,2013-04-01,False,False,5257.0,0.08731215522160918,False,-920.0,8928.0
Total,2013May,5379,2013-05-01,False,False,5716.0,-0.058957312806158124,False,-920.0,8928.0
Total,2013Jun,4939,2013-06-01,False,False,5379.0,-0.08179959100204504,False,-920.0,8928.0
Total,2013Jul,5521,2013-07-01,False,False,4939.0,0.1178376189512047,False,-920.0,8928.0
Total,2013Aug,4928,2013-08-01,False,False,5521.0,-0.1074080782466944,False,-920.0,8928.0
Total,2013Sep,5031,2013-09-01,False,False,4928.0,0.020900974025974017,False,-920.0,8928.0
Total,2013Oct,5265,2013-10-01,False,False,5031.0,0.04651162790697683,False,-920.0,8928.0
Total,2013Nov,4763,2013-11-01,False,False,5265.0,-0.09534662867996202,False,-920.0,8928.0
Total,2013Dec,4488,2013-12-01,False,False,4763.0,-0.05773672055427248,False,-920.0,8928.0
Total,2014Jan,5121,2014-01-01,False,False,4488.0,0.14104278074866317,False,-920.0,8928.0
Total,2014Feb,4788,2014-02-01,False,False,5121.0,-0.0650263620386643,False,-920.0,8928.0
Total,2014Mar,6303,2014-03-01,False,False,4788.0,0.3164160401002507,False,-920.0,8928.0
Total,2014Apr,6085,2014-04-01,False,False,6303.0,-0.03458670474377279,False,-920.0,8928.0
Total,2014May,6140,2014-05-01,False,False,6085.0,0.009038619556285932,False,-920.0,8928.0
Total,2014Jun,6496,2014-06-01,False,False,6140.0,0.05798045602605861,False,-920.0,8928.0
Total,2014Jul,6628,2014-07-01,False,False,6496.0,0.020320197044334964,False,-920.0,8928.0
Total,2014Aug,6794,2014-08-01,False,False,6628.0,0.025045262522631173,False,-920.0,8928.0
Total,2014Sep,8520,2014-09-01,False,False,6794.0,0.25404768913747433,False,-920.0,8928.0
Total,2014Oct,7707,2014-10-01,False,False,8520.0,-0.09542253521126765,False,-920.0,8928.0
Total,2014Nov,6834,2014-11-01,False,False,7707.0,-0.1132736473335928,False,-920.0,8928.0
Total,2014Dec,5964,2014-12-01,False,False,6834.0,-0.1273046532045654,False,-920.0,8928.0
Total,2015Jan,5308,2015-01-01,False,False,5964.0,-0.10999329309188466,False,-920.0,8928.0
Total,2015Feb,3850,2015-02-01,False,False,5308.0,-0.274679728711379,False,-920.0,8928.0
Total,2015Mar,5509,2015-03-01,False,False,3850.0,0.4309090909090909,False,-920.0,8928.0
Total,2015Apr,5452,2015-04-01,False,False,5509.0,-0.010346705391178102,False,-920.0,8928.0
Total,2015May,5377,2015-05-01,False,False,5452.0,-0.013756419662509178,False,-920.0,8928.0
Total,2015Jun,5158,2015-06-01,False,False,5377.0,-0.04072903105821091,False,-920.0,8928.0
Total,2015Jul,5962,2015-07-01,False,False,5158.0,0.15587436991081804,False,-920.0,8928.0
Total,2015Aug,5598,2015-08-01,False,False,5962.0,-0.061053337806105334,False,-920.0,8928.0
Total,2015Sep,6064,2015-09-01,False,False,5598.0,0.08324401571989992,False,-920.0,8928.0
Total,2015Oct,6533,2015-10-01,False,False,6064.0,0.07734168865435365,False,-920.0,8928.0
Total,2015Nov,5327,2015-11-01,False,False,6533.0,-0.18460125516607995,False,-920.0,8928.0
Total,2015Dec,4764,2015-12-01,False,False,5327.0,-0.1056880045053501,False,-920.0,8928.0
Total,2016Jan,4831,2016-01-01,False,False,4764.0,0.014063811922754077,False,-920.0,8928.0
Total,2016Feb,4661,2016-02-01,False,False,4831.0,-0.035189401780169716,False,-920.0,8928.0
Total,2016Mar,6457,2016-03-01,False,False,4661.0,0.385325037545591,False,-920.0,8928.0
Total,2016Apr,6370,2016-04-01,False,False,6457.0,-0.01347374941923496,False,-920.0,8928.0
Total,2016May,5610,2016-05-01,False,False,6370.0,-0.11930926216640503,False,-920.0,8928.0
Total,2016Jun,5695,2016-06-01,False,False,5610.0,0.015151515151515138,False,-920.0,8928.0
Total,2016Jul,5342,2016-07-01,False,False,5695.0,-0.06198419666374011,False,-920.0,8928.0
Total,2016Aug,5286,2016-08-01,False,False,5342.0,-0.010482965181579984,False,-920.0,8928.0
Total,2016Sep,5486,2016-09-01,False,False,5286.0,0.03783579265985626,False,-920.0,8928.0
Total,2016Oct,5410,2016-10-01,False,False,5486.0,-0.013853445133065967,False,-920.0,8928.0
Total,2016Nov,4988,2016-11-01,False,False,5410.0,-0.07800369685767095,False,-920.0,8928.0
Total,2016Dec,4795,2016-12-01,False,False,4988.0,-0.03869286287089013,False,-920.0,8928.0
Total,2017Jan,4944,2017-01-01,False,False,4795.0,0.031074035453597437,False,-920.0,8928.0
Total,2017Feb,5139,2017-02-01,False,False,4944.0,0.03944174757281549,False,-920.0,8928.0
Total,2017Mar,6059,2017-03-01,False,False,5139.0,0.1790231562560809,False,-920.0,8928.0
Total,2017Apr,4851,2017-04-01,False,False,6059.0,-0.19937283380095727,False,-920.0,8928.0
Total,2017May,5771,2017-05-01,False,False,4851.0,0.18965161822304677,False,-920.0,8928.0
Total,2017Jun,5300,2017-06-01,False,False,5771.0,-0.08161497140876794,False,-920.0,8928.0
Total,2017Jul,5464,2017-07-01,False,False,5300.0,0.030943396226415176,False,-920.0,8928.0
Total,2017Aug,5474,2017-08-01,False,False,5464.0,0.0018301610541726632,False,-920.0,8928.0
Total,2017Sep,4935,2017-09-01,False,False,5474.0,-0.09846547314578002,False,-920.0,8928.0
Total,2017Oct,4997,2017-10-01,False,False,4935.0,0.012563323201621124,False,-920.0,8928.0
Total,2017Nov,5051,2017-11-01,False,False,4997.0,0.010806483890334118,False,-920.0,8928.0
Total,2017Dec,4128,2017-12-01,False,False,5051.0,-0.18273609186299744,False,-920.0,8928.0
Total,2018Jan,5708,2018-01-01,False,False,4128.0,0.38275193798449614,False,-920.0,8928.0
Total,2018Feb,4349,2018-02-01,False,False,5708.0,-0.23808689558514362,False,-920.0,8928.0
Total,2018Mar,5549,2018-03-01,False,False,4349.0,0.27592550011496897,False,-920.0,8928.0
Total,2018Apr,5475,2018-04-01,False,False,5549.0,-0.013335736168679002,False,-920.0,8928.0
Total,2018May,5474,2018-05-01,False,False,5475.0,-0.00018264840182646847,False,-920.0,8928.0
Total,2018Jun,5102,2018-06-01,False,False,5474.0,-0.06795761782974064,False,-920.0,8928.0
Total,2018Jul,5555,2018-07-01,False,False,5102.0,0.0887887103096825,False,-920.0,8928.0
Total,2018Aug,5551,2018-08-01,False,False,5555.0,-0.0007200720072007005,False,-920.0,8928.0
Total,2018Sep,4812,2018-09-01,False,False,5551.0,-0.13312916591605117,False,-920.0,8928.0
Total,2018Oct,5395,2018-10-01,False,False,4812.0,0.1211554447215295,False,-920.0,8928.0
Total,2018Nov,4742,2018-11-01,False,False,5395.0,-0.1210379981464319,False,-920.0,8928.0
Total,2018Dec,4092,2018-12-01,False,False,4742.0,-0.1370729649936736,False,-920.0,8928.0
Total,2019Jan,5472,2019-01-01,False,False,4092.0,0.3372434017595307,False,-920.0,8928.0
Total,2019Feb,4015,2019-02-01,False,False,5472.0,-0.26626461988304095,False,-920.0,8928.0
Total,2019Mar,5370,2019-03-01,False,False,4015.0,0.33748443337484435,False,-920.0,8928.0
Total,2019Apr,5182,2019-04-01,False,False,5370.0,-0.03500931098696458,False,-920.0,8928.0
Total,2019May,5213,2019-05-01,False,False,5182.0,0.005982246236974076,False,-920.0,8928.0
Total,2019Jun,4553,2019-06-01,False,False,5213.0,-0.12660656052177244,False,-920.0,8928.0
Total,2019Jul,5763,2019-07-01,False,False,4553.0,0.26575884032506036,False,-920.0,8928.0
Total,2019Aug,5126,2019-08-01,False,False,5763.0,-0.1105327086586847,False,-920.0,8928.0
Total,2019Sep,5549,2019-09-01,False,False,5126.0,0.08252048380803756,False,-920.0,8928.0
Total,2019Oct,5433,2019-10-01,False,False,5549.0,-0.02090466750765907,False,-920.0,8928.0
Total,2019Nov,5182,2019-11-01,False,False,5433.0,-0.04619915332228974,False,-920.0,8928.0
Total,2019Dec,4715,2019-12-01,False,False,5182.0,-0.09011964492473945,False,-920.0,8928.0
Total,2020Jan,5082,2020-01-01,False,False,4715.0,0.07783669141039229,False,-920.0,8928.0
Total,2020Feb,4515,2020-02-01,False,False,5082.0,-0.11157024793388426,False,-920.0,8928.0
Total,2020Mar,4969,2020-03-01,False,False,4515.0,0.1005537098560354,False,-920.0,8928.0
Total,2020Apr,3768,2020-04-01,False,False,4969.0,-0.24169853089152749,False,-920.0,8928.0
Total,2020May,3804,2020-05-01,False,False,3768.0,0.009554140127388644,False,-920.0,8928.0
Total,2020Jun,5563,2020-06-01,False,False,3804.0,0.4624079915878023,False,-920.0,8928.0
Total,2020Jul,6100,2020-07-01,False,False,5563.0,0.09653064893043317,False,-920.0,8928.0
Total,2020Aug,6210,2020-08-01,False,False,6100.0,0.0180327868852459,False,-920.0,8928.0
Total,2020Sep,6047,2020-09-01,False,False,6210.0,-0.026247987117552385,False,-920.0,8928.0
Total,2020Oct,6384,2020-10-01,False,False,6047.0,0.05573011410616835,False,-920.0,8928.0
Total,2020Nov,5633,2020-11-01,False,False,6384.0,-0.11763784461152882,False,-920.0,8928.0
Total,2020Dec,5405,2020-12-01,False,False,5633.0,-0.04047576779691109,False,-920.0,8928.0
Total,2021Jan,5952,2021-01-01,False,False,5405.0,0.10120259019426459,False,-920.0,8928.0
Total,2021Feb,4592,2021-02-01,False,False,5952.0,-0.228494623655914,False,-920.0,8928.0
Total,2021Mar,6400,2021-03-01,False,False,4592.0,0.3937282229965158,False,-920.0,8928.0
Total,2021Apr,5845,2021-04-01,False,False,6400.0,-0.08671874999999996,False,-920.0,8928.0
Total,2021May,5090,2021-05-01,False,False,5845.0,-0.12917023096663816,False,-920.0,8928.0
Total,2021Jun,5469,2021-06-01,False,False,5090.0,0.07445972495088404,False,-920.0,8928.0
Total,2021Jul,5587,2021-07-01,False,False,5469.0,0.021576156518559042,False,-920.0,8928.0
Total,2021Aug,5381,2021-08-01,False,False,5587.0,-0.03687130839448716,False,-920.0,8928.0
Total,2021Sep,5385,2021-09-01,False,False,5381.0,0.0007433562534844285,False,-920.0,8928.0
Total,2021Oct,5269,2021-10-01,False,False,5385.0,-0.021541318477251603,False,-920.0,8928.0
Total,2021Nov,5357,2021-11-01,False,False,5269.0,0.016701461377870652,False,-920.0,8928.0
Total,2021Dec,5111,2021-12-01,False,False,5357.0,-0.04592122456598846,False,-920.0,8928.0
Total,2022Jan,5089,2022-01-01,False,False,5111.0,-0.004304441400900028,False,-920.0,8928.0
Total,2022Feb,4718,2022-02-01,False,False,5089.0,-0.0729023383768913,False,-920.0,8928.0
Total,2022Mar,5651,2022-03-01,False,False,4718.0,0.19775328529037717,False,-920.0,8928.0
Total,2022Apr,5455,2022-04-01,False,False,5651.0,-0.034684126703238394,False,-920.0,8928.0
Total,2022May,5149,2022-05-01,False,False,5455.0,-0.056095325389550865,False,-920.0,8928.0
Total,2022Jun,5369,2022-06-01,False,False,5149.0,0.04272674305690427,False,-920.0,8928.0
Total,2022Jul,5437,2022-07-01,False,False,5369.0,0.01266530080089412,False,-920.0,8928.0
Total,2022Aug,5859,2022-08-01,False,False,5437.0,0.07761633253632527,False,-920.0,8928.0
Total,2022Sep,5669,2022-09-01,False,False,5859.0,-0.03242874210616142,False,-920.0,8928.0
Total,2022Oct,5113,2022-10-01,False,False,5669.0,-0.09807726230375724,False,-920.0,8928.0
Total,2022Nov,5661,2022-11-01,False,False,5113.0,0.10717778212399764,False,-920.0,8928.0
Total,2022Dec,5135,2022-12-01,False,False,5661.0,-0.09291644585762238,False,-920.0,8928.0
Total,2023Jan,5036,2023-01-01,False,False,5135.0,-0.019279454722492706,False,-920.0,8928.0
Total,2023Feb,5672,2023-02-01,False,False,5036.0,0.12629070691024613,False,-920.0,8928.0
Total,2023Mar,6723,2023-03-01,False,False,5672.0,0.185296191819464,False,-920.0,8928.0
Total,2023Apr,5691,2023-04-01,False,False,6723.0,-0.15350290049085225,False,-920.0,8928.0
Total,2023May,6570,2023-05-01,False,False,5691.0,0.15445440168687408,False,-920.0,8928.0
Total,2023Jun,5686,2023-06-01,False,False,6570.0,-0.1345509893455099,False,-920.0,8928.0
Total,2023Jul,6479,2023-07-01,False,False,5686.0,0.13946535349982403,False,-920.0,8928.0
Total,2023Aug,6813,2023-08-01,False,False,6479.0,0.05155116530328763,False,-920.0,8928.0
Total,2023Sep,5402,2023-09-01,False,False,6813.0,-0.20710406575664175,False,-920.0,8928.0
Total,2023Oct,5751,2023-10-01,False,False,5402.0,0.06460570159200296,False,-920.0,8928.0
Total,2023Nov,5380,2023-11-01,False,False,5751.0,-0.0645105199095809,False,-920.0,8928.0
Total,2023Dec,5196,2023-12-01,False,False,5380.0,-0.03420074349442381,False,-920.0,8928.0
Total,2024Jan,6458,2024-01-01,False,False,5196.0,0.2428791377983064,False,-920.0,8928.0
Total,2024Feb,5076,2024-02-01,False,False,6458.0,-0.21399814183957877,False,-920.0,8928.0
Total,2024Mar,6250,2024-03-01,False,False,5076.0,0.23128447596532697,False,-920.0,8928.0
Total,2024Apr,6269,2024-04-01,False,False,6250.0,0.0030399999999999316,False,-920.0,8928.0
Total,2024May,6382,2024-05-01,False,False,6269.0,0.018025203381719646,False,-920.0,8928.0
Total,2024Jun,5736,2024-06-01,False,False,6382.0,-0.10122218740206834,False,-920.0,8928.0
Total,2024Jul,6784,2024-07-01,False,False,5736.0,0.1827057182705718,False,-920.0,8928.0
Total,2024Aug,6304,2024-08-01,False,False,6784.0,-0.07075471698113212,False,-920.0,8928.0
Total,2024Sep,5896,2024-09-01,False,False,6304.0,-0.06472081218274117,False,-920.0,8928.0
Total,2024Oct,6271,2024-10-01,False,False,5896.0,0.06360244233378554,False,-920.0,8928.0
Total,2024Nov,5902,2024-11-01,False,False,6271.0,-0.05884228990591611,False,-920.0,8928.0
Total,2024Dec,4359,2024-12-01,False,False,5902.0,-0.26143680108437817,False,-920.0,8928.0
Total,2025Jan,5971,2025-01-01,False,False,4359.0,0.3698095893553568,False,-920.0,8928.0
Total,2025Feb,5932,2025-02-01,False,False,5971.0,-0.0065315692513816526,False,-920.0,8928.0
Total,2025Mar,6571,2025-03-01,False,False,5932.0,0.10772083614295358,False,-920.0,8928.0
Total,2025Apr,6591,2025-04-01,False,False,6571.0,0.003043676761527836,False,-920.0,8928.0
Total,2025May,6615,2025-05-01,False,False,6591.0,0.003641329085116052,False,-920.0,8928.0
Total,2025Jun,5865,2025-06-01,False,False,6615.0,-0.11337868480725621,False,-920.0,8928.0
Total,2025Jul,7085,2025-07-01,False,False,5865.0,0.20801364023870428,False,-920.0,8928.0
Total,2025Aug,7154,2025-08-01,False,False,7085.0,0.009738884968242711,False,-920.0,8928.0
Total,2025Sep,6823,2025-09-01,False,False,7154.0,-0.04626782219737213,False,-920.0,8928.0
Total,2025Oct,6886,2025-10-01,False,False,6823.0,0.009233475010992143,False,-920.0,8928.0
Total,2025Nov,6070,2025-11-01,False,False,6886.0,-0.11850130699970951,False,-920.0,8928.0
Total,2025Dec,6583,2025-12-01,False,False,6070.0,0.084514003294893,False,-920.0,8928.0
Total,2026Jan,7408,2026-01-01,False,False,6583.0,0.1253228011544889,False,-920.0,8928.0
Total,2026Feb,5416,2026-02-01,False,False,7408.0,-0.2688984881209503,False,-920.0,8928.0
Total,2026Mar,7385,2026-03-01,False,False,5416.0,0.36355243722304276,False,-920.0,8928.0
Transportation & Storage,1990Jan,119,1990-01-01,False,False,,,False,3.0,367.0
Transportation & Storage,1990Feb,112,1990-02-01,False,False,119.0,-0.05882352941176472,False,3.0,367.0
Transportation & Storage,1990Mar,126,1990-03-01,False,False,112.0,0.125,False,3.0,367.0
Transportation & Storage,1990Apr,104,1990-04-01,False,False,126.0,-0.17460317460317465,False,3.0,367.0
Transportation & Storage,1990May,109,1990-05-01,False,False,104.0,0.04807692307692313,False,3.0,367.0
Transportation & Storage,1990Jun,121,1990-06-01,False,False,109.0,0.11009174311926606,False,3.0,367.0
Transportation & Storage,1990Jul,117,1990-07-01,False,False,121.0,-0.03305785123966942,False,3.0,367.0
Transportation & Storage,1990Aug,147,1990-08-01,False,False,117.0,0.2564102564102564,False,3.0,367.0
Transportation & Storage,1990Sep,89,1990-09-01,False,False,147.0,-0.3945578231292517,False,3.0,367.0
Transportation & Storage,1990Oct,123,1990-10-01,False,False,89.0,0.3820224719101124,False,3.0,367.0
Transportation & Storage,1990Nov,96,1990-11-01,False,False,123.0,-0.2195121951219512,False,3.0,367.0
Transportation & Storage,1990Dec,82,1990-12-01,False,False,96.0,-0.14583333333333337,False,3.0,367.0
Transportation & Storage,1991Jan,105,1991-01-01,False,False,82.0,0.2804878048780488,False,3.0,367.0
Transportation & Storage,1991Feb,92,1991-02-01,False,False,105.0,-0.12380952380952381,False,3.0,367.0
Transportation & Storage,1991Mar,149,1991-03-01,False,False,92.0,0.6195652173913044,False,3.0,367.0
Transportation & Storage,1991Apr,142,1991-04-01,False,False,149.0,-0.046979865771812124,False,3.0,367.0
Transportation & Storage,1991May,125,1991-05-01,False,False,142.0,-0.11971830985915488,False,3.0,367.0
Transportation & Storage,1991Jun,145,1991-06-01,False,False,125.0,0.15999999999999992,False,3.0,367.0
Transportation & Storage,1991Jul,126,1991-07-01,False,False,145.0,-0.13103448275862073,False,3.0,367.0
Transportation & Storage,1991Aug,126,1991-08-01,False,False,126.0,0.0,False,3.0,367.0
Transportation & Storage,1991Sep,95,1991-09-01,False,False,126.0,-0.24603174603174605,False,3.0,367.0
Transportation & Storage,1991Oct,128,1991-10-01,False,False,95.0,0.34736842105263155,False,3.0,367.0
Transportation & Storage,1991Nov,111,1991-11-01,False,False,128.0,-0.1328125,False,3.0,367.0
Transportation & Storage,1991Dec,95,1991-12-01,False,False,111.0,-0.14414414414414412,False,3.0,367.0
Transportation & Storage,1992Jan,123,1992-01-01,False,False,95.0,0.2947368421052632,False,3.0,367.0
Transportation & Storage,1992Feb,126,1992-02-01,False,False,123.0,0.024390243902439046,False,3.0,367.0
Transportation & Storage,1992Mar,152,1992-03-01,False,False,126.0,0.20634920634920628,False,3.0,367.0
Transportation & Storage,1992Apr,131,1992-04-01,False,False,152.0,-0.13815789473684215,False,3.0,367.0
Transportation & Storage,1992May,114,1992-05-01,False,False,131.0,-0.1297709923664122,False,3.0,367.0
Transportation & Storage,1992Jun,137,1992-06-01,False,False,114.0,0.20175438596491224,False,3.0,367.0
Transportation & Storage,1992Jul,134,1992-07-01,False,False,137.0,-0.021897810218978075,False,3.0,367.0
Transportation & Storage,1992Aug,112,1992-08-01,False,False,134.0,-0.16417910447761197,False,3.0,367.0
Transportation & Storage,1992Sep,115,1992-09-01,False,False,112.0,0.02678571428571419,False,3.0,367.0
Transportation & Storage,1992Oct,119,1992-10-01,False,False,115.0,0.034782608695652195,False,3.0,367.0
Transportation & Storage,1992Nov,117,1992-11-01,False,False,119.0,-0.01680672268907568,False,3.0,367.0
Transportation & Storage,1992Dec,127,1992-12-01,False,False,117.0,0.08547008547008539,False,3.0,367.0
Transportation & Storage,1993Jan,124,1993-01-01,False,False,127.0,-0.023622047244094446,False,3.0,367.0
Transportation & Storage,1993Feb,147,1993-02-01,False,False,124.0,0.185483870967742,False,3.0,367.0
Transportation & Storage,1993Mar,168,1993-03-01,False,False,147.0,0.1428571428571428,False,3.0,367.0
Transportation & Storage,1993Apr,167,1993-04-01,False,False,168.0,-0.005952380952380931,False,3.0,367.0
Transportation & Storage,1993May,127,1993-05-01,False,False,167.0,-0.23952095808383234,False,3.0,367.0
Transportation & Storage,1993Jun,133,1993-06-01,False,False,127.0,0.04724409448818889,False,3.0,367.0
Transportation & Storage,1993Jul,125,1993-07-01,False,False,133.0,-0.06015037593984962,False,3.0,367.0
Transportation & Storage,1993Aug,126,1993-08-01,False,False,125.0,0.008000000000000007,False,3.0,367.0
Transportation & Storage,1993Sep,155,1993-09-01,False,False,126.0,0.23015873015873023,False,3.0,367.0
Transportation & Storage,1993Oct,124,1993-10-01,False,False,155.0,-0.19999999999999996,False,3.0,367.0
Transportation & Storage,1993Nov,132,1993-11-01,False,False,124.0,0.06451612903225801,False,3.0,367.0
Transportation & Storage,1993Dec,120,1993-12-01,False,False,132.0,-0.09090909090909094,False,3.0,367.0
Transportation & Storage,1994Jan,154,1994-01-01,False,False,120.0,0.28333333333333344,False,3.0,367.0
Transportation & Storage,1994Feb,119,1994-02-01,False,False,154.0,-0.2272727272727273,False,3.0,367.0
Transportation & Storage,1994Mar,155,1994-03-01,False,False,119.0,0.3025210084033614,False,3.0,367.0
Transportation & Storage,1994Apr,162,1994-04-01,False,False,155.0,0.04516129032258065,False,3.0,367.0
Transportation & Storage,1994May,151,1994-05-01,False,False,162.0,-0.0679012345679012,False,3.0,367.0
Transportation & Storage,1994Jun,150,1994-06-01,False,False,151.0,-0.0066225165562914245,False,3.0,367.0
Transportation & Storage,1994Jul,145,1994-07-01,False,False,150.0,-0.033333333333333326,False,3.0,367.0
Transportation & Storage,1994Aug,139,1994-08-01,False,False,145.0,-0.04137931034482756,False,3.0,367.0
Transportation & Storage,1994Sep,155,1994-09-01,False,False,139.0,0.1151079136690647,False,3.0,367.0
Transportation & Storage,1994Oct,129,1994-10-01,False,False,155.0,-0.16774193548387095,False,3.0,367.0
Transportation & Storage,1994Nov,145,1994-11-01,False,False,129.0,0.12403100775193798,False,3.0,367.0
Transportation & Storage,1994Dec,126,1994-12-01,False,False,145.0,-0.13103448275862073,False,3.0,367.0
Transportation & Storage,1995Jan,135,1995-01-01,False,False,126.0,0.0714285714285714,False,3.0,367.0
Transportation & Storage,1995Feb,141,1995-02-01,False,False,135.0,0.04444444444444451,False,3.0,367.0
Transportation & Storage,1995Mar,178,1995-03-01,False,False,141.0,0.26241134751773054,False,3.0,367.0
Transportation & Storage,1995Apr,152,1995-04-01,False,False,178.0,-0.1460674157303371,False,3.0,367.0
Transportation & Storage,1995May,127,1995-05-01,False,False,152.0,-0.16447368421052633,False,3.0,367.0
Transportation & Storage,1995Jun,148,1995-06-01,False,False,127.0,0.16535433070866135,False,3.0,367.0
Transportation & Storage,1995Jul,149,1995-07-01,False,False,148.0,0.006756756756756799,False,3.0,367.0
Transportation & Storage,1995Aug,138,1995-08-01,False,False,149.0,-0.0738255033557047,False,3.0,367.0
Transportation & Storage,1995Sep,143,1995-09-01,False,False,138.0,0.03623188405797095,False,3.0,367.0
Transportation & Storage,1995Oct,130,1995-10-01,False,False,143.0,-0.09090909090909094,False,3.0,367.0
Transportation & Storage,1995Nov,142,1995-11-01,False,False,130.0,0.0923076923076922,False,3.0,367.0
Transportation & Storage,1995Dec,113,1995-12-01,False,False,142.0,-0.204225352112676,False,3.0,367.0
Transportation & Storage,1996Jan,157,1996-01-01,False,False,113.0,0.38938053097345127,False,3.0,367.0
Transportation & Storage,1996Feb,115,1996-02-01,False,False,157.0,-0.26751592356687903,False,3.0,367.0
Transportation & Storage,1996Mar,157,1996-03-01,False,False,115.0,0.3652173913043477,False,3.0,367.0
Transportation & Storage,1996Apr,171,1996-04-01,False,False,157.0,0.08917197452229297,False,3.0,367.0
Transportation & Storage,1996May,135,1996-05-01,False,False,171.0,-0.21052631578947367,False,3.0,367.0
Transportation & Storage,1996Jun,139,1996-06-01,False,False,135.0,0.029629629629629672,False,3.0,367.0
Transportation & Storage,1996Jul,135,1996-07-01,False,False,139.0,-0.02877697841726623,False,3.0,367.0
Transportation & Storage,1996Aug,154,1996-08-01,False,False,135.0,0.14074074074074083,False,3.0,367.0
Transportation & Storage,1996Sep,133,1996-09-01,False,False,154.0,-0.13636363636363635,False,3.0,367.0
Transportation & Storage,1996Oct,169,1996-10-01,False,False,133.0,0.2706766917293233,False,3.0,367.0
Transportation & Storage,1996Nov,116,1996-11-01,False,False,169.0,-0.31360946745562135,False,3.0,367.0
Transportation & Storage,1996Dec,131,1996-12-01,False,False,116.0,0.1293103448275863,False,3.0,367.0
Transportation & Storage,1997Jan,139,1997-01-01,False,False,131.0,0.06106870229007644,False,3.0,367.0
Transportation & Storage,1997Feb,117,1997-02-01,False,False,139.0,-0.15827338129496404,False,3.0,367.0
Transportation & Storage,1997Mar,163,1997-03-01,False,False,117.0,0.3931623931623931,False,3.0,367.0
Transportation & Storage,1997Apr,169,1997-04-01,False,False,163.0,0.036809815950920255,False,3.0,367.0
Transportation & Storage,1997May,138,1997-05-01,False,False,169.0,-0.18343195266272194,False,3.0,367.0
Transportation & Storage,1997Jun,141,1997-06-01,False,False,138.0,0.021739130434782705,False,3.0,367.0
Transportation & Storage,1997Jul,154,1997-07-01,False,False,141.0,0.09219858156028371,False,3.0,367.0
Transportation & Storage,1997Aug,143,1997-08-01,False,False,154.0,-0.0714285714285714,False,3.0,367.0
Transportation & Storage,1997Sep,155,1997-09-01,False,False,143.0,0.08391608391608396,False,3.0,367.0
Transportation & Storage,1997Oct,106,1997-10-01,False,False,155.0,-0.31612903225806455,False,3.0,367.0
Transportation & Storage,1997Nov,112,1997-11-01,False,False,106.0,0.05660377358490565,False,3.0,367.0
Transportation & Storage,1997Dec,107,1997-12-01,False,False,112.0,-0.044642857142857095,False,3.0,367.0
Transportation & Storage,1998Jan,114,1998-01-01,False,False,107.0,0.06542056074766345,False,3.0,367.0
Transportation & Storage,1998Feb,121,1998-02-01,False,False,114.0,0.06140350877192979,False,3.0,367.0
Transportation & Storage,1998Mar,152,1998-03-01,False,False,121.0,0.25619834710743805,False,3.0,367.0
Transportation & Storage,1998Apr,122,1998-04-01,False,False,152.0,-0.19736842105263153,False,3.0,367.0
Transportation & Storage,1998May,112,1998-05-01,False,False,122.0,-0.08196721311475408,False,3.0,367.0
Transportation & Storage,1998Jun,118,1998-06-01,False,False,112.0,0.0535714285714286,False,3.0,367.0
Transportation & Storage,1998Jul,107,1998-07-01,False,False,118.0,-0.09322033898305082,False,3.0,367.0
Transportation & Storage,1998Aug,120,1998-08-01,False,False,107.0,0.12149532710280364,False,3.0,367.0
Transportation & Storage,1998Sep,131,1998-09-01,False,False,120.0,0.09166666666666656,False,3.0,367.0
Transportation & Storage,1998Oct,115,1998-10-01,False,False,131.0,-0.12213740458015265,False,3.0,367.0
Transportation & Storage,1998Nov,116,1998-11-01,False,False,115.0,0.008695652173912993,False,3.0,367.0
Transportation & Storage,1998Dec,117,1998-12-01,False,False,116.0,0.008620689655172376,False,3.0,367.0
Transportation & Storage,1999Jan,111,1999-01-01,False,False,117.0,-0.05128205128205132,False,3.0,367.0
Transportation & Storage,1999Feb,120,1999-02-01,False,False,111.0,0.08108108108108114,False,3.0,367.0
Transportation & Storage,1999Mar,143,1999-03-01,False,False,120.0,0.19166666666666665,False,3.0,367.0
Transportation & Storage,1999Apr,156,1999-04-01,False,False,143.0,0.09090909090909083,False,3.0,367.0
Transportation & Storage,1999May,167,1999-05-01,False,False,156.0,0.07051282051282048,False,3.0,367.0
Transportation & Storage,1999Jun,136,1999-06-01,False,False,167.0,-0.18562874251497008,False,3.0,367.0
Transportation & Storage,1999Jul,152,1999-07-01,False,False,136.0,0.11764705882352944,False,3.0,367.0
Transportation & Storage,1999Aug,127,1999-08-01,False,False,152.0,-0.16447368421052633,False,3.0,367.0
Transportation & Storage,1999Sep,157,1999-09-01,False,False,127.0,0.2362204724409449,False,3.0,367.0
Transportation & Storage,1999Oct,159,1999-10-01,False,False,157.0,0.01273885350318471,False,3.0,367.0
Transportation & Storage,1999Nov,125,1999-11-01,False,False,159.0,-0.21383647798742134,False,3.0,367.0
Transportation & Storage,1999Dec,144,1999-12-01,False,False,125.0,0.1519999999999999,False,3.0,367.0
Transportation & Storage,2000Jan,134,2000-01-01,False,False,144.0,-0.06944444444444442,False,3.0,367.0
Transportation & Storage,2000Feb,123,2000-02-01,False,False,134.0,-0.08208955223880599,False,3.0,367.0
Transportation & Storage,2000Mar,177,2000-03-01,False,False,123.0,0.4390243902439024,False,3.0,367.0
Transportation & Storage,2000Apr,147,2000-04-01,False,False,177.0,-0.1694915254237288,False,3.0,367.0
Transportation & Storage,2000May,127,2000-05-01,False,False,147.0,-0.13605442176870752,False,3.0,367.0
Transportation & Storage,2000Jun,142,2000-06-01,False,False,127.0,0.11811023622047245,False,3.0,367.0
Transportation & Storage,2000Jul,141,2000-07-01,False,False,142.0,-0.007042253521126751,False,3.0,367.0
Transportation & Storage,2000Aug,132,2000-08-01,False,False,141.0,-0.06382978723404253,False,3.0,367.0
Transportation & Storage,2000Sep,125,2000-09-01,False,False,132.0,-0.05303030303030298,False,3.0,367.0
Transportation & Storage,2000Oct,135,2000-10-01,False,False,125.0,0.08000000000000007,False,3.0,367.0
Transportation & Storage,2000Nov,127,2000-11-01,False,False,135.0,-0.059259259259259234,False,3.0,367.0
Transportation & Storage,2000Dec,121,2000-12-01,False,False,127.0,-0.047244094488189003,False,3.0,367.0
Transportation & Storage,2001Jan,134,2001-01-01,False,False,121.0,0.1074380165289257,False,3.0,367.0
Transportation & Storage,2001Feb,136,2001-02-01,False,False,134.0,0.014925373134328401,False,3.0,367.0
Transportation & Storage,2001Mar,162,2001-03-01,False,False,136.0,0.19117647058823528,False,3.0,367.0
Transportation & Storage,2001Apr,135,2001-04-01,False,False,162.0,-0.16666666666666663,False,3.0,367.0
Transportation & Storage,2001May,146,2001-05-01,False,False,135.0,0.08148148148148149,False,3.0,367.0
Transportation & Storage,2001Jun,132,2001-06-01,False,False,146.0,-0.09589041095890416,False,3.0,367.0
Transportation & Storage,2001Jul,140,2001-07-01,False,False,132.0,0.06060606060606055,False,3.0,367.0
Transportation & Storage,2001Aug,121,2001-08-01,False,False,140.0,-0.13571428571428568,False,3.0,367.0
Transportation & Storage,2001Sep,113,2001-09-01,False,False,121.0,-0.06611570247933884,False,3.0,367.0
Transportation & Storage,2001Oct,148,2001-10-01,False,False,113.0,0.3097345132743363,False,3.0,367.0
Transportation & Storage,2001Nov,127,2001-11-01,False,False,148.0,-0.14189189189189189,False,3.0,367.0
Transportation & Storage,2001Dec,108,2001-12-01,False,False,127.0,-0.14960629921259838,False,3.0,367.0
Transportation & Storage,2002Jan,140,2002-01-01,False,False,108.0,0.2962962962962963,False,3.0,367.0
Transportation & Storage,2002Feb,91,2002-02-01,False,False,140.0,-0.35,False,3.0,367.0
Transportation & Storage,2002Mar,119,2002-03-01,False,False,91.0,0.3076923076923077,False,3.0,367.0
Transportation & Storage,2002Apr,159,2002-04-01,False,False,119.0,0.3361344537815125,False,3.0,367.0
Transportation & Storage,2002May,132,2002-05-01,False,False,159.0,-0.16981132075471694,False,3.0,367.0
Transportation & Storage,2002Jun,126,2002-06-01,False,False,132.0,-0.045454545454545414,False,3.0,367.0
Transportation & Storage,2002Jul,168,2002-07-01,False,False,126.0,0.33333333333333326,False,3.0,367.0
Transportation & Storage,2002Aug,149,2002-08-01,False,False,168.0,-0.11309523809523814,False,3.0,367.0
Transportation & Storage,2002Sep,141,2002-09-01,False,False,149.0,-0.05369127516778527,False,3.0,367.0
Transportation & Storage,2002Oct,164,2002-10-01,False,False,141.0,0.16312056737588643,False,3.0,367.0
Transportation & Storage,2002Nov,126,2002-11-01,False,False,164.0,-0.23170731707317072,False,3.0,367.0
Transportation & Storage,2002Dec,114,2002-12-01,False,False,126.0,-0.09523809523809523,False,3.0,367.0
Transportation & Storage,2003Jan,139,2003-01-01,False,False,114.0,0.2192982456140351,False,3.0,367.0
Transportation & Storage,2003Feb,113,2003-02-01,False,False,139.0,-0.18705035971223016,False,3.0,367.0
Transportation & Storage,2003Mar,161,2003-03-01,False,False,113.0,0.4247787610619469,False,3.0,367.0
Transportation & Storage,2003Apr,147,2003-04-01,False,False,161.0,-0.08695652173913049,False,3.0,367.0
Transportation & Storage,2003May,141,2003-05-01,False,False,147.0,-0.04081632653061229,False,3.0,367.0
Transportation & Storage,2003Jun,132,2003-06-01,False,False,141.0,-0.06382978723404253,False,3.0,367.0
Transportation & Storage,2003Jul,173,2003-07-01,False,False,132.0,0.31060606060606055,False,3.0,367.0
Transportation & Storage,2003Aug,151,2003-08-01,False,False,173.0,-0.12716763005780352,False,3.0,367.0
Transportation & Storage,2003Sep,159,2003-09-01,False,False,151.0,0.052980132450331174,False,3.0,367.0
Transportation & Storage,2003Oct,140,2003-10-01,False,False,159.0,-0.11949685534591192,False,3.0,367.0
Transportation & Storage,2003Nov,143,2003-11-01,False,False,140.0,0.021428571428571352,False,3.0,367.0
Transportation & Storage,2003Dec,133,2003-12-01,False,False,143.0,-0.0699300699300699,False,3.0,367.0
Transportation & Storage,2004Jan,149,2004-01-01,False,False,133.0,0.12030075187969924,False,3.0,367.0
Transportation & Storage,2004Feb,162,2004-02-01,False,False,149.0,0.08724832214765099,False,3.0,367.0
Transportation & Storage,2004Mar,204,2004-03-01,False,False,162.0,0.2592592592592593,False,3.0,367.0
Transportation & Storage,2004Apr,167,2004-04-01,False,False,204.0,-0.18137254901960786,False,3.0,367.0
Transportation & Storage,2004May,159,2004-05-01,False,False,167.0,-0.04790419161676651,False,3.0,367.0
Transportation & Storage,2004Jun,142,2004-06-01,False,False,159.0,-0.10691823899371067,False,3.0,367.0
Transportation & Storage,2004Jul,156,2004-07-01,False,False,142.0,0.09859154929577474,False,3.0,367.0
Transportation & Storage,2004Aug,153,2004-08-01,False,False,156.0,-0.019230769230769273,False,3.0,367.0
Transportation & Storage,2004Sep,173,2004-09-01,False,False,153.0,0.130718954248366,False,3.0,367.0
Transportation & Storage,2004Oct,130,2004-10-01,False,False,173.0,-0.24855491329479773,False,3.0,367.0
Transportation & Storage,2004Nov,145,2004-11-01,False,False,130.0,0.11538461538461542,False,3.0,367.0
Transportation & Storage,2004Dec,144,2004-12-01,False,False,145.0,-0.006896551724137945,False,3.0,367.0
Transportation & Storage,2005Jan,151,2005-01-01,False,False,144.0,0.04861111111111116,False,3.0,367.0
Transportation & Storage,2005Feb,145,2005-02-01,False,False,151.0,-0.039735099337748325,False,3.0,367.0
Transportation & Storage,2005Mar,172,2005-03-01,False,False,145.0,0.18620689655172407,False,3.0,367.0
Transportation & Storage,2005Apr,180,2005-04-01,False,False,172.0,0.04651162790697683,False,3.0,367.0
Transportation & Storage,2005May,155,2005-05-01,False,False,180.0,-0.13888888888888884,False,3.0,367.0
Transportation & Storage,2005Jun,185,2005-06-01,False,False,155.0,0.19354838709677424,False,3.0,367.0
Transportation & Storage,2005Jul,148,2005-07-01,False,False,185.0,-0.19999999999999996,False,3.0,367.0
Transportation & Storage,2005Aug,174,2005-08-01,False,False,148.0,0.17567567567567566,False,3.0,367.0
Transportation & Storage,2005Sep,162,2005-09-01,False,False,174.0,-0.06896551724137934,False,3.0,367.0
Transportation & Storage,2005Oct,147,2005-10-01,False,False,162.0,-0.09259259259259256,False,3.0,367.0
Transportation & Storage,2005Nov,140,2005-11-01,False,False,147.0,-0.04761904761904767,False,3.0,367.0
Transportation & Storage,2005Dec,143,2005-12-01,False,False,140.0,0.021428571428571352,False,3.0,367.0
Transportation & Storage,2006Jan,124,2006-01-01,False,False,143.0,-0.13286713286713292,False,3.0,367.0
Transportation & Storage,2006Feb,162,2006-02-01,False,False,124.0,0.30645161290322576,False,3.0,367.0
Transportation & Storage,2006Mar,207,2006-03-01,False,False,162.0,0.2777777777777777,False,3.0,367.0
Transportation & Storage,2006Apr,155,2006-04-01,False,False,207.0,-0.25120772946859904,False,3.0,367.0
Transportation & Storage,2006May,157,2006-05-01,False,False,155.0,0.012903225806451646,False,3.0,367.0
Transportation & Storage,2006Jun,179,2006-06-01,False,False,157.0,0.14012738853503182,False,3.0,367.0
Transportation & Storage,2006Jul,139,2006-07-01,False,False,179.0,-0.22346368715083798,False,3.0,367.0
Transportation & Storage,2006Aug,167,2006-08-01,False,False,139.0,0.2014388489208634,False,3.0,367.0
Transportation & Storage,2006Sep,134,2006-09-01,False,False,167.0,-0.19760479041916168,False,3.0,367.0
Transportation & Storage,2006Oct,154,2006-10-01,False,False,134.0,0.14925373134328357,False,3.0,367.0
Transportation & Storage,2006Nov,176,2006-11-01,False,False,154.0,0.1428571428571428,False,3.0,367.0
Transportation & Storage,2006Dec,152,2006-12-01,False,False,176.0,-0.13636363636363635,False,3.0,367.0
Transportation & Storage,2007Jan,175,2007-01-01,False,False,152.0,0.1513157894736843,False,3.0,367.0
Transportation & Storage,2007Feb,170,2007-02-01,False,False,175.0,-0.02857142857142858,False,3.0,367.0
Transportation & Storage,2007Mar,228,2007-03-01,False,False,170.0,0.3411764705882352,False,3.0,367.0
Transportation & Storage,2007Apr,189,2007-04-01,False,False,228.0,-0.17105263157894735,False,3.0,367.0
Transportation & Storage,2007May,209,2007-05-01,False,False,189.0,0.10582010582010581,False,3.0,367.0
Transportation & Storage,2007Jun,200,2007-06-01,False,False,209.0,-0.0430622009569378,False,3.0,367.0
Transportation & Storage,2007Jul,209,2007-07-01,False,False,200.0,0.04499999999999993,False,3.0,367.0
Transportation & Storage,2007Aug,189,2007-08-01,False,False,209.0,-0.09569377990430628,False,3.0,367.0
Transportation & Storage,2007Sep,194,2007-09-01,False,False,189.0,0.02645502645502651,False,3.0,367.0
Transportation & Storage,2007Oct,183,2007-10-01,False,False,194.0,-0.05670103092783507,False,3.0,367.0
Transportation & Storage,2007Nov,215,2007-11-01,False,False,183.0,0.17486338797814205,False,3.0,367.0
Transportation & Storage,2007Dec,153,2007-12-01,False,False,215.0,-0.28837209302325584,False,3.0,367.0
Transportation & Storage,2008Jan,206,2008-01-01,False,False,153.0,0.34640522875817004,False,3.0,367.0
Transportation & Storage,2008Feb,173,2008-02-01,False,False,206.0,-0.1601941747572816,False,3.0,367.0
Transportation & Storage,2008Mar,203,2008-03-01,False,False,173.0,0.17341040462427748,False,3.0,367.0
Transportation & Storage,2008Apr,237,2008-04-01,False,False,203.0,0.16748768472906406,False,3.0,367.0
Transportation & Storage,2008May,229,2008-05-01,False,False,237.0,-0.03375527426160341,False,3.0,367.0
Transportation & Storage,2008Jun,199,2008-06-01,False,False,229.0,-0.13100436681222705,False,3.0,367.0
Transportation & Storage,2008Jul,239,2008-07-01,False,False,199.0,0.20100502512562812,False,3.0,367.0
Transportation & Storage,2008Aug,196,2008-08-01,False,False,239.0,-0.17991631799163177,False,3.0,367.0
Transportation & Storage,2008Sep,193,2008-09-01,False,False,196.0,-0.015306122448979553,False,3.0,367.0
Transportation & Storage,2008Oct,166,2008-10-01,False,False,193.0,-0.13989637305699487,False,3.0,367.0
Transportation & Storage,2008Nov,136,2008-11-01,False,False,166.0,-0.1807228915662651,False,3.0,367.0
Transportation & Storage,2008Dec,116,2008-12-01,False,False,136.0,-0.1470588235294118,False,3.0,367.0
Transportation & Storage,2009Jan,177,2009-01-01,False,False,116.0,0.5258620689655173,False,3.0,367.0
Transportation & Storage,2009Feb,177,2009-02-01,False,False,177.0,0.0,False,3.0,367.0
Transportation & Storage,2009Mar,200,2009-03-01,False,False,177.0,0.12994350282485878,False,3.0,367.0
Transportation & Storage,2009Apr,179,2009-04-01,False,False,200.0,-0.10499999999999998,False,3.0,367.0
Transportation & Storage,2009May,202,2009-05-01,False,False,179.0,0.12849162011173187,False,3.0,367.0
Transportation & Storage,2009Jun,191,2009-06-01,False,False,202.0,-0.054455445544554504,False,3.0,367.0
Transportation & Storage,2009Jul,210,2009-07-01,False,False,191.0,0.09947643979057585,False,3.0,367.0
Transportation & Storage,2009Aug,190,2009-08-01,False,False,210.0,-0.09523809523809523,False,3.0,367.0
Transportation & Storage,2009Sep,175,2009-09-01,False,False,190.0,-0.07894736842105265,False,3.0,367.0
Transportation & Storage,2009Oct,172,2009-10-01,False,False,175.0,-0.017142857142857126,False,3.0,367.0
Transportation & Storage,2009Nov,168,2009-11-01,False,False,172.0,-0.023255813953488413,False,3.0,367.0
Transportation & Storage,2009Dec,141,2009-12-01,False,False,168.0,-0.1607142857142857,False,3.0,367.0
Transportation & Storage,2010Jan,168,2010-01-01,False,False,141.0,0.1914893617021276,False,3.0,367.0
Transportation & Storage,2010Feb,160,2010-02-01,False,False,168.0,-0.04761904761904767,False,3.0,367.0
Transportation & Storage,2010Mar,204,2010-03-01,False,False,160.0,0.2749999999999999,False,3.0,367.0
Transportation & Storage,2010Apr,167,2010-04-01,False,False,204.0,-0.18137254901960786,False,3.0,367.0
Transportation & Storage,2010May,167,2010-05-01,False,False,167.0,0.0,False,3.0,367.0
Transportation & Storage,2010Jun,182,2010-06-01,False,False,167.0,0.08982035928143706,False,3.0,367.0
Transportation & Storage,2010Jul,187,2010-07-01,False,False,182.0,0.027472527472527375,False,3.0,367.0
Transportation & Storage,2010Aug,160,2010-08-01,False,False,187.0,-0.14438502673796794,False,3.0,367.0
Transportation & Storage,2010Sep,208,2010-09-01,False,False,160.0,0.30000000000000004,False,3.0,367.0
Transportation & Storage,2010Oct,165,2010-10-01,False,False,208.0,-0.20673076923076927,False,3.0,367.0
Transportation & Storage,2010Nov,162,2010-11-01,False,False,165.0,-0.018181818181818188,False,3.0,367.0
Transportation & Storage,2010Dec,179,2010-12-01,False,False,162.0,0.1049382716049383,False,3.0,367.0
Transportation & Storage,2011Jan,212,2011-01-01,False,False,179.0,0.18435754189944142,False,3.0,367.0
Transportation & Storage,2011Feb,152,2011-02-01,False,False,212.0,-0.28301886792452835,False,3.0,367.0
Transportation & Storage,2011Mar,236,2011-03-01,False,False,152.0,0.5526315789473684,False,3.0,367.0
Transportation & Storage,2011Apr,199,2011-04-01,False,False,236.0,-0.15677966101694918,False,3.0,367.0
Transportation & Storage,2011May,201,2011-05-01,False,False,199.0,0.01005025125628145,False,3.0,367.0
Transportation & Storage,2011Jun,175,2011-06-01,False,False,201.0,-0.12935323383084574,False,3.0,367.0
Transportation & Storage,2011Jul,203,2011-07-01,False,False,175.0,0.15999999999999992,False,3.0,367.0
Transportation & Storage,2011Aug,190,2011-08-01,False,False,203.0,-0.0640394088669951,False,3.0,367.0
Transportation & Storage,2011Sep,160,2011-09-01,False,False,190.0,-0.1578947368421053,False,3.0,367.0
Transportation & Storage,2011Oct,175,2011-10-01,False,False,160.0,0.09375,False,3.0,367.0
Transportation & Storage,2011Nov,191,2011-11-01,False,False,175.0,0.09142857142857141,False,3.0,367.0
Transportation & Storage,2011Dec,173,2011-12-01,False,False,191.0,-0.09424083769633507,False,3.0,367.0
Transportation & Storage,2012Jan,171,2012-01-01,False,False,173.0,-0.011560693641618491,False,3.0,367.0
Transportation & Storage,2012Feb,213,2012-02-01,False,False,171.0,0.2456140350877194,False,3.0,367.0
Transportation & Storage,2012Mar,199,2012-03-01,False,False,213.0,-0.06572769953051638,False,3.0,367.0
Transportation & Storage,2012Apr,226,2012-04-01,False,False,199.0,0.13567839195979903,False,3.0,367.0
Transportation & Storage,2012May,218,2012-05-01,False,False,226.0,-0.03539823008849563,False,3.0,367.0
Transportation & Storage,2012Jun,190,2012-06-01,False,False,218.0,-0.12844036697247707,False,3.0,367.0
Transportation & Storage,2012Jul,194,2012-07-01,False,False,190.0,0.021052631578947434,False,3.0,367.0
Transportation & Storage,2012Aug,172,2012-08-01,False,False,194.0,-0.11340206185567014,False,3.0,367.0
Transportation & Storage,2012Sep,162,2012-09-01,False,False,172.0,-0.05813953488372092,False,3.0,367.0
Transportation & Storage,2012Oct,181,2012-10-01,False,False,162.0,0.11728395061728403,False,3.0,367.0
Transportation & Storage,2012Nov,177,2012-11-01,False,False,181.0,-0.02209944751381221,False,3.0,367.0
Transportation & Storage,2012Dec,177,2012-12-01,False,False,177.0,0.0,False,3.0,367.0
Transportation & Storage,2013Jan,215,2013-01-01,False,False,177.0,0.21468926553672318,False,3.0,367.0
Transportation & Storage,2013Feb,191,2013-02-01,False,False,215.0,-0.11162790697674418,False,3.0,367.0
Transportation & Storage,2013Mar,204,2013-03-01,False,False,191.0,0.0680628272251309,False,3.0,367.0
Transportation & Storage,2013Apr,259,2013-04-01,False,False,204.0,0.26960784313725483,False,3.0,367.0
Transportation & Storage,2013May,219,2013-05-01,False,False,259.0,-0.15444015444015446,False,3.0,367.0
Transportation & Storage,2013Jun,196,2013-06-01,False,False,219.0,-0.10502283105022836,False,3.0,367.0
Transportation & Storage,2013Jul,229,2013-07-01,False,False,196.0,0.16836734693877542,False,3.0,367.0
Transportation & Storage,2013Aug,183,2013-08-01,False,False,229.0,-0.20087336244541487,False,3.0,367.0
Transportation & Storage,2013Sep,175,2013-09-01,False,False,183.0,-0.04371584699453557,False,3.0,367.0
Transportation & Storage,2013Oct,210,2013-10-01,False,False,175.0,0.19999999999999996,False,3.0,367.0
Transportation & Storage,2013Nov,208,2013-11-01,False,False,210.0,-0.00952380952380949,False,3.0,367.0
Transportation & Storage,2013Dec,197,2013-12-01,False,False,208.0,-0.05288461538461542,False,3.0,367.0
Transportation & Storage,2014Jan,213,2014-01-01,False,False,197.0,0.08121827411167515,False,3.0,367.0
Transportation & Storage,2014Feb,218,2014-02-01,False,False,213.0,0.023474178403755763,False,3.0,367.0
Transportation & Storage,2014Mar,249,2014-03-01,False,False,218.0,0.14220183486238525,False,3.0,367.0
Transportation & Storage,2014Apr,278,2014-04-01,False,False,249.0,0.11646586345381515,False,3.0,367.0
Transportation & Storage,2014May,229,2014-05-01,False,False,278.0,-0.1762589928057554,False,3.0,367.0
Transportation & Storage,2014Jun,251,2014-06-01,False,False,229.0,0.09606986899563319,False,3.0,367.0
Transportation & Storage,2014Jul,260,2014-07-01,False,False,251.0,0.03585657370517925,False,3.0,367.0
Transportation & Storage,2014Aug,296,2014-08-01,False,False,260.0,0.1384615384615384,False,3.0,367.0
Transportation & Storage,2014Sep,375,2014-09-01,False,False,296.0,0.2668918918918919,True,3.0,367.0
Transportation & Storage,2014Oct,353,2014-10-01,False,False,375.0,-0.058666666666666645,False,3.0,367.0
Transportation & Storage,2014Nov,336,2014-11-01,False,False,353.0,-0.04815864022662886,False,3.0,367.0
Transportation & Storage,2014Dec,323,2014-12-01,False,False,336.0,-0.038690476190476164,False,3.0,367.0
Transportation & Storage,2015Jan,268,2015-01-01,False,False,323.0,-0.1702786377708978,False,3.0,367.0
Transportation & Storage,2015Feb,207,2015-02-01,False,False,268.0,-0.2276119402985075,False,3.0,367.0
Transportation & Storage,2015Mar,310,2015-03-01,False,False,207.0,0.4975845410628019,False,3.0,367.0
Transportation & Storage,2015Apr,370,2015-04-01,False,False,310.0,0.19354838709677424,True,3.0,367.0
Transportation & Storage,2015May,483,2015-05-01,False,False,370.0,0.3054054054054054,True,3.0,367.0
Transportation & Storage,2015Jun,548,2015-06-01,False,False,483.0,0.13457556935817805,True,3.0,367.0
Transportation & Storage,2015Jul,875,2015-07-01,False,False,548.0,0.5967153284671534,True,3.0,367.0
Transportation & Storage,2015Aug,981,2015-08-01,False,False,875.0,0.12114285714285722,True,3.0,367.0
Transportation & Storage,2015Sep,1374,2015-09-01,False,False,981.0,0.4006116207951069,True,3.0,367.0
Transportation & Storage,2015Oct,1234,2015-10-01,False,False,1374.0,-0.10189228529839889,True,3.0,367.0
Transportation & Storage,2015Nov,1081,2015-11-01,False,False,1234.0,-0.12398703403565636,True,3.0,367.0
Transportation & Storage,2015Dec,941,2015-12-01,False,False,1081.0,-0.12950971322849214,True,3.0,367.0
Transportation & Storage,2016Jan,847,2016-01-01,False,False,941.0,-0.09989373007438895,True,3.0,367.0
Transportation & Storage,2016Feb,798,2016-02-01,False,False,847.0,-0.05785123966942152,True,3.0,367.0
Transportation & Storage,2016Mar,1127,2016-03-01,False,False,798.0,0.4122807017543859,True,3.0,367.0
Transportation & Storage,2016Apr,1387,2016-04-01,False,False,1127.0,0.23070097604259088,True,3.0,367.0
Transportation & Storage,2016May,950,2016-05-01,False,False,1387.0,-0.31506849315068497,True,3.0,367.0
Transportation & Storage,2016Jun,906,2016-06-01,False,False,950.0,-0.0463157894736842,True,3.0,367.0
Transportation & Storage,2016Jul,917,2016-07-01,False,False,906.0,0.012141280353200834,True,3.0,367.0
Transportation & Storage,2016Aug,900,2016-08-01,False,False,917.0,-0.018538713195201728,True,3.0,367.0
Transportation & Storage,2016Sep,957,2016-09-01,False,False,900.0,0.06333333333333324,True,3.0,367.0
Transportation & Storage,2016Oct,922,2016-10-01,False,False,957.0,-0.03657262277951934,True,3.0,367.0
Transportation & Storage,2016Nov,823,2016-11-01,False,False,922.0,-0.1073752711496746,True,3.0,367.0
Transportation & Storage,2016Dec,938,2016-12-01,False,False,823.0,0.13973268529769145,True,3.0,367.0
Transportation & Storage,2017Jan,883,2017-01-01,False,False,938.0,-0.05863539445628996,True,3.0,367.0
Transportation & Storage,2017Feb,931,2017-02-01,False,False,883.0,0.054360135900339834,True,3.0,367.0
Transportation & Storage,2017Mar,982,2017-03-01,False,False,931.0,0.05477980665950599,True,3.0,367.0
Transportation & Storage,2017Apr,691,2017-04-01,False,False,982.0,-0.29633401221995925,True,3.0,367.0
Transportation & Storage,2017May,854,2017-05-01,False,False,691.0,0.23589001447177993,True,3.0,367.0
Transportation & Storage,2017Jun,826,2017-06-01,False,False,854.0,-0.032786885245901676,True,3.0,367.0
Transportation & Storage,2017Jul,681,2017-07-01,False,False,826.0,-0.17554479418886193,True,3.0,367.0
Transportation & Storage,2017Aug,547,2017-08-01,False,False,681.0,-0.19676945668135093,True,3.0,367.0
Transportation & Storage,2017Sep,480,2017-09-01,False,False,547.0,-0.12248628884826329,True,3.0,367.0
Transportation & Storage,2017Oct,295,2017-10-01,False,False,480.0,-0.38541666666666663,False,3.0,367.0
Transportation & Storage,2017Nov,308,2017-11-01,False,False,295.0,0.04406779661016946,False,3.0,367.0
Transportation & Storage,2017Dec,261,2017-12-01,False,False,308.0,-0.15259740259740262,False,3.0,367.0
Transportation & Storage,2018Jan,302,2018-01-01,False,False,261.0,0.15708812260536398,False,3.0,367.0
Transportation & Storage,2018Feb,202,2018-02-01,False,False,302.0,-0.33112582781456956,False,3.0,367.0
Transportation & Storage,2018Mar,331,2018-03-01,False,False,202.0,0.6386138613861385,False,3.0,367.0
Transportation & Storage,2018Apr,284,2018-04-01,False,False,331.0,-0.14199395770392753,False,3.0,367.0
Transportation & Storage,2018May,261,2018-05-01,False,False,284.0,-0.08098591549295775,False,3.0,367.0
Transportation & Storage,2018Jun,233,2018-06-01,False,False,261.0,-0.10727969348659006,False,3.0,367.0
Transportation & Storage,2018Jul,254,2018-07-01,False,False,233.0,0.09012875536480691,False,3.0,367.0
Transportation & Storage,2018Aug,227,2018-08-01,False,False,254.0,-0.10629921259842523,False,3.0,367.0
Transportation & Storage,2018Sep,206,2018-09-01,False,False,227.0,-0.09251101321585908,False,3.0,367.0
Transportation & Storage,2018Oct,258,2018-10-01,False,False,206.0,0.2524271844660195,False,3.0,367.0
Transportation & Storage,2018Nov,209,2018-11-01,False,False,258.0,-0.18992248062015504,False,3.0,367.0
Transportation & Storage,2018Dec,247,2018-12-01,False,False,209.0,0.18181818181818188,False,3.0,367.0
Transportation & Storage,2019Jan,271,2019-01-01,False,False,247.0,0.09716599190283404,False,3.0,367.0
Transportation & Storage,2019Feb,191,2019-02-01,False,False,271.0,-0.2952029520295203,False,3.0,367.0
Transportation & Storage,2019Mar,244,2019-03-01,False,False,191.0,0.2774869109947644,False,3.0,367.0
Transportation & Storage,2019Apr,208,2019-04-01,False,False,244.0,-0.14754098360655743,False,3.0,367.0
Transportation & Storage,2019May,260,2019-05-01,False,False,208.0,0.25,False,3.0,367.0
Transportation & Storage,2019Jun,201,2019-06-01,False,False,260.0,-0.2269230769230769,False,3.0,367.0
Transportation & Storage,2019Jul,295,2019-07-01,False,False,201.0,0.46766169154228865,False,3.0,367.0
Transportation & Storage,2019Aug,260,2019-08-01,False,False,295.0,-0.11864406779661019,False,3.0,367.0
Transportation & Storage,2019Sep,302,2019-09-01,False,False,260.0,0.16153846153846163,False,3.0,367.0
Transportation & Storage,2019Oct,237,2019-10-01,False,False,302.0,-0.2152317880794702,False,3.0,367.0
Transportation & Storage,2019Nov,252,2019-11-01,False,False,237.0,0.06329113924050622,False,3.0,367.0
Transportation & Storage,2019Dec,249,2019-12-01,False,False,252.0,-0.011904761904761862,False,3.0,367.0
Transportation & Storage,2020Jan,240,2020-01-01,False,False,249.0,-0.03614457831325302,False,3.0,367.0
Transportation & Storage,2020Feb,215,2020-02-01,False,False,240.0,-0.10416666666666663,False,3.0,367.0
Transportation & Storage,2020Mar,212,2020-03-01,False,False,215.0,-0.013953488372092981,False,3.0,367.0
Transportation & Storage,2020Apr,232,2020-04-01,False,False,212.0,0.09433962264150941,False,3.0,367.0
Transportation & Storage,2020May,169,2020-05-01,False,False,232.0,-0.27155172413793105,False,3.0,367.0
Transportation & Storage,2020Jun,268,2020-06-01,False,False,169.0,0.5857988165680474,False,3.0,367.0
Transportation & Storage,2020Jul,286,2020-07-01,False,False,268.0,0.0671641791044777,False,3.0,367.0
Transportation & Storage,2020Aug,318,2020-08-01,False,False,286.0,0.11188811188811187,False,3.0,367.0
Transportation & Storage,2020Sep,270,2020-09-01,False,False,318.0,-0.15094339622641506,False,3.0,367.0
Transportation & Storage,2020Oct,280,2020-10-01,False,False,270.0,0.03703703703703698,False,3.0,367.0
Transportation & Storage,2020Nov,221,2020-11-01,False,False,280.0,-0.21071428571428574,False,3.0,367.0
Transportation & Storage,2020Dec,213,2020-12-01,False,False,221.0,-0.03619909502262442,False,3.0,367.0
Transportation & Storage,2021Jan,261,2021-01-01,False,False,213.0,0.22535211267605626,False,3.0,367.0
Transportation & Storage,2021Feb,204,2021-02-01,False,False,261.0,-0.2183908045977011,False,3.0,367.0
Transportation & Storage,2021Mar,262,2021-03-01,False,False,204.0,0.2843137254901962,False,3.0,367.0
Transportation & Storage,2021Apr,266,2021-04-01,False,False,262.0,0.01526717557251911,False,3.0,367.0
Transportation & Storage,2021May,230,2021-05-01,False,False,266.0,-0.13533834586466165,False,3.0,367.0
Transportation & Storage,2021Jun,262,2021-06-01,False,False,230.0,0.13913043478260878,False,3.0,367.0
Transportation & Storage,2021Jul,247,2021-07-01,False,False,262.0,-0.057251908396946605,False,3.0,367.0
Transportation & Storage,2021Aug,255,2021-08-01,False,False,247.0,0.03238866396761142,False,3.0,367.0
Transportation & Storage,2021Sep,220,2021-09-01,False,False,255.0,-0.13725490196078427,False,3.0,367.0
Transportation & Storage,2021Oct,232,2021-10-01,False,False,220.0,0.05454545454545445,False,3.0,367.0
Transportation & Storage,2021Nov,218,2021-11-01,False,False,232.0,-0.06034482758620685,False,3.0,367.0
Transportation & Storage,2021Dec,211,2021-12-01,False,False,218.0,-0.032110091743119296,False,3.0,367.0
Transportation & Storage,2022Jan,196,2022-01-01,False,False,211.0,-0.07109004739336489,False,3.0,367.0
Transportation & Storage,2022Feb,205,2022-02-01,False,False,196.0,0.04591836734693877,False,3.0,367.0
Transportation & Storage,2022Mar,238,2022-03-01,False,False,205.0,0.16097560975609748,False,3.0,367.0
Transportation & Storage,2022Apr,220,2022-04-01,False,False,238.0,-0.07563025210084029,False,3.0,367.0
Transportation & Storage,2022May,207,2022-05-01,False,False,220.0,-0.05909090909090908,False,3.0,367.0
Transportation & Storage,2022Jun,229,2022-06-01,False,False,207.0,0.106280193236715,False,3.0,367.0
Transportation & Storage,2022Jul,218,2022-07-01,False,False,229.0,-0.048034934497816595,False,3.0,367.0
Transportation & Storage,2022Aug,243,2022-08-01,False,False,218.0,0.1146788990825689,False,3.0,367.0
Transportation & Storage,2022Sep,226,2022-09-01,False,False,243.0,-0.06995884773662553,False,3.0,367.0
Transportation & Storage,2022Oct,218,2022-10-01,False,False,226.0,-0.03539823008849563,False,3.0,367.0
Transportation & Storage,2022Nov,216,2022-11-01,False,False,218.0,-0.00917431192660545,False,3.0,367.0
Transportation & Storage,2022Dec,172,2022-12-01,False,False,216.0,-0.20370370370370372,False,3.0,367.0
Transportation & Storage,2023Jan,207,2023-01-01,False,False,172.0,0.20348837209302317,False,3.0,367.0
Transportation & Storage,2023Feb,240,2023-02-01,False,False,207.0,0.1594202898550725,False,3.0,367.0
Transportation & Storage,2023Mar,244,2023-03-01,False,False,240.0,0.016666666666666607,False,3.0,367.0
Transportation & Storage,2023Apr,233,2023-04-01,False,False,244.0,-0.04508196721311475,False,3.0,367.0
Transportation & Storage,2023May,260,2023-05-01,False,False,233.0,0.11587982832618016,False,3.0,367.0
Transportation & Storage,2023Jun,208,2023-06-01,False,False,260.0,-0.19999999999999996,False,3.0,367.0
Transportation & Storage,2023Jul,207,2023-07-01,False,False,208.0,-0.004807692307692291,False,3.0,367.0
Transportation & Storage,2023Aug,247,2023-08-01,False,False,207.0,0.19323671497584538,False,3.0,367.0
Transportation & Storage,2023Sep,206,2023-09-01,False,False,247.0,-0.1659919028340081,False,3.0,367.0
Transportation & Storage,2023Oct,224,2023-10-01,False,False,206.0,0.08737864077669899,False,3.0,367.0
Transportation & Storage,2023Nov,220,2023-11-01,False,False,224.0,-0.017857142857142905,False,3.0,367.0
Transportation & Storage,2023Dec,250,2023-12-01,False,False,220.0,0.13636363636363646,False,3.0,367.0
Transportation & Storage,2024Jan,244,2024-01-01,False,False,250.0,-0.02400000000000002,False,3.0,367.0
Transportation & Storage,2024Feb,217,2024-02-01,False,False,244.0,-0.11065573770491799,False,3.0,367.0
Transportation & Storage,2024Mar,226,2024-03-01,False,False,217.0,0.041474654377880116,False,3.0,367.0
Transportation & Storage,2024Apr,237,2024-04-01,False,False,226.0,0.04867256637168138,False,3.0,367.0
Transportation & Storage,2024May,247,2024-05-01,False,False,237.0,0.04219409282700415,False,3.0,367.0
Transportation & Storage,2024Jun,246,2024-06-01,False,False,247.0,-0.004048582995951455,False,3.0,367.0
Transportation & Storage,2024Jul,269,2024-07-01,False,False,246.0,0.0934959349593496,False,3.0,367.0
Transportation & Storage,2024Aug,230,2024-08-01,False,False,269.0,-0.14498141263940523,False,3.0,367.0
Transportation & Storage,2024Sep,209,2024-09-01,False,False,230.0,-0.09130434782608698,False,3.0,367.0
Transportation & Storage,2024Oct,244,2024-10-01,False,False,209.0,0.16746411483253598,False,3.0,367.0
Transportation & Storage,2024Nov,257,2024-11-01,False,False,244.0,0.05327868852459017,False,3.0,367.0
Transportation & Storage,2024Dec,172,2024-12-01,False,False,257.0,-0.330739299610895,False,3.0,367.0
Transportation & Storage,2025Jan,267,2025-01-01,False,False,172.0,0.5523255813953489,False,3.0,367.0
Transportation & Storage,2025Feb,259,2025-02-01,False,False,267.0,-0.029962546816479363,False,3.0,367.0
Transportation & Storage,2025Mar,311,2025-03-01,False,False,259.0,0.20077220077220082,False,3.0,367.0
Transportation & Storage,2025Apr,254,2025-04-01,False,False,311.0,-0.18327974276527326,False,3.0,367.0
Transportation & Storage,2025May,277,2025-05-01,False,False,254.0,0.09055118110236227,False,3.0,367.0
Transportation & Storage,2025Jun,231,2025-06-01,False,False,277.0,-0.1660649819494585,False,3.0,367.0
Transportation & Storage,2025Jul,429,2025-07-01,False,False,231.0,0.8571428571428572,True,3.0,367.0
Transportation & Storage,2025Aug,463,2025-08-01,False,False,429.0,0.07925407925407923,True,3.0,367.0
Transportation & Storage,2025Sep,301,2025-09-01,False,False,463.0,-0.3498920086393088,False,3.0,367.0
Transportation & Storage,2025Oct,333,2025-10-01,False,False,301.0,0.10631229235880402,False,3.0,367.0
Transportation & Storage,2025Nov,354,2025-11-01,False,False,333.0,0.06306306306306309,False,3.0,367.0
Transportation & Storage,2025Dec,407,2025-12-01,False,False,354.0,0.14971751412429368,True,3.0,367.0
Transportation & Storage,2026Jan,352,2026-01-01,False,False,407.0,-0.1351351351351351,False,3.0,367.0
Transportation & Storage,2026Feb,263,2026-02-01,False,False,352.0,-0.25284090909090906,False,3.0,367.0
Transportation & Storage,2026Mar,368,2026-03-01,False,False,263.0,0.3992395437262357,True,3.0,367.0
Wholesale Trade,1990Jan,536,1990-01-01,False,False,,,False,367.75,1185.75
Wholesale Trade,1990Feb,548,1990-02-01,False,False,536.0,0.02238805970149249,False,367.75,1185.75
Wholesale Trade,1990Mar,668,1990-03-01,False,False,548.0,0.21897810218978098,False,367.75,1185.75
Wholesale Trade,1990Apr,627,1990-04-01,False,False,668.0,-0.06137724550898205,False,367.75,1185.75
Wholesale Trade,1990May,630,1990-05-01,False,False,627.0,0.004784688995215225,False,367.75,1185.75
Wholesale Trade,1990Jun,584,1990-06-01,False,False,630.0,-0.07301587301587298,False,367.75,1185.75
Wholesale Trade,1990Jul,586,1990-07-01,False,False,584.0,0.003424657534246478,False,367.75,1185.75
Wholesale Trade,1990Aug,676,1990-08-01,False,False,586.0,0.15358361774744034,False,367.75,1185.75
Wholesale Trade,1990Sep,553,1990-09-01,False,False,676.0,-0.18195266272189348,False,367.75,1185.75
Wholesale Trade,1990Oct,612,1990-10-01,False,False,553.0,0.10669077757685352,False,367.75,1185.75
Wholesale Trade,1990Nov,547,1990-11-01,False,False,612.0,-0.10620915032679734,False,367.75,1185.75
Wholesale Trade,1990Dec,445,1990-12-01,False,False,547.0,-0.1864716636197441,False,367.75,1185.75
Wholesale Trade,1991Jan,596,1991-01-01,False,False,445.0,0.33932584269662924,False,367.75,1185.75
Wholesale Trade,1991Feb,454,1991-02-01,False,False,596.0,-0.23825503355704702,False,367.75,1185.75
Wholesale Trade,1991Mar,605,1991-03-01,False,False,454.0,0.3325991189427313,False,367.75,1185.75
Wholesale Trade,1991Apr,659,1991-04-01,False,False,605.0,0.08925619834710741,False,367.75,1185.75
Wholesale Trade,1991May,597,1991-05-01,False,False,659.0,-0.09408194233687406,False,367.75,1185.75
Wholesale Trade,1991Jun,689,1991-06-01,False,False,597.0,0.15410385259631498,False,367.75,1185.75
Wholesale Trade,1991Jul,700,1991-07-01,False,False,689.0,0.0159651669085632,False,367.75,1185.75
Wholesale Trade,1991Aug,651,1991-08-01,False,False,700.0,-0.06999999999999995,False,367.75,1185.75
Wholesale Trade,1991Sep,633,1991-09-01,False,False,651.0,-0.027649769585253448,False,367.75,1185.75
Wholesale Trade,1991Oct,677,1991-10-01,False,False,633.0,0.06951026856240117,False,367.75,1185.75
Wholesale Trade,1991Nov,577,1991-11-01,False,False,677.0,-0.14771048744460857,False,367.75,1185.75
Wholesale Trade,1991Dec,525,1991-12-01,False,False,577.0,-0.09012131715771232,False,367.75,1185.75
Wholesale Trade,1992Jan,673,1992-01-01,False,False,525.0,0.2819047619047619,False,367.75,1185.75
Wholesale Trade,1992Feb,607,1992-02-01,False,False,673.0,-0.09806835066864783,False,367.75,1185.75
Wholesale Trade,1992Mar,738,1992-03-01,False,False,607.0,0.2158154859967052,False,367.75,1185.75
Wholesale Trade,1992Apr,671,1992-04-01,False,False,738.0,-0.09078590785907859,False,367.75,1185.75
Wholesale Trade,1992May,674,1992-05-01,False,False,671.0,0.0044709388971684305,False,367.75,1185.75
Wholesale Trade,1992Jun,624,1992-06-01,False,False,674.0,-0.0741839762611276,False,367.75,1185.75
Wholesale Trade,1992Jul,708,1992-07-01,False,False,624.0,0.13461538461538458,False,367.75,1185.75
Wholesale Trade,1992Aug,634,1992-08-01,False,False,708.0,-0.10451977401129942,False,367.75,1185.75
Wholesale Trade,1992Sep,662,1992-09-01,False,False,634.0,0.04416403785488954,False,367.75,1185.75
Wholesale Trade,1992Oct,773,1992-10-01,False,False,662.0,0.1676737160120847,False,367.75,1185.75
Wholesale Trade,1992Nov,616,1992-11-01,False,False,773.0,-0.203104786545925,False,367.75,1185.75
Wholesale Trade,1992Dec,653,1992-12-01,False,False,616.0,0.060064935064935154,False,367.75,1185.75
Wholesale Trade,1993Jan,570,1993-01-01,False,False,653.0,-0.1271056661562021,False,367.75,1185.75
Wholesale Trade,1993Feb,756,1993-02-01,False,False,570.0,0.3263157894736841,False,367.75,1185.75
Wholesale Trade,1993Mar,819,1993-03-01,False,False,756.0,0.08333333333333326,False,367.75,1185.75
Wholesale Trade,1993Apr,802,1993-04-01,False,False,819.0,-0.020757020757020794,False,367.75,1185.75
Wholesale Trade,1993May,752,1993-05-01,False,False,802.0,-0.06234413965087282,False,367.75,1185.75
Wholesale Trade,1993Jun,733,1993-06-01,False,False,752.0,-0.025265957446808485,False,367.75,1185.75
Wholesale Trade,1993Jul,792,1993-07-01,False,False,733.0,0.08049113233287852,False,367.75,1185.75
Wholesale Trade,1993Aug,674,1993-08-01,False,False,792.0,-0.148989898989899,False,367.75,1185.75
Wholesale Trade,1993Sep,747,1993-09-01,False,False,674.0,0.10830860534124631,False,367.75,1185.75
Wholesale Trade,1993Oct,708,1993-10-01,False,False,747.0,-0.052208835341365445,False,367.75,1185.75
Wholesale Trade,1993Nov,641,1993-11-01,False,False,708.0,-0.09463276836158196,False,367.75,1185.75
Wholesale Trade,1993Dec,724,1993-12-01,False,False,641.0,0.1294851794071763,False,367.75,1185.75
Wholesale Trade,1994Jan,719,1994-01-01,False,False,724.0,-0.006906077348066253,False,367.75,1185.75
Wholesale Trade,1994Feb,601,1994-02-01,False,False,719.0,-0.1641168289290682,False,367.75,1185.75
Wholesale Trade,1994Mar,891,1994-03-01,False,False,601.0,0.4825291181364393,False,367.75,1185.75
Wholesale Trade,1994Apr,796,1994-04-01,False,False,891.0,-0.10662177328843991,False,367.75,1185.75
Wholesale Trade,1994May,747,1994-05-01,False,False,796.0,-0.061557788944723635,False,367.75,1185.75
Wholesale Trade,1994Jun,771,1994-06-01,False,False,747.0,0.032128514056224855,False,367.75,1185.75
Wholesale Trade,1994Jul,701,1994-07-01,False,False,771.0,-0.09079118028534372,False,367.75,1185.75
Wholesale Trade,1994Aug,699,1994-08-01,False,False,701.0,-0.0028530670470755526,False,367.75,1185.75
Wholesale Trade,1994Sep,786,1994-09-01,False,False,699.0,0.1244635193133048,False,367.75,1185.75
Wholesale Trade,1994Oct,777,1994-10-01,False,False,786.0,-0.011450381679389277,False,367.75,1185.75
Wholesale Trade,1994Nov,770,1994-11-01,False,False,777.0,-0.009009009009009028,False,367.75,1185.75
Wholesale Trade,1994Dec,657,1994-12-01,False,False,770.0,-0.14675324675324675,False,367.75,1185.75
Wholesale Trade,1995Jan,629,1995-01-01,False,False,657.0,-0.0426179604261796,False,367.75,1185.75
Wholesale Trade,1995Feb,628,1995-02-01,False,False,629.0,-0.0015898251192368873,False,367.75,1185.75
Wholesale Trade,1995Mar,783,1995-03-01,False,False,628.0,0.2468152866242037,False,367.75,1185.75
Wholesale Trade,1995Apr,686,1995-04-01,False,False,783.0,-0.12388250319284799,False,367.75,1185.75
Wholesale Trade,1995May,668,1995-05-01,False,False,686.0,-0.026239067055393583,False,367.75,1185.75
Wholesale Trade,1995Jun,706,1995-06-01,False,False,668.0,0.05688622754491024,False,367.75,1185.75
Wholesale Trade,1995Jul,690,1995-07-01,False,False,706.0,-0.022662889518413554,False,367.75,1185.75
Wholesale Trade,1995Aug,726,1995-08-01,False,False,690.0,0.05217391304347818,False,367.75,1185.75
Wholesale Trade,1995Sep,679,1995-09-01,False,False,726.0,-0.06473829201101933,False,367.75,1185.75
Wholesale Trade,1995Oct,661,1995-10-01,False,False,679.0,-0.026509572901325495,False,367.75,1185.75
Wholesale Trade,1995Nov,699,1995-11-01,False,False,661.0,0.05748865355521926,False,367.75,1185.75
Wholesale Trade,1995Dec,587,1995-12-01,False,False,699.0,-0.16022889842632337,False,367.75,1185.75
Wholesale Trade,1996Jan,678,1996-01-01,False,False,587.0,0.15502555366269166,False,367.75,1185.75
Wholesale Trade,1996Feb,514,1996-02-01,False,False,678.0,-0.24188790560471973,False,367.75,1185.75
Wholesale Trade,1996Mar,726,1996-03-01,False,False,514.0,0.41245136186770437,False,367.75,1185.75
Wholesale Trade,1996Apr,711,1996-04-01,False,False,726.0,-0.02066115702479343,False,367.75,1185.75
Wholesale Trade,1996May,743,1996-05-01,False,False,711.0,0.04500703234880454,False,367.75,1185.75
Wholesale Trade,1996Jun,660,1996-06-01,False,False,743.0,-0.11170928667563929,False,367.75,1185.75
Wholesale Trade,1996Jul,649,1996-07-01,False,False,660.0,-0.01666666666666672,False,367.75,1185.75
Wholesale Trade,1996Aug,655,1996-08-01,False,False,649.0,0.009244992295839749,False,367.75,1185.75
Wholesale Trade,1996Sep,644,1996-09-01,False,False,655.0,-0.016793893129770976,False,367.75,1185.75
Wholesale Trade,1996Oct,707,1996-10-01,False,False,644.0,0.09782608695652173,False,367.75,1185.75
Wholesale Trade,1996Nov,618,1996-11-01,False,False,707.0,-0.1258840169731259,False,367.75,1185.75
Wholesale Trade,1996Dec,587,1996-12-01,False,False,618.0,-0.05016181229773464,False,367.75,1185.75
Wholesale Trade,1997Jan,634,1997-01-01,False,False,587.0,0.08006814310051102,False,367.75,1185.75
Wholesale Trade,1997Feb,448,1997-02-01,False,False,634.0,-0.2933753943217665,False,367.75,1185.75
Wholesale Trade,1997Mar,689,1997-03-01,False,False,448.0,0.5379464285714286,False,367.75,1185.75
Wholesale Trade,1997Apr,733,1997-04-01,False,False,689.0,0.06386066763425258,False,367.75,1185.75
Wholesale Trade,1997May,691,1997-05-01,False,False,733.0,-0.05729877216916779,False,367.75,1185.75
Wholesale Trade,1997Jun,635,1997-06-01,False,False,691.0,-0.08104196816208398,False,367.75,1185.75
Wholesale Trade,1997Jul,712,1997-07-01,False,False,635.0,0.12125984251968513,False,367.75,1185.75
Wholesale Trade,1997Aug,607,1997-08-01,False,False,712.0,-0.1474719101123596,False,367.75,1185.75
Wholesale Trade,1997Sep,711,1997-09-01,False,False,607.0,0.17133443163097195,False,367.75,1185.75
Wholesale Trade,1997Oct,636,1997-10-01,False,False,711.0,-0.10548523206751059,False,367.75,1185.75
Wholesale Trade,1997Nov,580,1997-11-01,False,False,636.0,-0.08805031446540879,False,367.75,1185.75
Wholesale Trade,1997Dec,525,1997-12-01,False,False,580.0,-0.09482758620689657,False,367.75,1185.75
Wholesale Trade,1998Jan,424,1998-01-01,False,False,525.0,-0.19238095238095243,False,367.75,1185.75
Wholesale Trade,1998Feb,527,1998-02-01,False,False,424.0,0.24292452830188682,False,367.75,1185.75
Wholesale Trade,1998Mar,608,1998-03-01,False,False,527.0,0.15370018975332078,False,367.75,1185.75
Wholesale Trade,1998Apr,559,1998-04-01,False,False,608.0,-0.08059210526315785,False,367.75,1185.75
Wholesale Trade,1998May,566,1998-05-01,False,False,559.0,0.012522361359570633,False,367.75,1185.75
Wholesale Trade,1998Jun,624,1998-06-01,False,False,566.0,0.10247349823321561,False,367.75,1185.75
Wholesale Trade,1998Jul,607,1998-07-01,False,False,624.0,-0.027243589743589758,False,367.75,1185.75
Wholesale Trade,1998Aug,605,1998-08-01,False,False,607.0,-0.0032948929159802853,False,367.75,1185.75
Wholesale Trade,1998Sep,603,1998-09-01,False,False,605.0,-0.0033057851239669533,False,367.75,1185.75
Wholesale Trade,1998Oct,694,1998-10-01,False,False,603.0,0.15091210613598682,False,367.75,1185.75
Wholesale Trade,1998Nov,584,1998-11-01,False,False,694.0,-0.1585014409221902,False,367.75,1185.75
Wholesale Trade,1998Dec,608,1998-12-01,False,False,584.0,0.041095890410958846,False,367.75,1185.75
Wholesale Trade,1999Jan,592,1999-01-01,False,False,608.0,-0.02631578947368418,False,367.75,1185.75
Wholesale Trade,1999Feb,503,1999-02-01,False,False,592.0,-0.15033783783783783,False,367.75,1185.75
Wholesale Trade,1999Mar,721,1999-03-01,False,False,503.0,0.43339960238568587,False,367.75,1185.75
Wholesale Trade,1999Apr,710,1999-04-01,False,False,721.0,-0.015256588072122046,False,367.75,1185.75
Wholesale Trade,1999May,674,1999-05-01,False,False,710.0,-0.05070422535211272,False,367.75,1185.75
Wholesale Trade,1999Jun,687,1999-06-01,False,False,674.0,0.01928783382789323,False,367.75,1185.75
Wholesale Trade,1999Jul,720,1999-07-01,False,False,687.0,0.048034934497816595,False,367.75,1185.75
Wholesale Trade,1999Aug,630,1999-08-01,False,False,720.0,-0.125,False,367.75,1185.75
Wholesale Trade,1999Sep,695,1999-09-01,False,False,630.0,0.10317460317460325,False,367.75,1185.75
Wholesale Trade,1999Oct,690,1999-10-01,False,False,695.0,-0.007194244604316502,False,367.75,1185.75
Wholesale Trade,1999Nov,575,1999-11-01,False,False,690.0,-0.16666666666666663,False,367.75,1185.75
Wholesale Trade,1999Dec,634,1999-12-01,False,False,575.0,0.1026086956521739,False,367.75,1185.75
Wholesale Trade,2000Jan,598,2000-01-01,False,False,634.0,-0.056782334384858024,False,367.75,1185.75
Wholesale Trade,2000Feb,623,2000-02-01,False,False,598.0,0.041806020066889715,False,367.75,1185.75
Wholesale Trade,2000Mar,742,2000-03-01,False,False,623.0,0.1910112359550562,False,367.75,1185.75
Wholesale Trade,2000Apr,714,2000-04-01,False,False,742.0,-0.037735849056603765,False,367.75,1185.75
Wholesale Trade,2000May,650,2000-05-01,False,False,714.0,-0.08963585434173671,False,367.75,1185.75
Wholesale Trade,2000Jun,651,2000-06-01,False,False,650.0,0.0015384615384614886,False,367.75,1185.75
Wholesale Trade,2000Jul,698,2000-07-01,False,False,651.0,0.07219662058371745,False,367.75,1185.75
Wholesale Trade,2000Aug,578,2000-08-01,False,False,698.0,-0.17191977077363896,False,367.75,1185.75
Wholesale Trade,2000Sep,651,2000-09-01,False,False,578.0,0.12629757785467133,False,367.75,1185.75
Wholesale Trade,2000Oct,612,2000-10-01,False,False,651.0,-0.05990783410138245,False,367.75,1185.75
Wholesale Trade,2000Nov,605,2000-11-01,False,False,612.0,-0.011437908496731986,False,367.75,1185.75
Wholesale Trade,2000Dec,509,2000-12-01,False,False,605.0,-0.1586776859504132,False,367.75,1185.75
Wholesale Trade,2001Jan,516,2001-01-01,False,False,509.0,0.013752455795677854,False,367.75,1185.75
Wholesale Trade,2001Feb,612,2001-02-01,False,False,516.0,0.18604651162790709,False,367.75,1185.75
Wholesale Trade,2001Mar,682,2001-03-01,False,False,612.0,0.1143790849673203,False,367.75,1185.75
Wholesale Trade,2001Apr,631,2001-04-01,False,False,682.0,-0.07478005865102644,False,367.75,1185.75
Wholesale Trade,2001May,616,2001-05-01,False,False,631.0,-0.023771790808240878,False,367.75,1185.75
Wholesale Trade,2001Jun,597,2001-06-01,False,False,616.0,-0.030844155844155896,False,367.75,1185.75
Wholesale Trade,2001Jul,652,2001-07-01,False,False,597.0,0.09212730318257956,False,367.75,1185.75
Wholesale Trade,2001Aug,735,2001-08-01,False,False,652.0,0.12730061349693256,False,367.75,1185.75
Wholesale Trade,2001Sep,687,2001-09-01,False,False,735.0,-0.0653061224489796,False,367.75,1185.75
Wholesale Trade,2001Oct,676,2001-10-01,False,False,687.0,-0.01601164483260553,False,367.75,1185.75
Wholesale Trade,2001Nov,584,2001-11-01,False,False,676.0,-0.13609467455621305,False,367.75,1185.75
Wholesale Trade,2001Dec,544,2001-12-01,False,False,584.0,-0.06849315068493156,False,367.75,1185.75
Wholesale Trade,2002Jan,645,2002-01-01,False,False,544.0,0.18566176470588225,False,367.75,1185.75
Wholesale Trade,2002Feb,564,2002-02-01,False,False,645.0,-0.12558139534883717,False,367.75,1185.75
Wholesale Trade,2002Mar,783,2002-03-01,False,False,564.0,0.38829787234042556,False,367.75,1185.75
Wholesale Trade,2002Apr,848,2002-04-01,False,False,783.0,0.08301404853129002,False,367.75,1185.75
Wholesale Trade,2002May,846,2002-05-01,False,False,848.0,-0.002358490566037763,False,367.75,1185.75
Wholesale Trade,2002Jun,633,2002-06-01,False,False,846.0,-0.25177304964539005,False,367.75,1185.75
Wholesale Trade,2002Jul,815,2002-07-01,False,False,633.0,0.287519747235387,False,367.75,1185.75
Wholesale Trade,2002Aug,728,2002-08-01,False,False,815.0,-0.10674846625766876,False,367.75,1185.75
Wholesale Trade,2002Sep,783,2002-09-01,False,False,728.0,0.0755494505494505,False,367.75,1185.75
Wholesale Trade,2002Oct,800,2002-10-01,False,False,783.0,0.02171136653895278,False,367.75,1185.75
Wholesale Trade,2002Nov,686,2002-11-01,False,False,800.0,-0.14249999999999996,False,367.75,1185.75
Wholesale Trade,2002Dec,588,2002-12-01,False,False,686.0,-0.1428571428571429,False,367.75,1185.75
Wholesale Trade,2003Jan,738,2003-01-01,False,False,588.0,0.2551020408163265,False,367.75,1185.75
Wholesale Trade,2003Feb,684,2003-02-01,False,False,738.0,-0.07317073170731703,False,367.75,1185.75
Wholesale Trade,2003Mar,886,2003-03-01,False,False,684.0,0.29532163742690054,False,367.75,1185.75
Wholesale Trade,2003Apr,730,2003-04-01,False,False,886.0,-0.17607223476297973,False,367.75,1185.75
Wholesale Trade,2003May,775,2003-05-01,False,False,730.0,0.06164383561643838,False,367.75,1185.75
Wholesale Trade,2003Jun,833,2003-06-01,False,False,775.0,0.07483870967741946,False,367.75,1185.75
Wholesale Trade,2003Jul,851,2003-07-01,False,False,833.0,0.021608643457383003,False,367.75,1185.75
Wholesale Trade,2003Aug,891,2003-08-01,False,False,851.0,0.047003525264394774,False,367.75,1185.75
Wholesale Trade,2003Sep,936,2003-09-01,False,False,891.0,0.05050505050505061,False,367.75,1185.75
Wholesale Trade,2003Oct,972,2003-10-01,False,False,936.0,0.03846153846153855,False,367.75,1185.75
Wholesale Trade,2003Nov,737,2003-11-01,False,False,972.0,-0.24176954732510292,False,367.75,1185.75
Wholesale Trade,2003Dec,819,2003-12-01,False,False,737.0,0.11126187245590224,False,367.75,1185.75
Wholesale Trade,2004Jan,704,2004-01-01,False,False,819.0,-0.14041514041514036,False,367.75,1185.75
Wholesale Trade,2004Feb,794,2004-02-01,False,False,704.0,0.12784090909090917,False,367.75,1185.75
Wholesale Trade,2004Mar,968,2004-03-01,False,False,794.0,0.21914357682619645,False,367.75,1185.75
Wholesale Trade,2004Apr,909,2004-04-01,False,False,968.0,-0.06095041322314054,False,367.75,1185.75
Wholesale Trade,2004May,837,2004-05-01,False,False,909.0,-0.07920792079207917,False,367.75,1185.75
Wholesale Trade,2004Jun,867,2004-06-01,False,False,837.0,0.03584229390680993,False,367.75,1185.75
Wholesale Trade,2004Jul,942,2004-07-01,False,False,867.0,0.08650519031141868,False,367.75,1185.75
Wholesale Trade,2004Aug,908,2004-08-01,False,False,942.0,-0.03609341825902335,False,367.75,1185.75
Wholesale Trade,2004Sep,848,2004-09-01,False,False,908.0,-0.06607929515418498,False,367.75,1185.75
Wholesale Trade,2004Oct,883,2004-10-01,False,False,848.0,0.041273584905660465,False,367.75,1185.75
Wholesale Trade,2004Nov,752,2004-11-01,False,False,883.0,-0.14835787089467722,False,367.75,1185.75
Wholesale Trade,2004Dec,831,2004-12-01,False,False,752.0,0.10505319148936176,False,367.75,1185.75
Wholesale Trade,2005Jan,799,2005-01-01,False,False,831.0,-0.038507821901323736,False,367.75,1185.75
Wholesale Trade,2005Feb,628,2005-02-01,False,False,799.0,-0.214017521902378,False,367.75,1185.75
Wholesale Trade,2005Mar,891,2005-03-01,False,False,628.0,0.4187898089171975,False,367.75,1185.75
Wholesale Trade,2005Apr,921,2005-04-01,False,False,891.0,0.03367003367003374,False,367.75,1185.75
Wholesale Trade,2005May,902,2005-05-01,False,False,921.0,-0.02062975027144409,False,367.75,1185.75
Wholesale Trade,2005Jun,851,2005-06-01,False,False,902.0,-0.05654101995565408,False,367.75,1185.75
Wholesale Trade,2005Jul,833,2005-07-01,False,False,851.0,-0.021151586368977626,False,367.75,1185.75
Wholesale Trade,2005Aug,872,2005-08-01,False,False,833.0,0.04681872749099636,False,367.75,1185.75
Wholesale Trade,2005Sep,849,2005-09-01,False,False,872.0,-0.026376146788990806,False,367.75,1185.75
Wholesale Trade,2005Oct,823,2005-10-01,False,False,849.0,-0.03062426383981154,False,367.75,1185.75
Wholesale Trade,2005Nov,736,2005-11-01,False,False,823.0,-0.10571081409477523,False,367.75,1185.75
Wholesale Trade,2005Dec,729,2005-12-01,False,False,736.0,-0.009510869565217406,False,367.75,1185.75
Wholesale Trade,2006Jan,635,2006-01-01,False,False,729.0,-0.12894375857338825,False,367.75,1185.75
Wholesale Trade,2006Feb,758,2006-02-01,False,False,635.0,0.19370078740157481,False,367.75,1185.75
Wholesale Trade,2006Mar,966,2006-03-01,False,False,758.0,0.27440633245382595,False,367.75,1185.75
Wholesale Trade,2006Apr,812,2006-04-01,False,False,966.0,-0.1594202898550725,False,367.75,1185.75
Wholesale Trade,2006May,854,2006-05-01,False,False,812.0,0.051724137931034475,False,367.75,1185.75
Wholesale Trade,2006Jun,809,2006-06-01,False,False,854.0,-0.052693208430913296,False,367.75,1185.75
Wholesale Trade,2006Jul,807,2006-07-01,False,False,809.0,-0.0024721878862793423,False,367.75,1185.75
Wholesale Trade,2006Aug,836,2006-08-01,False,False,807.0,0.03593556381660479,False,367.75,1185.75
Wholesale Trade,2006Sep,844,2006-09-01,False,False,836.0,0.009569377990430672,False,367.75,1185.75
Wholesale Trade,2006Oct,778,2006-10-01,False,False,844.0,-0.0781990521327014,False,367.75,1185.75
Wholesale Trade,2006Nov,751,2006-11-01,False,False,778.0,-0.03470437017994854,False,367.75,1185.75
Wholesale Trade,2006Dec,711,2006-12-01,False,False,751.0,-0.053262316910785645,False,367.75,1185.75
Wholesale Trade,2007Jan,866,2007-01-01,False,False,711.0,0.21800281293952173,False,367.75,1185.75
Wholesale Trade,2007Feb,625,2007-02-01,False,False,866.0,-0.27829099307159355,False,367.75,1185.75
Wholesale Trade,2007Mar,872,2007-03-01,False,False,625.0,0.3952,False,367.75,1185.75
Wholesale Trade,2007Apr,859,2007-04-01,False,False,872.0,-0.014908256880733939,False,367.75,1185.75
Wholesale Trade,2007May,868,2007-05-01,False,False,859.0,0.010477299185098987,False,367.75,1185.75
Wholesale Trade,2007Jun,834,2007-06-01,False,False,868.0,-0.03917050691244239,False,367.75,1185.75
Wholesale Trade,2007Jul,855,2007-07-01,False,False,834.0,0.02517985611510798,False,367.75,1185.75
Wholesale Trade,2007Aug,843,2007-08-01,False,False,855.0,-0.01403508771929829,False,367.75,1185.75
Wholesale Trade,2007Sep,736,2007-09-01,False,False,843.0,-0.12692763938315543,False,367.75,1185.75
Wholesale Trade,2007Oct,815,2007-10-01,False,False,736.0,0.10733695652173902,False,367.75,1185.75
Wholesale Trade,2007Nov,755,2007-11-01,False,False,815.0,-0.07361963190184051,False,367.75,1185.75
Wholesale Trade,2007Dec,595,2007-12-01,False,False,755.0,-0.21192052980132448,False,367.75,1185.75
Wholesale Trade,2008Jan,872,2008-01-01,False,False,595.0,0.46554621848739486,False,367.75,1185.75
Wholesale Trade,2008Feb,648,2008-02-01,False,False,872.0,-0.25688073394495414,False,367.75,1185.75
Wholesale Trade,2008Mar,817,2008-03-01,False,False,648.0,0.2608024691358024,False,367.75,1185.75
Wholesale Trade,2008Apr,892,2008-04-01,False,False,817.0,0.09179926560587526,False,367.75,1185.75
Wholesale Trade,2008May,835,2008-05-01,False,False,892.0,-0.06390134529147984,False,367.75,1185.75
Wholesale Trade,2008Jun,797,2008-06-01,False,False,835.0,-0.045508982035928125,False,367.75,1185.75
Wholesale Trade,2008Jul,951,2008-07-01,False,False,797.0,0.193224592220828,False,367.75,1185.75
Wholesale Trade,2008Aug,886,2008-08-01,False,False,951.0,-0.06834910620399581,False,367.75,1185.75
Wholesale Trade,2008Sep,753,2008-09-01,False,False,886.0,-0.15011286681715574,False,367.75,1185.75
Wholesale Trade,2008Oct,800,2008-10-01,False,False,753.0,0.062416998671978696,False,367.75,1185.75
Wholesale Trade,2008Nov,651,2008-11-01,False,False,800.0,-0.18625000000000003,False,367.75,1185.75
Wholesale Trade,2008Dec,557,2008-12-01,False,False,651.0,-0.14439324116743468,False,367.75,1185.75
Wholesale Trade,2009Jan,755,2009-01-01,False,False,557.0,0.355475763016158,False,367.75,1185.75
Wholesale Trade,2009Feb,807,2009-02-01,False,False,755.0,0.06887417218543046,False,367.75,1185.75
Wholesale Trade,2009Mar,939,2009-03-01,False,False,807.0,0.16356877323420083,False,367.75,1185.75
Wholesale Trade,2009Apr,887,2009-04-01,False,False,939.0,-0.055378061767838105,False,367.75,1185.75
Wholesale Trade,2009May,890,2009-05-01,False,False,887.0,0.0033821871476888976,False,367.75,1185.75
Wholesale Trade,2009Jun,893,2009-06-01,False,False,890.0,0.003370786516853963,False,367.75,1185.75
Wholesale Trade,2009Jul,932,2009-07-01,False,False,893.0,0.043673012318029114,False,367.75,1185.75
Wholesale Trade,2009Aug,813,2009-08-01,False,False,932.0,-0.12768240343347637,False,367.75,1185.75
Wholesale Trade,2009Sep,850,2009-09-01,False,False,813.0,0.045510455104551095,False,367.75,1185.75
Wholesale Trade,2009Oct,856,2009-10-01,False,False,850.0,0.007058823529411784,False,367.75,1185.75
Wholesale Trade,2009Nov,772,2009-11-01,False,False,856.0,-0.09813084112149528,False,367.75,1185.75
Wholesale Trade,2009Dec,758,2009-12-01,False,False,772.0,-0.01813471502590669,False,367.75,1185.75
Wholesale Trade,2010Jan,848,2010-01-01,False,False,758.0,0.1187335092348285,False,367.75,1185.75
Wholesale Trade,2010Feb,699,2010-02-01,False,False,848.0,-0.1757075471698113,False,367.75,1185.75
Wholesale Trade,2010Mar,952,2010-03-01,False,False,699.0,0.3619456366237481,False,367.75,1185.75
Wholesale Trade,2010Apr,949,2010-04-01,False,False,952.0,-0.0031512605042016695,False,367.75,1185.75
Wholesale Trade,2010May,783,2010-05-01,False,False,949.0,-0.17492096944151736,False,367.75,1185.75
Wholesale Trade,2010Jun,863,2010-06-01,False,False,783.0,0.10217113665389532,False,367.75,1185.75
Wholesale Trade,2010Jul,876,2010-07-01,False,False,863.0,0.015063731170336103,False,367.75,1185.75
Wholesale Trade,2010Aug,836,2010-08-01,False,False,876.0,-0.045662100456621,False,367.75,1185.75
Wholesale Trade,2010Sep,815,2010-09-01,False,False,836.0,-0.02511961722488043,False,367.75,1185.75
Wholesale Trade,2010Oct,851,2010-10-01,False,False,815.0,0.04417177914110426,False,367.75,1185.75
Wholesale Trade,2010Nov,724,2010-11-01,False,False,851.0,-0.14923619271445354,False,367.75,1185.75
Wholesale Trade,2010Dec,764,2010-12-01,False,False,724.0,0.05524861878453047,False,367.75,1185.75
Wholesale Trade,2011Jan,917,2011-01-01,False,False,764.0,0.20026178010471196,False,367.75,1185.75
Wholesale Trade,2011Feb,707,2011-02-01,False,False,917.0,-0.2290076335877863,False,367.75,1185.75
Wholesale Trade,2011Mar,967,2011-03-01,False,False,707.0,0.3677510608203678,False,367.75,1185.75
Wholesale Trade,2011Apr,906,2011-04-01,False,False,967.0,-0.06308169596690794,False,367.75,1185.75
Wholesale Trade,2011May,931,2011-05-01,False,False,906.0,0.02759381898454749,False,367.75,1185.75
Wholesale Trade,2011Jun,873,2011-06-01,False,False,931.0,-0.06229860365198714,False,367.75,1185.75
Wholesale Trade,2011Jul,891,2011-07-01,False,False,873.0,0.020618556701030855,False,367.75,1185.75
Wholesale Trade,2011Aug,805,2011-08-01,False,False,891.0,-0.09652076318742986,False,367.75,1185.75
Wholesale Trade,2011Sep,806,2011-09-01,False,False,805.0,0.001242236024844745,False,367.75,1185.75
Wholesale Trade,2011Oct,827,2011-10-01,False,False,806.0,0.026054590570719682,False,367.75,1185.75
Wholesale Trade,2011Nov,855,2011-11-01,False,False,827.0,0.033857315598548876,False,367.75,1185.75
Wholesale Trade,2011Dec,749,2011-12-01,False,False,855.0,-0.12397660818713452,False,367.75,1185.75
Wholesale Trade,2012Jan,718,2012-01-01,False,False,749.0,-0.041388518024032095,False,367.75,1185.75
Wholesale Trade,2012Feb,930,2012-02-01,False,False,718.0,0.29526462395543174,False,367.75,1185.75
Wholesale Trade,2012Mar,975,2012-03-01,False,False,930.0,0.048387096774193505,False,367.75,1185.75
Wholesale Trade,2012Apr,919,2012-04-01,False,False,975.0,-0.05743589743589739,False,367.75,1185.75
Wholesale Trade,2012May,870,2012-05-01,False,False,919.0,-0.053318824809575616,False,367.75,1185.75
Wholesale Trade,2012Jun,853,2012-06-01,False,False,870.0,-0.019540229885057436,False,367.75,1185.75
Wholesale Trade,2012Jul,895,2012-07-01,False,False,853.0,0.049237983587338885,False,367.75,1185.75
Wholesale Trade,2012Aug,940,2012-08-01,False,False,895.0,0.05027932960893855,False,367.75,1185.75
Wholesale Trade,2012Sep,769,2012-09-01,False,False,940.0,-0.1819148936170213,False,367.75,1185.75
Wholesale Trade,2012Oct,909,2012-10-01,False,False,769.0,0.1820546163849155,False,367.75,1185.75
Wholesale Trade,2012Nov,745,2012-11-01,False,False,909.0,-0.18041804180418042,False,367.75,1185.75
Wholesale Trade,2012Dec,669,2012-12-01,False,False,745.0,-0.102013422818792,False,367.75,1185.75
Wholesale Trade,2013Jan,933,2013-01-01,False,False,669.0,0.3946188340807175,False,367.75,1185.75
Wholesale Trade,2013Feb,584,2013-02-01,False,False,933.0,-0.3740621650589496,False,367.75,1185.75
Wholesale Trade,2013Mar,915,2013-03-01,False,False,584.0,0.5667808219178083,False,367.75,1185.75
Wholesale Trade,2013Apr,1017,2013-04-01,False,False,915.0,0.11147540983606552,False,367.75,1185.75
Wholesale Trade,2013May,938,2013-05-01,False,False,1017.0,-0.07767944936086524,False,367.75,1185.75
Wholesale Trade,2013Jun,813,2013-06-01,False,False,938.0,-0.13326226012793174,False,367.75,1185.75
Wholesale Trade,2013Jul,977,2013-07-01,False,False,813.0,0.20172201722017213,False,367.75,1185.75
Wholesale Trade,2013Aug,878,2013-08-01,False,False,977.0,-0.10133060388945747,False,367.75,1185.75
Wholesale Trade,2013Sep,875,2013-09-01,False,False,878.0,-0.003416856492027387,False,367.75,1185.75
Wholesale Trade,2013Oct,901,2013-10-01,False,False,875.0,0.029714285714285804,False,367.75,1185.75
Wholesale Trade,2013Nov,872,2013-11-01,False,False,901.0,-0.0321864594894562,False,367.75,1185.75
Wholesale Trade,2013Dec,769,2013-12-01,False,False,872.0,-0.11811926605504586,False,367.75,1185.75
Wholesale Trade,2014Jan,916,2014-01-01,False,False,769.0,0.19115734720416122,False,367.75,1185.75
Wholesale Trade,2014Feb,812,2014-02-01,False,False,916.0,-0.11353711790393017,False,367.75,1185.75
Wholesale Trade,2014Mar,1037,2014-03-01,False,False,812.0,0.2770935960591132,False,367.75,1185.75
Wholesale Trade,2014Apr,1008,2014-04-01,False,False,1037.0,-0.027965284474445462,False,367.75,1185.75
Wholesale Trade,2014May,1070,2014-05-01,False,False,1008.0,0.06150793650793651,False,367.75,1185.75
Wholesale Trade,2014Jun,1108,2014-06-01,False,False,1070.0,0.03551401869158877,False,367.75,1185.75
Wholesale Trade,2014Jul,1038,2014-07-01,False,False,1108.0,-0.06317689530685922,False,367.75,1185.75
Wholesale Trade,2014Aug,1143,2014-08-01,False,False,1038.0,0.10115606936416177,False,367.75,1185.75
Wholesale Trade,2014Sep,1368,2014-09-01,False,False,1143.0,0.1968503937007875,True,367.75,1185.75
Wholesale Trade,2014Oct,1247,2014-10-01,False,False,1368.0,-0.08845029239766078,True,367.75,1185.75
Wholesale Trade,2014Nov,1143,2014-11-01,False,False,1247.0,-0.08340016038492382,False,367.75,1185.75
Wholesale Trade,2014Dec,978,2014-12-01,False,False,1143.0,-0.14435695538057747,False,367.75,1185.75
Wholesale Trade,2015Jan,897,2015-01-01,False,False,978.0,-0.08282208588957052,False,367.75,1185.75
Wholesale Trade,2015Feb,643,2015-02-01,False,False,897.0,-0.28316610925306573,False,367.75,1185.75
Wholesale Trade,2015Mar,915,2015-03-01,False,False,643.0,0.42301710730948683,False,367.75,1185.75
Wholesale Trade,2015Apr,882,2015-04-01,False,False,915.0,-0.0360655737704918,False,367.75,1185.75
Wholesale Trade,2015May,813,2015-05-01,False,False,882.0,-0.07823129251700678,False,367.75,1185.75
Wholesale Trade,2015Jun,774,2015-06-01,False,False,813.0,-0.047970479704797064,False,367.75,1185.75
Wholesale Trade,2015Jul,832,2015-07-01,False,False,774.0,0.07493540051679592,False,367.75,1185.75
Wholesale Trade,2015Aug,844,2015-08-01,False,False,832.0,0.014423076923076872,False,367.75,1185.75
Wholesale Trade,2015Sep,766,2015-09-01,False,False,844.0,-0.09241706161137442,False,367.75,1185.75
Wholesale Trade,2015Oct,905,2015-10-01,False,False,766.0,0.18146214099216706,False,367.75,1185.75
Wholesale Trade,2015Nov,712,2015-11-01,False,False,905.0,-0.21325966850828726,False,367.75,1185.75
Wholesale Trade,2015Dec,712,2015-12-01,False,False,712.0,0.0,False,367.75,1185.75
Wholesale Trade,2016Jan,713,2016-01-01,False,False,712.0,0.001404494382022392,False,367.75,1185.75
Wholesale Trade,2016Feb,659,2016-02-01,False,False,713.0,-0.0757363253856943,False,367.75,1185.75
Wholesale Trade,2016Mar,899,2016-03-01,False,False,659.0,0.3641881638846738,False,367.75,1185.75
Wholesale Trade,2016Apr,873,2016-04-01,False,False,899.0,-0.028921023359288145,False,367.75,1185.75
Wholesale Trade,2016May,854,2016-05-01,False,False,873.0,-0.021764032073310458,False,367.75,1185.75
Wholesale Trade,2016Jun,849,2016-06-01,False,False,854.0,-0.005854800936768156,False,367.75,1185.75
Wholesale Trade,2016Jul,785,2016-07-01,False,False,849.0,-0.07538280329799762,False,367.75,1185.75
Wholesale Trade,2016Aug,783,2016-08-01,False,False,785.0,-0.002547770700636942,False,367.75,1185.75
Wholesale Trade,2016Sep,782,2016-09-01,False,False,783.0,-0.0012771392081737387,False,367.75,1185.75
Wholesale Trade,2016Oct,745,2016-10-01,False,False,782.0,-0.04731457800511507,False,367.75,1185.75
Wholesale Trade,2016Nov,723,2016-11-01,False,False,745.0,-0.029530201342281903,False,367.75,1185.75
Wholesale Trade,2016Dec,723,2016-12-01,False,False,723.0,0.0,False,367.75,1185.75
Wholesale Trade,2017Jan,655,2017-01-01,False,False,723.0,-0.09405255878284924,False,367.75,1185.75
Wholesale Trade,2017Feb,762,2017-02-01,False,False,655.0,0.16335877862595427,False,367.75,1185.75
Wholesale Trade,2017Mar,929,2017-03-01,False,False,762.0,0.21916010498687655,False,367.75,1185.75
Wholesale Trade,2017Apr,763,2017-04-01,False,False,929.0,-0.17868675995694294,False,367.75,1185.75
Wholesale Trade,2017May,929,2017-05-01,False,False,763.0,0.21756225425950193,False,367.75,1185.75
Wholesale Trade,2017Jun,819,2017-06-01,False,False,929.0,-0.11840688912809472,False,367.75,1185.75
Wholesale Trade,2017Jul,837,2017-07-01,False,False,819.0,0.0219780219780219,False,367.75,1185.75
Wholesale Trade,2017Aug,877,2017-08-01,False,False,837.0,0.04778972520907998,False,367.75,1185.75
Wholesale Trade,2017Sep,823,2017-09-01,False,False,877.0,-0.061573546180159644,False,367.75,1185.75
Wholesale Trade,2017Oct,805,2017-10-01,False,False,823.0,-0.021871202916160404,False,367.75,1185.75
Wholesale Trade,2017Nov,854,2017-11-01,False,False,805.0,0.0608695652173914,False,367.75,1185.75
Wholesale Trade,2017Dec,733,2017-12-01,False,False,854.0,-0.14168618266978927,False,367.75,1185.75
Wholesale Trade,2018Jan,968,2018-01-01,False,False,733.0,0.320600272851296,False,367.75,1185.75
Wholesale Trade,2018Feb,693,2018-02-01,False,False,968.0,-0.28409090909090906,False,367.75,1185.75
Wholesale Trade,2018Mar,852,2018-03-01,False,False,693.0,0.22943722943722933,False,367.75,1185.75
Wholesale Trade,2018Apr,936,2018-04-01,False,False,852.0,0.09859154929577474,False,367.75,1185.75
Wholesale Trade,2018May,873,2018-05-01,False,False,936.0,-0.06730769230769229,False,367.75,1185.75
Wholesale Trade,2018Jun,801,2018-06-01,False,False,873.0,-0.08247422680412375,False,367.75,1185.75
Wholesale Trade,2018Jul,857,2018-07-01,False,False,801.0,0.06991260923845188,False,367.75,1185.75
Wholesale Trade,2018Aug,908,2018-08-01,False,False,857.0,0.05950991831971986,False,367.75,1185.75
Wholesale Trade,2018Sep,839,2018-09-01,False,False,908.0,-0.07599118942731276,False,367.75,1185.75
Wholesale Trade,2018Oct,891,2018-10-01,False,False,839.0,0.06197854588796181,False,367.75,1185.75
Wholesale Trade,2018Nov,812,2018-11-01,False,False,891.0,-0.08866442199775537,False,367.75,1185.75
Wholesale Trade,2018Dec,736,2018-12-01,False,False,812.0,-0.09359605911330049,False,367.75,1185.75
Wholesale Trade,2019Jan,896,2019-01-01,False,False,736.0,0.21739130434782616,False,367.75,1185.75
Wholesale Trade,2019Feb,665,2019-02-01,False,False,896.0,-0.2578125,False,367.75,1185.75
Wholesale Trade,2019Mar,842,2019-03-01,False,False,665.0,0.2661654135338345,False,367.75,1185.75
Wholesale Trade,2019Apr,874,2019-04-01,False,False,842.0,0.03800475059382413,False,367.75,1185.75
Wholesale Trade,2019May,834,2019-05-01,False,False,874.0,-0.04576659038901598,False,367.75,1185.75
Wholesale Trade,2019Jun,754,2019-06-01,False,False,834.0,-0.09592326139088725,False,367.75,1185.75
Wholesale Trade,2019Jul,925,2019-07-01,False,False,754.0,0.22679045092838201,False,367.75,1185.75
Wholesale Trade,2019Aug,875,2019-08-01,False,False,925.0,-0.05405405405405406,False,367.75,1185.75
Wholesale Trade,2019Sep,934,2019-09-01,False,False,875.0,0.0674285714285714,False,367.75,1185.75
Wholesale Trade,2019Oct,993,2019-10-01,False,False,934.0,0.06316916488222701,False,367.75,1185.75
Wholesale Trade,2019Nov,937,2019-11-01,False,False,993.0,-0.056394763343403875,False,367.75,1185.75
Wholesale Trade,2019Dec,891,2019-12-01,False,False,937.0,-0.04909284951974391,False,367.75,1185.75
Wholesale Trade,2020Jan,899,2020-01-01,False,False,891.0,0.008978675645342271,False,367.75,1185.75
Wholesale Trade,2020Feb,741,2020-02-01,False,False,899.0,-0.17575083426028926,False,367.75,1185.75
Wholesale Trade,2020Mar,852,2020-03-01,False,False,741.0,0.1497975708502024,False,367.75,1185.75
Wholesale Trade,2020Apr,693,2020-04-01,False,False,852.0,-0.18661971830985913,False,367.75,1185.75
Wholesale Trade,2020May,692,2020-05-01,False,False,693.0,-0.0014430014430014682,False,367.75,1185.75
Wholesale Trade,2020Jun,1043,2020-06-01,False,False,692.0,0.5072254335260116,False,367.75,1185.75
Wholesale Trade,2020Jul,1232,2020-07-01,False,False,1043.0,0.18120805369127524,True,367.75,1185.75
Wholesale Trade,2020Aug,1205,2020-08-01,False,False,1232.0,-0.021915584415584388,True,367.75,1185.75
Wholesale Trade,2020Sep,1043,2020-09-01,False,False,1205.0,-0.13443983402489623,False,367.75,1185.75
Wholesale Trade,2020Oct,990,2020-10-01,False,False,1043.0,-0.0508149568552253,False,367.75,1185.75
Wholesale Trade,2020Nov,849,2020-11-01,False,False,990.0,-0.14242424242424245,False,367.75,1185.75
Wholesale Trade,2020Dec,762,2020-12-01,False,False,849.0,-0.1024734982332155,False,367.75,1185.75
Wholesale Trade,2021Jan,777,2021-01-01,False,False,762.0,0.019685039370078705,False,367.75,1185.75
Wholesale Trade,2021Feb,599,2021-02-01,False,False,777.0,-0.2290862290862291,False,367.75,1185.75
Wholesale Trade,2021Mar,806,2021-03-01,False,False,599.0,0.345575959933222,False,367.75,1185.75
Wholesale Trade,2021Apr,712,2021-04-01,False,False,806.0,-0.11662531017369726,False,367.75,1185.75
Wholesale Trade,2021May,634,2021-05-01,False,False,712.0,-0.1095505617977528,False,367.75,1185.75
Wholesale Trade,2021Jun,682,2021-06-01,False,False,634.0,0.0757097791798107,False,367.75,1185.75
Wholesale Trade,2021Jul,722,2021-07-01,False,False,682.0,0.058651026392961825,False,367.75,1185.75
Wholesale Trade,2021Aug,675,2021-08-01,False,False,722.0,-0.0650969529085873,False,367.75,1185.75
Wholesale Trade,2021Sep,652,2021-09-01,False,False,675.0,-0.034074074074074034,False,367.75,1185.75
Wholesale Trade,2021Oct,625,2021-10-01,False,False,652.0,-0.04141104294478526,False,367.75,1185.75
Wholesale Trade,2021Nov,770,2021-11-01,False,False,625.0,0.23199999999999998,False,367.75,1185.75
Wholesale Trade,2021Dec,683,2021-12-01,False,False,770.0,-0.11298701298701297,False,367.75,1185.75
Wholesale Trade,2022Jan,691,2022-01-01,False,False,683.0,0.01171303074670571,False,367.75,1185.75
Wholesale Trade,2022Feb,578,2022-02-01,False,False,691.0,-0.16353111432706224,False,367.75,1185.75
Wholesale Trade,2022Mar,717,2022-03-01,False,False,578.0,0.24048442906574397,False,367.75,1185.75
Wholesale Trade,2022Apr,723,2022-04-01,False,False,717.0,0.008368200836819994,False,367.75,1185.75
Wholesale Trade,2022May,751,2022-05-01,False,False,723.0,0.03872752420470271,False,367.75,1185.75
Wholesale Trade,2022Jun,753,2022-06-01,False,False,751.0,0.0026631158455392434,False,367.75,1185.75
Wholesale Trade,2022Jul,808,2022-07-01,False,False,753.0,0.07304116865869847,False,367.75,1185.75
Wholesale Trade,2022Aug,912,2022-08-01,False,False,808.0,0.1287128712871286,False,367.75,1185.75
Wholesale Trade,2022Sep,855,2022-09-01,False,False,912.0,-0.0625,False,367.75,1185.75
Wholesale Trade,2022Oct,829,2022-10-01,False,False,855.0,-0.03040935672514622,False,367.75,1185.75
Wholesale Trade,2022Nov,901,2022-11-01,False,False,829.0,0.08685162846803385,False,367.75,1185.75
Wholesale Trade,2022Dec,804,2022-12-01,False,False,901.0,-0.10765815760266373,False,367.75,1185.75
Wholesale Trade,2023Jan,709,2023-01-01,False,False,804.0,-0.11815920398009949,False,367.75,1185.75
Wholesale Trade,2023Feb,821,2023-02-01,False,False,709.0,0.15796897038081803,False,367.75,1185.75
Wholesale Trade,2023Mar,1050,2023-03-01,False,False,821.0,0.27892813641900127,False,367.75,1185.75
Wholesale Trade,2023Apr,898,2023-04-01,False,False,1050.0,-0.14476190476190476,False,367.75,1185.75
Wholesale Trade,2023May,1027,2023-05-01,False,False,898.0,0.14365256124721593,False,367.75,1185.75
Wholesale Trade,2023Jun,891,2023-06-01,False,False,1027.0,-0.13242453748782868,False,367.75,1185.75
Wholesale Trade,2023Jul,1079,2023-07-01,False,False,891.0,0.21099887766554426,False,367.75,1185.75
Wholesale Trade,2023Aug,1174,2023-08-01,False,False,1079.0,0.08804448563484701,False,367.75,1185.75
Wholesale Trade,2023Sep,846,2023-09-01,False,False,1174.0,-0.27938671209540034,False,367.75,1185.75
Wholesale Trade,2023Oct,880,2023-10-01,False,False,846.0,0.04018912529550822,False,367.75,1185.75
Wholesale Trade,2023Nov,922,2023-11-01,False,False,880.0,0.04772727272727262,False,367.75,1185.75
Wholesale Trade,2023Dec,848,2023-12-01,False,False,922.0,-0.08026030368763559,False,367.75,1185.75
Wholesale Trade,2024Jan,991,2024-01-01,False,False,848.0,0.16863207547169812,False,367.75,1185.75
Wholesale Trade,2024Feb,730,2024-02-01,False,False,991.0,-0.26337033299697277,False,367.75,1185.75
Wholesale Trade,2024Mar,1032,2024-03-01,False,False,730.0,0.41369863013698627,False,367.75,1185.75
Wholesale Trade,2024Apr,1056,2024-04-01,False,False,1032.0,0.023255813953488413,False,367.75,1185.75
Wholesale Trade,2024May,1076,2024-05-01,False,False,1056.0,0.018939393939394034,False,367.75,1185.75
Wholesale Trade,2024Jun,944,2024-06-01,False,False,1076.0,-0.12267657992565051,False,367.75,1185.75
Wholesale Trade,2024Jul,1207,2024-07-01,False,False,944.0,0.2786016949152543,True,367.75,1185.75
Wholesale Trade,2024Aug,1131,2024-08-01,False,False,1207.0,-0.06296603148301572,False,367.75,1185.75
Wholesale Trade,2024Sep,956,2024-09-01,False,False,1131.0,-0.15473032714412027,False,367.75,1185.75
Wholesale Trade,2024Oct,1048,2024-10-01,False,False,956.0,0.09623430962343105,False,367.75,1185.75
Wholesale Trade,2024Nov,1008,2024-11-01,False,False,1048.0,-0.03816793893129766,False,367.75,1185.75
Wholesale Trade,2024Dec,697,2024-12-01,False,False,1008.0,-0.30853174603174605,False,367.75,1185.75
Wholesale Trade,2025Jan,1017,2025-01-01,False,False,697.0,0.45911047345767586,False,367.75,1185.75
Wholesale Trade,2025Feb,951,2025-02-01,False,False,1017.0,-0.06489675516224191,False,367.75,1185.75
Wholesale Trade,2025Mar,1017,2025-03-01,False,False,951.0,0.06940063091482651,False,367.75,1185.75
Wholesale Trade,2025Apr,1088,2025-04-01,False,False,1017.0,0.06981317600786618,False,367.75,1185.75
Wholesale Trade,2025May,1045,2025-05-01,False,False,1088.0,-0.03952205882352944,False,367.75,1185.75
Wholesale Trade,2025Jun,894,2025-06-01,False,False,1045.0,-0.14449760765550235,False,367.75,1185.75
Wholesale Trade,2025Jul,1026,2025-07-01,False,False,894.0,0.1476510067114094,False,367.75,1185.75
Wholesale Trade,2025Aug,1049,2025-08-01,False,False,1026.0,0.022417153996101336,False,367.75,1185.75
Wholesale Trade,2025Sep,1022,2025-09-01,False,False,1049.0,-0.025738798856053346,False,367.75,1185.75
Wholesale Trade,2025Oct,1003,2025-10-01,False,False,1022.0,-0.018590998043052864,False,367.75,1185.75
Wholesale Trade,2025Nov,921,2025-11-01,False,False,1003.0,-0.08175473579262216,False,367.75,1185.75
Wholesale Trade,2025Dec,1015,2025-12-01,False,False,921.0,0.10206297502714445,False,367.75,1185.75
Wholesale Trade,2026Jan,1086,2026-01-01,False,False,1015.0,0.06995073891625614,False,367.75,1185.75
Wholesale Trade,2026Feb,699,2026-02-01,False,False,1086.0,-0.35635359116022103,False,367.75,1185.75
Wholesale Trade,2026Mar,1034,2026-03-01,False,False,699.0,0.4792560801144492,False,367.75,1185.75
